hat_kodu,SHATADI,HAT_UZUNLUGU,SEFER_SURESI,oran_haziran,sefer_haziran,yolcu_haziran,oran_aralik,sefer_aralik,yolcu_aralik,ortalama_oran,ortalama_sefer,ortalama_yolcu,ortalama_yolcu_sefer,verimlilik_tier,kok_kod,supheli_kod_eslesmesi,hat_tipi_kume,hat_tipi_ad
10,Ü.EĞT.ARŞ.HASTANESİ - ATAŞEHİR / BOSTANCI,18.95674,88.01,5.211974155531727,6572,649327,4.586648922088178,7468,649327,4.899311538809952,7020.0,649327.0,92.49672364672364,ust_ceyrek,10,False,1,ana_arter
10A,ESATPAŞA - YEDİTEPE ÜNİVERSİTESİ / FERHATPAŞA,19.12179,91.05,2.8861402232629096,2248,124063,2.212838752351644,2932,124063,2.5494894878072767,2590.0,124063.0,47.9007722007722,orta_ust,10,False,0,orta_yogunluklu
10B,BOSTANCI - KADIKÖY,14.26032,67.8,1.29078286771868,430,7915,1.334222675766905,416,7915,1.3125027717427924,423.0,7915.0,18.71158392434988,alt_ceyrek,10,False,2,tali_kucuk
10E,ESATPAŞA - KADIKÖY,12.02226,57.96,3.5038091187196523,1447,60953,3.320243480541805,1527,60953,3.4120262996307287,1487.0,60953.0,40.99058507061197,orta_alt,10,False,2,tali_kucuk
10EK,ESATPAŞA / ATAŞEHİR - KOZYATAĞI METRO,10.27729,50.59,2.304242224954479,703,16648,2.092871168143409,774,16648,2.198556696548944,738.5,16648.0,22.542992552471222,alt_ceyrek,10,False,2,tali_kucuk
10G,ÜMRANİYE / ESATPAŞA -  KADIKÖY,17.34123,84.46,1.8767091171989785,90,2929,0.7642706812122537,221,2929,1.320489899205616,155.5,2929.0,18.836012861736336,alt_ceyrek,10,False,2,tali_kucuk
11,YENİDOĞAN - ALTUNİZADE METROBÜS,22.0013,104.36,2.291870397702016,1061,53500,2.069510205924969,1175,53500,2.1806903018134927,1118.0,53500.0,47.853309481216456,orta_ust,11,False,2,tali_kucuk
11A,ÖZYEĞİN ÜNİVERSİTESİ / ALEMDAĞ - ALTUNİZADE METROBÜS,29.18507,137.88,1.1022498293503544,2009,64628,0.9943511033519812,2227,64628,1.0483004663511677,2118.0,64628.0,30.51369216241737,orta_alt,11,False,3,uzun_kirsal
11BE,BURHANİYE MAHALLESİ - ÜSKÜDAR,12.08048,56.88,3.125206945419388,500,18877,2.8883613173931493,541,18877,3.0067841314062687,520.5,18877.0,36.26705091258405,orta_alt,11,False,2,tali_kucuk
11C,BURHANİYE MAHALLESİ - ÜSKÜDAR MARMARAY,7.76483,40.47,8.003118824604934,1281,79605,7.696693103843035,1332,79605,7.849905964223985,1306.5,79605.0,60.92996555683123,orta_ust,11,False,2,tali_kucuk
11CÜ,BURHANİYE MAHALLESİ - ÜMRANİYE METRO/RİNG,18.6541,45.13,1.1921459945012889,151,3358,1.161380936578675,155,3358,1.176763465539982,153.0,3358.0,21.94771241830065,alt_ceyrek,11,False,2,tali_kucuk
11D,İNKILAP MAHALLESİ - ÜMRANİYE METRO,13.29646,74.08,2.710610812141176,602,21697,2.631915659530625,620,21697,2.6712632358359008,611.0,21697.0,35.51063829787234,orta_alt,11,False,2,tali_kucuk
11E,ESATPAŞA - ÜSKÜDAR ,14.99988,71.34,1.844459200118045,174,4814,1.1143607667379858,288,4814,1.4794099834280154,231.0,4814.0,20.83982683982684,alt_ceyrek,11,False,2,tali_kucuk
11ES,ESENEVLER - ACIBADEM METROBÜS / ÜSKÜDAR,13.32469,68.44,1.5158833336226765,151,3050,1.4579514864778609,157,3050,1.486917410050269,154.0,3050.0,19.805194805194805,alt_ceyrek,11,False,2,tali_kucuk
11G,YENİDOĞAN - NECİP FAZIL METRO,13.56656,68.33,2.366194790389429,89,2857,1.5953889117019635,132,2857,1.9807918510456963,110.5,2857.0,25.855203619909503,alt_ceyrek,11,False,2,tali_kucuk
11H,ORTAÇEŞME - ÜMRANİYE,27.02414,130.15,2.8732070506702447,5197,403526,2.6041257485757345,5734,403526,2.7386663996229896,5465.5,403526.0,73.83148842740829,ust_ceyrek,11,False,1,ana_arter
11K,KAZIM KARABEKİR MAHALLESİ - ÜMRANİYE METRO,12.99102,71.0,2.5407935635539007,400,13203,2.4548730082646384,414,13203,2.4978332859092696,407.0,13203.0,32.43980343980344,orta_alt,11,False,2,tali_kucuk
11L,ESATPAŞA / BULGURLU - ÜSKÜDAR ,12.44891,58.35,2.2916782812715635,571,16290,2.138150814715789,612,16290,2.2149145479936765,591.5,16290.0,27.54015215553677,orta_alt,11,False,2,tali_kucuk
11M,EVTAŞ BLOKLARI - BULGURLU METRO,19.95297,94.88,1.2483472532719513,425,10586,1.316495242284316,403,10586,1.2824212477781336,414.0,10586.0,25.570048309178745,alt_ceyrek,11,False,2,tali_kucuk
11P,EMEK MAHALLESİ - ÜSKÜDAR ,27.14047,127.06,2.180176088235469,538,31834,2.075990682248996,565,31834,2.1280833852422325,551.5,31834.0,57.72257479601088,orta_ust,11,False,3,uzun_kirsal
11R,REŞADİYE - NECİP FAZIL METRO,17.98527,83.28,0.722410233816376,689,8952,0.6690062514777998,744,8952,0.695708242647088,716.5,8952.0,12.494068387997208,alt_ceyrek,11,False,2,tali_kucuk
11SA,UĞUR MUMCU / SAMANDIRA - YENİDOĞAN PERONLAR,16.36993,80.0,1.679402492546595,482,13251,1.0246481030474162,790,13251,1.3520252977970055,636.0,13251.0,20.83490566037736,alt_ceyrek,11,False,2,tali_kucuk
11ST,DUMLUPINAR - ÜMRANIYE METRO,13.32389,71.75,2.5298073002227173,771,25988,2.4783753856057373,787,25988,2.5040913429142275,779.0,25988.0,33.360718870346595,orta_alt,11,False,2,tali_kucuk
11T,ACARLAR SİTESİ - HAREM,22.40182,108.41,2.336015805260116,716,37469,1.5219174855015862,1099,37469,1.9289666453808512,907.5,37469.0,41.28815426997245,orta_alt,11,False,2,tali_kucuk
11Y,YAVUZTÜRK MAHALLESİ - ÜSKÜDAR,9.09333,45.33,5.826553257781311,1335,70732,5.103968897072211,1524,70732,5.465261077426761,1429.5,70732.0,49.48023784540049,orta_ust,11,False,2,tali_kucuk
11ÇB,KAVACIK / ÇAVUŞBAŞI - ÜMRANİYE,27.26182,123.85,2.6799341693113146,2221,162266,2.289282226938627,2600,162266,2.484608198124971,2410.5,162266.0,67.31632441402199,ust_ceyrek,11,False,0,orta_yogunluklu
11Ü,ESATPAŞA / ÜNALAN - ÜSKÜDAR ,14.29424,69.12,2.8950215004178,1332,55121,2.374488077928885,1624,55121,2.6347547891733427,1478.0,55121.0,37.294316644113664,orta_alt,11,False,2,tali_kucuk
11ÜS,SULTANBEYLİ - ÜSKÜDAR ,34.6414,164.34,2.7798562455404805,7098,683524,3.595375297165877,5488,683524,3.1876157713531788,6293.0,683524.0,108.6165580804068,ust_ceyrek,11,False,1,ana_arter
12,KADIKÖY - ÜSKÜDAR,5.43228,23.22,15.344484293906252,2177,181465,14.46727687649801,2309,181465,14.90588058520213,2243.0,181465.0,80.90280873829693,ust_ceyrek,12,False,0,orta_yogunluklu
121A,BEYKOZ - MECİDİYEKÖY,24.95757,124.01,2.45081381929698,3234,197812,2.395265001996505,3309,197812,2.4230394106467426,3271.5,197812.0,60.46523001681186,orta_ust,121,False,0,orta_yogunluklu
121B,KAVACIK - MECİDİYEKÖY,13.53755,65.35,5.462329229050513,1553,114839,5.341937841760358,1588,114839,5.402133535405436,1570.5,114839.0,73.12257242916269,ust_ceyrek,121,False,2,tali_kucuk
121BS,SULTANİYE / SOĞUKSU MAHALLESİ - MECİDİYEKÖY,19.8932,95.65,5.471969457798113,1455,158384,4.905554874366145,1623,158384,5.188762166082129,1539.0,158384.0,102.91358024691358,ust_ceyrek,121,False,2,tali_kucuk
122C,TEPEÜSTÜ - MECİDİYEKÖY,20.08133,97.29,3.4424636004097104,1648,113925,3.236269260396579,1753,113925,3.3393664304031447,1700.5,113925.0,66.99500147015584,ust_ceyrek,122,False,2,tali_kucuk
122D,ATATÜRK MAHALLESİ - MECİDİYEKÖY,31.95625,157.65,1.603706542694119,644,33004,1.2265879020130792,842,33004,1.4151472223535992,743.0,33004.0,44.41991924629879,orta_ust,122,False,3,uzun_kirsal
122H,S.GÖKÇEN HAVALİMANI / YENİŞEHİR - 4.LEVENT METRO,49.79393,240.65,1.3478885210841294,60,4027,0.9086888906185142,89,4027,1.1282887058513218,74.5,4027.0,54.053691275167786,orta_ust,122,False,3,uzun_kirsal
122M,ŞAHİNBEY - MECİDİYEKÖY,28.39839,139.21,1.5208629249592025,684,29542,1.3319721391448072,781,29542,1.426417532052005,732.5,29542.0,40.33037542662116,orta_alt,122,False,3,uzun_kirsal
122V,VEYSEL KARANİ - 4.LEVENT METRO,37.41343,180.58,1.1052493868795743,299,12364,0.9523618636224574,347,12364,1.0288056252510158,323.0,12364.0,38.27863777089783,orta_alt,122,False,3,uzun_kirsal
122Y,ÇEKMEKÖY - MECİDİYEKÖY ,32.40529,156.53,1.6351165300284771,221,11710,1.2723970180855404,284,11710,1.4537567740570088,252.5,11710.0,46.37623762376238,orta_ust,122,False,3,uzun_kirsal
122ÇK,ŞAHİNBEY - KAVACIK,18.36684,90.89,1.400848848613407,240,6175,0.952418480643676,353,6175,1.1766336646285414,296.5,6175.0,20.82630691399663,alt_ceyrek,122,False,2,tali_kucuk
129L,KOZYATAĞI - 4.LEVENT METRO,23.73248,116.21,0.5313393290545277,100,1261,0.2372050576136285,224,1261,0.3842721933340781,162.0,1261.0,7.783950617283951,alt_ceyrek,129,False,2,tali_kucuk
129T,BOSTANCI - TAKSİM,23.5645,107.72,1.8465573774165385,1212,52738,1.8775398837490305,1192,52738,1.8620486305827844,1202.0,52738.0,43.87520798668885,orta_ust,129,False,2,tali_kucuk
12A,KADIKÖY - ÜSKÜDAR,8.10194,35.46,6.433330420537698,7570,394567,5.7804523778599854,8425,394567,6.106891399198842,7997.5,394567.0,49.33629259143483,orta_ust,12,False,1,ana_arter
12C,ÜSKÜDAR DEVLET HASTANESİ - ÜSKÜDAR ,5.70932,28.58,8.89234283053512,507,25740,8.348921879780196,540,25740,8.620632355157658,523.5,25740.0,49.16905444126075,orta_ust,12,False,2,tali_kucuk
13,ATAŞEHİR / ÇAKMAK MAHALLESİ - KADIKÖY,23.07002,110.06,3.965451735518982,5074,464185,3.465501568381556,5806,464185,3.715476651950269,5440.0,464185.0,85.328125,ust_ceyrek,13,False,1,ana_arter
130A,DENİZ HARP OKULU - KADIKÖY ,42.42241,202.69,1.384531654178191,472,27723,2.5728304754807327,254,27723,1.9786810648294617,363.0,27723.0,76.37190082644628,ust_ceyrek,130,False,3,uzun_kirsal
130E,TUZLA / EVORA KONUTLARI - KARTAL METRO / CEVİZLİ,34.97869,169.36,1.4015406232428331,582,28532,1.1537434833484146,707,28532,1.277642053295624,644.5,28532.0,44.2699767261443,orta_ust,130,False,3,uzun_kirsal
130H,DENİZ HARP OKULU - SABİHA GÖKÇEN HAVALİMANI,35.99669,171.58,1.1752322025648196,358,15145,1.121955009381881,375,15145,1.1485936059733504,366.5,15145.0,41.32332878581173,orta_alt,130,False,3,uzun_kirsal
130T,AYDINLI TOKİ KONUTLARI - TUZLA,19.4505,90.55,1.7141245577309028,138,4601,1.1886893917932893,199,4601,1.451406974762096,168.5,4601.0,27.305637982195847,orta_alt,130,False,2,tali_kucuk
131K,YEŞİLTEPE / ŞAHİNBEY - KARTAL ,28.7475,141.77,1.882532750194642,254,13746,1.498944572255295,319,13746,1.6907386612249686,286.5,13746.0,47.97905759162304,orta_ust,131,False,3,uzun_kirsal
131SB,SULTANBEYLİ MERKEZ-SULTANBEYLİ YENİ DEVLET HAST.,18.65562,92.04,1.943137995399433,563,20409,1.214191666381666,901,20409,1.5786648308905495,732.0,20409.0,27.881147540983605,orta_alt,131,False,2,tali_kucuk
131T,ATATÜRK MAH./ TAŞDELEN - İMES/ ÜMRANİYE,22.98446,113.24,3.781575748473312,6071,527676,3.883279155781712,5912,527676,3.832427452127512,5991.5,527676.0,88.07076691980305,ust_ceyrek,131,False,1,ana_arter
131V,VEYSEL KARANİ - YAKACIK / KARTAL,24.07086,111.27,2.967386135430312,1518,108427,2.1098323904371017,2135,108427,2.538609262933707,1826.5,108427.0,59.36326307144813,orta_ust,131,False,0,orta_yogunluklu
131Y,ÇEKMEKÖY/SAMANDIRA-KARTAL  ,26.52432,130.94,3.223456812464938,2262,193401,2.6611165364217846,2740,193401,2.9422866744433613,2501.0,193401.0,77.32946821271491,ust_ceyrek,131,False,0,orta_yogunluklu
131YS,SULTANBEYLİ DEVLET HASTANESİ - YENİDOĞAN - ÜMRANİYE,24.62439,121.73,3.261077483308901,5529,443990,3.338362785635052,5401,443990,3.2997201344719764,5465.0,443990.0,81.24245196706313,ust_ceyrek,131,False,1,ana_arter
132,AKFIRAT / TEPEÖREN - KARTAL,27.85139,138.75,1.9251234263012167,933,50025,1.5510709470976125,1158,50025,1.7380971866994146,1045.5,50025.0,47.84791965566715,orta_ust,132,False,3,uzun_kirsal
132A,ÇAMLIK MAHALLESİ - KARTAL,19.10796,95.04,1.3294014058634946,1303,33099,1.1888881481401057,1457,33099,1.2591447770018005,1380.0,33099.0,23.984782608695653,alt_ceyrek,132,False,2,tali_kucuk
132B,AKFIRAT EVLERİ - KARTAL METRO,33.33402,164.79,1.1930754226462934,100,3977,1.1471879063906667,104,3977,1.17013166451848,102.0,3977.0,38.990196078431374,orta_alt,132,False,3,uzun_kirsal
132C,SULTANBEYLİ GÖLET - KARTAL,22.93152,112.42,3.6297627138336086,3708,308639,3.4634997794377305,3886,308639,3.5466312466356698,3797.0,308639.0,81.2849618119568,ust_ceyrek,132,False,0,orta_yogunluklu
132D,KURTDOĞMUŞ / BALLICA - KARTAL,38.34678,188.26,1.1951058221573323,513,23510,1.108660554731847,553,23510,1.1518831884445897,533.0,23510.0,44.10881801125704,orta_ust,132,False,3,uzun_kirsal
132E,EMİRLİ / KURNAKÖY - KARTAL,28.33698,141.42,1.4970689817017708,232,9842,1.3728063389518217,253,9842,1.4349376603267965,242.5,9842.0,40.58556701030928,orta_alt,132,False,3,uzun_kirsal
132F,ESENLER - TAVŞANTEPE METRO/ KARTAL,15.23607,74.86,2.3394356490705617,904,32222,1.9366756655309407,1092,32222,2.138055657300751,998.0,32222.0,32.28657314629258,orta_alt,132,False,2,tali_kucuk
132G,GÖZDAĞI - PENDİK YHT/PENDİK,8.80829,44.62,1.8653226710636264,165,2711,1.2718109120888363,242,2711,1.5685667915762314,203.5,2711.0,13.32186732186732,alt_ceyrek,132,False,2,tali_kucuk
132H,PENDİK/PENDİK YHT - SABİHA GÖKÇEN HAVALİMANI,17.38548,83.83,2.592782223181481,482,21727,2.504450965077102,499,21727,2.5486165941292915,490.5,21727.0,44.29561671763506,orta_ust,132,False,2,tali_kucuk
132K,YENİŞEHİR - KARTAL,25.94326,128.08,1.8617530973230385,1807,87278,1.6386691898990406,2053,87278,1.7502111436110397,1930.0,87278.0,45.221761658031085,orta_ust,132,False,0,orta_yogunluklu
132M,SULTANBEYLİ MİMARSİNAN - KARTAL METRO / CEVİZLİ,29.66596,138.73,3.029255939445872,7339,659525,2.594737317879699,8568,659525,2.811996628662785,7953.5,659525.0,82.92261268623876,ust_ceyrek,132,False,1,ana_arter
132N,ÖZYEĞİN ÜNİ./NİŞANTEPE/BÜYÜKBAKKALKÖY-KARTAL,34.52099,168.82,1.3760817318305096,135,6413,1.355992947424225,137,6413,1.3660373396273673,136.0,6413.0,47.15441176470589,orta_ust,132,False,3,uzun_kirsal
132P,VEYSEL KARANİ / SULTANBEYLİ - KARTAL,29.51041,148.58,3.4988264074203577,4440,458438,3.116306770099577,4985,458438,3.3075665887599675,4712.5,458438.0,97.28127320954908,ust_ceyrek,132,False,1,ana_arter
132S,YENİDOĞAN - KARTAL ,24.31684,119.88,3.229935958198831,4924,386740,3.079822745579211,5164,386740,3.154879351889021,5044.0,386740.0,76.67327517842982,ust_ceyrek,132,False,1,ana_arter
132SB,SULTANBEYLİ DEVLET HAST.- MARMARA ÜNİV. BAŞIBÜYÜK KAMPÜSÜ,27.86634,132.56,2.505750197425343,368,25696,1.86663172601726,494,25696,2.1861909617213016,431.0,25696.0,59.619489559164734,orta_ust,132,False,3,uzun_kirsal
132T,TEPEÖREN - KARTAL METRO,22.94168,108.15,1.6267989534418918,986,36799,1.4688862345180451,1092,36799,1.5478425939799685,1039.0,36799.0,35.4177093358999,orta_alt,132,False,2,tali_kucuk
132Y,HİLAL KONUTLARI / YAYALAR - KARTAL METRO,15.84608,74.85,1.6050236609516886,270,6867,1.309233801984761,331,6867,1.4571287314682246,300.5,6867.0,22.85191347753744,alt_ceyrek,132,False,2,tali_kucuk
132YB,YENİDOĞAN - MARMARA ÜNİVERSİTESİ BAŞIBÜYÜK KAMPÜSÜ,25.35984,127.02,1.4118731840887202,369,13212,1.2800521005620091,407,13212,1.3459626423253646,388.0,13212.0,34.05154639175258,orta_alt,132,False,2,tali_kucuk
132YM,YEŞİLTEPE-MARMARA EĞİTİM KÖYÜ,25.17087,121.66,2.0583317143984297,100,5181,1.1499059856974467,179,5181,1.6041188500479382,139.5,5181.0,37.13978494623656,orta_alt,132,False,2,tali_kucuk
132Z,SULTANBEYLİ UZUNDERE - KARTAL,25.07273,119.85,2.2672718940156216,1135,64521,2.263283728854644,1137,64521,2.2652778114351326,1136.0,64521.0,56.79665492957746,orta_ust,132,False,2,tali_kucuk
132ÇK,ÇEKMEKÖY - KARTAL ,34.35331,164.83,2.0505051879585663,317,22330,2.0000312141011247,325,22330,2.0252682010298457,321.0,22330.0,69.56386292834891,ust_ceyrek,132,False,3,uzun_kirsal
133A,AYDINLI BAHÇELER - KARTAL,23.23764,113.43,1.916596955742693,242,10778,1.6104738308671238,288,10778,1.7635353933049085,265.0,10778.0,40.67169811320755,orta_alt,133,False,2,tali_kucuk
133AK,TEPEÖREN - KARTAL,24.39675,117.8,1.827979327662324,4129,184140,1.720475642561599,4387,184140,1.7742274851119617,4258.0,184140.0,43.245655237200566,orta_ust,133,False,0,orta_yogunluklu
133F,ACARLAR SİTESİ - MALTEPE / CEVİZLİ PERONLAR,21.29093,104.18,3.734324247246545,2833,225244,3.129982423801616,3380,225244,3.4321533355240805,3106.5,225244.0,72.5073233542572,ust_ceyrek,133,False,0,orta_yogunluklu
133G,GÜLENSU MAHALLESİ - KARTAL,14.51674,71.77,2.0447657899317155,120,3562,1.3941584931352606,176,3562,1.719462141533488,148.0,3562.0,24.06756756756757,alt_ceyrek,133,False,2,tali_kucuk
133GP,GÖÇBEYLİ - KARTAL,37.49469,184.38,1.0391443573256771,718,27975,1.1069816744211218,674,27975,1.0730630158733994,696.0,27975.0,40.19396551724138,orta_alt,133,False,3,uzun_kirsal
133K,KURTKÖY SANAYİ MAHALLESİ / KAVAKPINAR - KARTAL,21.4981,103.5,2.440749096154745,1805,94711,2.300549409169355,1915,94711,2.3706492526620497,1860.0,94711.0,50.91989247311828,orta_ust,133,False,0,orta_yogunluklu
133KT,AYDINLI TOKİ KONUTLARI - KARTAL,19.16498,93.78,3.1416117450328427,4638,279249,2.841418735074557,5128,279249,2.9915152400537,4883.0,279249.0,57.187999180831454,orta_ust,133,False,1,ana_arter
133M,TUZLA ORGANİZE SANAYİ - KAFKALE TUZLA SAHİL,29.47597,141.34,1.015251810708642,376,11252,0.9425547674727148,405,11252,0.9789032890906784,390.5,11252.0,28.814340588988475,orta_alt,133,False,3,uzun_kirsal
133N,MALTEPE ÜNİVERSİTESİ - MALTEPE METRO / KARTAL,19.39278,92.98,1.6374956970473842,581,18450,1.2469003931645222,763,18450,1.442198045105953,672.0,18450.0,27.455357142857142,orta_alt,133,False,2,tali_kucuk
133P,TEPEÖREN - TUZLA,22.56127,106.23,1.8229494136384568,4748,195276,1.735585284931902,4987,195276,1.7792673492851794,4867.5,195276.0,40.11833590138675,orta_alt,133,False,1,ana_arter
133T,DENİZ HARP OKULU-MALTEPE PERONLAR,30.23881,143.82,1.0995536667814625,931,30955,1.2669362175415115,808,30955,1.183244942161487,869.5,30955.0,35.60092006900518,orta_alt,133,False,3,uzun_kirsal
133TM,AYDINLI TOKİ/MİMARSİNAN MAHALLESİ - TUZLA,25.91128,129.51,1.2714577604508803,510,16802,0.8249916766284338,786,16802,1.048224718539657,648.0,16802.0,25.929012345679013,alt_ceyrek,133,False,3,uzun_kirsal
133Ü,GAZİ BULVARI/ ORHANLI - PENDİK METRO/YHT/PENDİK,34.43584,165.21,0.3097547981018226,150,1600,0.2111964532512426,220,1600,0.2604756256765326,185.0,1600.0,8.64864864864865,alt_ceyrek,133,False,3,uzun_kirsal
134,VIAPORT / HİLAL KONUTLARI - KARTAL,22.04249,104.32,1.7296283594126036,1979,75450,1.6145917562629917,2120,75450,1.6721100578377976,2049.5,75450.0,36.813857038302025,orta_alt,134,False,0,orta_yogunluklu
134CK,ŞEYHLİ MEZARLIK/CEZAEVİ - KARTAL,13.6758,67.86,1.5837666934359245,857,18562,1.493166178519898,909,18562,1.5384664359779112,883.0,18562.0,21.021517553793885,alt_ceyrek,134,False,2,tali_kucuk
134GK,UĞUR MUMCU/ GÜMÜŞPINAR - KARTAL,10.7124,51.12,2.8695989005391804,412,12665,2.398123219111851,493,12665,2.633861059825516,452.5,12665.0,27.98895027624309,orta_alt,134,False,2,tali_kucuk
134UK,UĞUR MUMCU - KARTAL,15.75805,75.69,1.2695130745904792,198,3961,0.7100666349404375,354,3961,0.9897898547654584,276.0,3961.0,14.351449275362318,alt_ceyrek,134,False,2,tali_kucuk
134YK,UĞUR MUMCU - YAKACIK - KARTAL,16.89147,81.61,2.9595099339296977,3254,162669,2.566696515193826,3752,162669,2.763103224561762,3503.0,162669.0,46.43705395375392,orta_ust,134,False,0,orta_yogunluklu
135,POYRAZKÖY - SULTANİYE,16.61317,80.05,1.1449760640125803,1522,28951,1.4065000560348244,1239,28951,1.2757380600237025,1380.5,28951.0,20.97138717855849,alt_ceyrek,135,False,2,tali_kucuk
135A,ACARKENT / GÖRELE MAHALLESİ - KAVACIK,23.68776,121.57,0.8221399734664732,434,8452,0.5349456499017231,667,8452,0.6785428116840981,550.5,8452.0,15.353315168029065,alt_ceyrek,135,False,2,tali_kucuk
135G,TOKATKÖY - ÇAVUŞBAŞI,24.85643,120.83,1.4670835135353844,641,23375,1.4098958503391026,667,23375,1.4384896819372437,654.0,23375.0,35.74159021406728,orta_alt,135,False,2,tali_kucuk
135K,KARLITEPE - ORTAÇEŞME,13.42506,66.89,2.639428260180639,870,30828,2.517875642935478,912,30828,2.5786519515580584,891.0,30828.0,34.5993265993266,orta_alt,135,False,2,tali_kucuk
135T,ARKBOYU - TOKATKÖY,16.89123,82.16,2.5396522019039227,186,7979,1.711504744761339,276,7979,2.125578473332631,231.0,7979.0,34.54112554112554,orta_alt,135,False,2,tali_kucuk
136,DEĞİRMENDERE - SULTANİYE,28.25786,134.43,1.3101282654676611,1914,70859,1.1652348978183569,2152,70859,1.2376815816430091,2033.0,70859.0,34.854402361042794,orta_alt,136,False,3,uzun_kirsal
136B,TÜRK ALMAN ÜNİVERSİTESİ - KAVACIK/HEKİMBAŞI,21.44864,102.33,3.5236311173806154,3126,236254,3.175229424310119,3469,236254,3.349430270845368,3297.5,236254.0,71.64639878695982,ust_ceyrek,136,False,0,orta_yogunluklu
136R,RİVA - KAVACIK ,28.7595,146.31,0.7611728742190264,431,9435,0.6509236285484133,504,9435,0.7060482513837198,467.5,9435.0,20.181818181818183,alt_ceyrek,136,False,3,uzun_kirsal
136Z,ALİ BAHADIR / ZERZEVAT - SULTANİYE,21.90099,105.95,0.7619780381843657,654,10914,0.7382720547741854,675,10914,0.7501250464792756,664.5,10914.0,16.424379232505643,alt_ceyrek,136,False,2,tali_kucuk
137,CUMHURİYET KÖYÜ / RİVA - BEYKOZ / SULTANİYE,55.18928,264.25,0.5891047700374489,1671,54328,0.7757242480162151,1269,54328,0.682414509026832,1470.0,54328.0,36.9578231292517,orta_alt,137,False,3,uzun_kirsal
138,CUMHURİYET KÖYÜ / ÖMERLİ - ÜMRANİYE,42.58503,207.72,0.9474076107520508,747,30138,0.8769683831868427,807,30138,0.9121879969694467,777.0,30138.0,38.78764478764479,orta_alt,138,False,3,uzun_kirsal
138B,GÖLLÜ/ÖMERLİ-ÜMRANİYE,50.70785,247.7,0.7681131637134604,395,15385,0.6553017271421531,463,15385,0.7117074454278067,429.0,15385.0,35.862470862470865,orta_alt,138,False,3,uzun_kirsal
139,ÜSKÜDAR - ŞİLE,67.37116,324.5,0.2094043907154084,371,5234,0.2238876915141686,347,5234,0.2166460411147885,359.0,5234.0,14.579387186629528,alt_ceyrek,139,False,3,uzun_kirsal
139A,ÜSKÜDAR - ŞİLE / AĞVA,99.80841,481.87,0.2555668430577569,1101,28084,0.452377964962364,622,28084,0.3539724040100604,861.5,28084.0,32.598955310504934,orta_alt,139,False,3,uzun_kirsal
139D,NECİP FAZIL METRO-DARLIK,53.63032,260.15,0.4770241841043575,223,5705,0.4706920046693438,226,5705,0.4738580943868506,224.5,5705.0,25.412026726057903,alt_ceyrek,139,False,3,uzun_kirsal
139S,NECİP FAZIL METRO-SOFULAR KÖYÜ,56.28354,271.42,0.780912708148237,316,13889,0.9990624120438982,247,13889,0.8899875600960676,281.5,13889.0,49.3392539964476,orta_ust,139,False,3,uzun_kirsal
139T,TEPEÜSTÜ - ŞİLE,57.44233,279.37,0.6756681310522391,1824,70793,0.9129027192883586,1350,70793,0.7942854251702989,1587.0,70793.0,44.60806553245117,orta_ust,139,False,3,uzun_kirsal
13AB,KISIKLI - ATAŞEHİR / BOSTANCI,18.59058,91.31,3.0528417274047253,61,3462,2.11617437922373,88,3462,2.584508053314228,74.5,3462.0,46.46979865771812,orta_ust,13,False,2,tali_kucuk
13B,YENİŞEHİR - KADIKÖY,17.05409,84.85,2.645803182768336,657,29645,2.5047445116409177,694,29645,2.5752738472046266,675.5,29645.0,43.8860103626943,orta_ust,13,False,2,tali_kucuk
13FY,BATI ATAŞEHİR / FİNANS MERKEZİ - MEVLANA METRO / FERHATPAŞA,11.91341,55.69,2.857211363898548,690,23487,2.7534578786173163,716,23487,2.8053346212579324,703.0,23487.0,33.40967283072546,orta_alt,13,False,2,tali_kucuk
13H,EVTAŞ BLOKLARI - ÜMRANİYE METRO / Ü.EĞT.ARŞ.HASTANESİ ,10.42567,55.1,4.089798438746755,684,29165,3.5365640102437177,791,29165,3.8131812244952368,737.5,29165.0,39.545762711864406,orta_alt,13,False,2,tali_kucuk
13M,ŞERİFALİ - ÜSKÜDAR,22.28763,99.16,1.1990240440692506,846,22608,1.0033376273813903,1011,22608,1.1011808357253203,928.5,22608.0,24.348949919224555,alt_ceyrek,13,False,2,tali_kucuk
13Y,ÇAKMAK MAHALLESİ / YENİSAHRA - KADIKÖY,21.56853,98.6,1.5827762900270366,152,5189,1.088606317122668,221,5189,1.3356913035748523,186.5,5189.0,27.823056300268096,orta_alt,13,False,2,tali_kucuk
14,YENİDOĞAN/ ÜMRANİYE - KADIKÖY,27.73754,133.48,3.237837159700909,2926,262783,3.175967659834013,2983,262783,3.206902409767461,2954.5,262783.0,88.94330682010492,ust_ceyrek,14,False,0,orta_yogunluklu
141A,K.S.S. HASTANESİ- MEHMET AKİF ERSOY CAD,23.0725,118.49,1.0820962906779354,120,2996,0.7377929254622287,176,2996,0.9099446080700822,148.0,2996.0,20.24324324324324,alt_ceyrek,141,False,2,tali_kucuk
141K,K.S.S. HASTANESİ - MAHMUTBEY METRO,16.69936,85.06,0.5882445956417907,798,7839,0.5334308946842601,880,7839,0.5608377451630253,839.0,7839.0,9.34326579261025,alt_ceyrek,141,False,2,tali_kucuk
141M,K.S.S. HASTANESİ - MECİDİYEKÖY,32.99539,158.84,2.039315766311031,3781,254416,2.1306031811058324,3619,254416,2.084959473708432,3700.0,254416.0,68.76108108108109,ust_ceyrek,141,False,3,uzun_kirsal
142,BOĞAZKÖY - AVCILAR METROBÜS,18.32667,87.88,2.6552484612570826,5273,256594,2.533223292239659,5527,256594,2.594235876748371,5400.0,256594.0,47.51740740740741,orta_ust,142,False,1,ana_arter
142A,BOĞAZKÖY - AVCILAR METROBÜS,23.4142,106.12,1.6945862319609877,840,33329,1.0654584093167885,1336,33329,1.3800223206388882,1088.0,33329.0,30.63327205882353,orta_alt,142,False,2,tali_kucuk
142B,K.S.S. HASTANESİ - BÜYÜKÇEKMECE,32.35712,158.24,2.6562319446515525,4309,370350,2.181380493520781,5247,370350,2.418806219086167,4778.0,370350.0,77.51151109250732,ust_ceyrek,142,False,1,ana_arter
142E,ESENYURT KİPTAŞ 4. ETAP - AKSARAY,35.2725,177.64,1.4507806895032558,139,7113,1.114135446635097,181,7113,1.2824580680691764,160.0,7113.0,44.45625,orta_ust,142,False,3,uzun_kirsal
142ES,İ.Ü.CERRAHPAŞA KAMPÜS - AVCILAR METROBÜS,27.39884,125.49,1.4668730600388438,661,26566,1.0713846328018517,905,26566,1.2691288464203478,783.0,26566.0,33.92848020434227,orta_alt,142,False,3,uzun_kirsal
142F,YEŞİLKENT - AVCILAR METROBÜS,10.69199,51.69,3.661823212137632,6683,261654,2.8229281954914973,8669,261654,3.242375703814565,7676.0,261654.0,34.0872850442939,orta_alt,142,False,1,ana_arter
142K,ESENYURT KİPTAŞ 4.ETAP - AVCILAR METROBÜS,7.74541,37.14,3.628640670347119,1130,31759,2.8774483912226274,1425,31759,3.253044530784873,1277.5,31759.0,24.86027397260274,alt_ceyrek,142,False,2,tali_kucuk
142T,TÜYAP METROBÜS-K.S.S HASTANESİ,20.75587,100.24,2.629566834270067,570,31110,1.3147834171350334,1140,31110,1.9721751257025504,855.0,31110.0,36.3859649122807,orta_alt,142,False,2,tali_kucuk
143,KÜÇÜKÇEKMECE - İSTOÇ,24.41106,114.15,2.557990305131656,467,29161,2.000973990781379,597,29161,2.279482147956517,532.0,29161.0,54.81390977443609,orta_ust,143,False,2,tali_kucuk
144,BOĞAZKÖY/BAHÇEKENT-HARAMİDERE,22.74218,114.86,1.8698975843677024,274,11652,1.4765185536505776,347,11652,1.67320806900914,310.5,11652.0,37.52657004830918,orta_alt,144,False,2,tali_kucuk
144A,DELİKLİKAYA - AVCILAR METROBÜS,23.60666,113.87,2.727158008335792,1894,121934,2.6073888277576924,1981,121934,2.667273418046742,1937.5,121934.0,62.93367741935484,orta_ust,144,False,0,orta_yogunluklu
144B,DELİKLİKAYA - YEŞİLBAYIR KÖYÜ - SU ÜRÜNLERİ HALİ,33.74655,161.93,1.1864298629620844,211,8448,0.5918125321158388,423,8448,0.8891211975389617,317.0,8448.0,26.649842271293377,alt_ceyrek,144,False,3,uzun_kirsal
144M,DELİKLİKAYA-MAHMUTBEY METRO,29.61661,155.32,1.193998786819791,947,33488,1.096718575284522,1031,33488,1.1453586810521563,989.0,33488.0,33.86046511627907,orta_alt,144,False,3,uzun_kirsal
145,İHLAS MARMARA EVLERİ - KÜÇÜKÇEKMECE MARMARAY,20.24529,101.32,1.5335042493594364,1276,39615,0.7252599785702895,2698,39615,1.129382113964863,1987.0,39615.0,19.93709109209864,alt_ceyrek,145,False,0,orta_yogunluklu
145M,BEYKENT - TAKSİM,46.14973,227.2,0.0115565862104357,15,8,0.0078794905980243,22,8,0.00971803840423,18.5,8.0,0.4324324324324324,alt_ceyrek,145,False,3,uzun_kirsal
145T,BEYLİKDÜZÜ - TAKSİM,46.22881,225.46,0.8262172324758102,887,33879,0.8642154306675041,848,33879,0.8452163315716572,867.5,33879.0,39.05360230547551,orta_alt,145,False,3,uzun_kirsal
146,BOĞAZKÖY / BAHÇEŞEHİR - BAKIRKÖY,33.53889,162.31,3.1959616943054763,4021,431007,2.986512194469514,4303,431007,3.091236944387495,4162.0,431007.0,103.55766458433446,ust_ceyrek,146,False,1,ana_arter
146A,ESENKENT - BİRLİK MAHALLESİ,24.74459,118.06,2.603397348672983,300,19326,3.5500872936449763,220,19326,3.07674232115898,260.0,19326.0,74.33076923076923,ust_ceyrek,146,False,2,tali_kucuk
146B,METROKENT-EMİNÖNÜ,32.34193,147.15,3.2125320653247096,975,101302,3.085929816444918,1015,101302,3.149230940884814,995.0,101302.0,101.81105527638192,ust_ceyrek,146,False,3,uzun_kirsal
146F,ŞEHİR HASTANESİ/ ESENKENT - ESENYURT DEVLET HASTANESİ,25.39198,131.1,1.4840047204596956,418,15751,0.9484923136883068,654,15751,1.2162485170740012,536.0,15751.0,29.386194029850746,orta_alt,146,False,2,tali_kucuk
146M,METROKENT - MECİDİYEKÖY,32.8948,154.9,1.336654171212644,1128,49597,1.261712054500303,1195,49597,1.2991831128564737,1161.5,49597.0,42.70081790787774,orta_ust,146,False,3,uzun_kirsal
146T,BOĞAZKÖY / BAHÇEŞEHİR - YENİKAPI,37.76646,182.82,2.035527547105929,5298,407282,2.132534100171488,5057,407282,2.0840308236387086,5177.5,407282.0,78.66383389666828,ust_ceyrek,146,False,1,ana_arter
147,ŞAHİNTEPE İGTOT - AVCILAR CİHANGİR MAHALLESİ,27.64527,136.77,3.4171934987685475,5006,472913,3.1267539124173545,5471,472913,3.271973705592951,5238.5,472913.0,90.27641500429512,ust_ceyrek,147,False,1,ana_arter
14A,ÖZYEĞİN ÜNİVERSİTESİ / ALEMDAĞ - KADIKÖY,33.02227,157.4,3.256316323742433,3198,343884,3.078244044731983,3383,343884,3.167280184237208,3290.5,343884.0,104.50812946360736,ust_ceyrek,14,False,3,uzun_kirsal
14AK,ÖZYEĞİN ÜNİ. / ALEMDAĞ - ZİVERBEY / KADIKÖY,31.93957,154.76,2.276877259780111,645,46906,1.8519367371477573,793,46906,2.064406998463934,719.0,46906.0,65.23783031988873,ust_ceyrek,14,False,3,uzun_kirsal
14B,ADEM YAVUZ MAHALLESİ - KADIKÖY,20.70812,99.06,4.712960701401498,5981,583725,4.835028808761981,5830,583725,4.773994755081739,5905.5,583725.0,98.84429768859538,ust_ceyrek,14,False,1,ana_arter
14BK,ÇEKMEKÖY/PARSELLER MAH-KADIKÖY ,21.33252,103.12,2.6446456447659807,6334,357345,2.609625411115084,6419,357345,2.627135527940532,6376.5,357345.0,56.0409315455187,orta_ust,14,False,1,ana_arter
14C,ÜSKÜDAR DEVLET HASTANESİ - KADIKÖY,5.42093,28.77,3.913368963759019,766,16250,2.527521607284493,1186,16250,3.220445285521756,976.0,16250.0,16.649590163934427,alt_ceyrek,14,False,2,tali_kucuk
14CE,ÇEKMEKÖY - KADIKÖY ,26.05625,125.1,2.931702089194584,203,15507,2.095547620093311,284,15507,2.513624854643948,243.5,15507.0,63.68377823408624,ust_ceyrek,14,False,3,uzun_kirsal
14D,DUMLUPINAR / KAZIMKARABEKİR - KADIKÖY,16.3056,78.86,1.9490875152412683,749,23804,1.6799384912723938,869,23804,1.814513003256831,809.0,23804.0,29.42398022249691,orta_alt,14,False,2,tali_kucuk
14DK,İNKILAP MAHALLESİ - LİBADİYE CADDESİ / KADIKÖY,16.3815,82.1,4.122289804294045,2424,163691,3.965250192701892,2520,163691,4.043769998497968,2472.0,163691.0,66.21804207119742,ust_ceyrek,14,False,0,orta_yogunluklu
14ES,ESENŞEHİR - KADIKÖY,26.29094,126.22,3.479347858429126,4681,428196,3.42736265263189,4752,428196,3.453355255530508,4716.5,428196.0,90.78681225485,ust_ceyrek,14,False,1,ana_arter
14F,KÜPLÜCE - KADIKÖY,12.12703,57.83,4.574193018612487,2987,165693,4.447628433136555,3072,165693,4.5109107258745205,3029.5,165693.0,54.693183693678826,orta_ust,14,False,0,orta_yogunluklu
14K,KAZIM KARABEKİR - KADIKÖY,12.58821,62.37,2.4967212091151545,841,26432,2.438725362213525,861,26432,2.46772328566434,851.0,26432.0,31.059929494712105,orta_alt,14,False,2,tali_kucuk
14KS,SULTANBEYLİ GÖLET - KOZYATAĞI METRO,27.4759,127.66,3.235958676264155,3512,312255,3.009715802711788,3776,312255,3.1228372394879718,3644.0,312255.0,85.69017563117454,ust_ceyrek,14,False,0,orta_yogunluklu
14M,KAVACIK YENİ CAMİ - KADIKÖY,20.30894,103.64,4.238445400564152,2400,206588,4.090176502353826,2487,206588,4.164310951458988,2443.5,206588.0,84.54593820339677,ust_ceyrek,14,False,0,orta_yogunluklu
14R,RASATHANE - KADIKÖY,16.18276,78.62,4.601775398352308,6787,505424,4.9433760095943535,6318,505424,4.772575703973331,6552.5,505424.0,77.13452880579932,ust_ceyrek,14,False,1,ana_arter
14S,SULTANBEYLİ - KOZYATAĞI METRO,28.66523,136.5,2.392182214187451,697,47795,1.6893120600695573,987,47795,2.040747137128504,842.0,47795.0,56.763657957244654,orta_ust,14,False,3,uzun_kirsal
14T,ATATÜRK MAH./ TAŞDELEN - KOZYATAĞI METRO ,25.50673,118.04,2.524280400265396,303,19509,2.26960522635138,337,19509,2.396942813308388,320.0,19509.0,60.965625,orta_ust,14,False,2,tali_kucuk
14TM,TEPEÜSTÜ-MALTEPE METRO/CEVİZLİ PERONLAR,23.47525,112.71,1.2341644216398269,289,8373,1.1542832293006795,309,8373,1.194223825470253,299.0,8373.0,28.00334448160535,orta_alt,14,False,2,tali_kucuk
14Y,YAVUZTÜRK MAHALLESİ - KADIKÖY,11.26417,55.12,3.774999009720896,2654,112854,3.712059048462117,2699,112854,3.743529029091506,2676.5,112854.0,42.16476742013824,orta_alt,14,False,0,orta_yogunluklu
14YE,YAVUZTÜRK MAHALLESİ / ÜMRANİYE - EMEK MAHALLESİ,17.92761,88.53,2.966838798505034,377,20052,2.631760534203289,425,20052,2.7992996663541616,401.0,20052.0,50.00498753117207,orta_ust,14,False,2,tali_kucuk
14YK,YENİDOĞAN / ŞİLE YOLU - AYRILIK ÇEŞMESİ,29.57051,139.48,1.917243819975388,1029,58338,1.868223381396472,1056,58338,1.89273360068593,1042.5,58338.0,55.95971223021583,orta_ust,14,False,3,uzun_kirsal
14ÇK,ŞAHİNBEY - KADIKÖY,23.34397,113.9,3.052843700393717,1759,125356,2.795394101505752,1921,125356,2.9241189009497344,1840.0,125356.0,68.12826086956522,ust_ceyrek,14,False,0,orta_yogunluklu
15,BEYKOZ - ÜSKÜDAR,20.71267,101.89,3.4983058731980607,3571,258752,4.463183377345579,2799,258752,3.98074462527182,3185.0,258752.0,81.2408163265306,ust_ceyrek,15,False,0,orta_yogunluklu
150,HACIOSMAN METRO - RUMELİFENERİ,21.09266,103.26,2.4443362741747383,2780,143330,2.397761059352778,2834,143330,2.421048666763758,2807.0,143330.0,51.06163163519772,orta_ust,150,False,0,orta_yogunluklu
151,HACIOSMAN METRO - KİLYOS / DEMİRCİKÖY,19.71286,96.72,2.638922254528252,4057,211048,2.649370845489017,4041,211048,2.6441465500086343,4049.0,211048.0,52.12348728081008,orta_ust,151,False,0,orta_yogunluklu
152,HACIOSMAN METRO - ZEKERİYAKÖY / KISIRKAYA,23.65589,115.52,2.396651654051861,4022,228027,2.620095937101545,3679,228027,2.508373795576703,3850.5,228027.0,59.22010128554733,orta_ust,152,False,0,orta_yogunluklu
153,BAHÇEKÖY - SARIYER,9.63371,45.24,3.47915170781618,671,22490,1.9834416278204388,1177,22490,2.731296667818309,924.0,22490.0,24.33982683982684,alt_ceyrek,153,False,2,tali_kucuk
154,HACIOSMAN METRO - KOÇ ÜNİVERSİTESİ,13.12944,64.32,2.129662762561043,594,16609,2.101361596281162,602,16609,2.1155121794211027,598.0,16609.0,27.7742474916388,orta_alt,154,False,2,tali_kucuk
15A,ANADOLUKAVAĞI - KAVACIK,20.11117,106.03,2.312373032646925,1988,92451,3.631119738469264,1266,92451,2.9717463855580943,1627.0,92451.0,56.82298709280885,orta_ust,15,False,2,tali_kucuk
15B,TOPAĞACI MAHALLESİ / GÜZELTEPE - ÜSKÜDAR,13.43832,66.62,6.893640743503883,7240,670706,6.426726626702049,7766,670706,6.660183685102966,7503.0,670706.0,89.3917099826736,ust_ceyrek,15,False,1,ana_arter
15BK,DERESEKİ / BEYKOZ - KADIKÖY,35.06162,173.04,2.578245852322112,6023,544464,2.436650677630014,6373,544464,2.507448264976063,6198.0,544464.0,87.84511132623427,ust_ceyrek,15,False,1,ana_arter
15C,BÜYÜK ÇAMLICA CAMİİ/FERAH MAHALLESİ - ÜSKÜDAR,9.6859,43.1,6.774802355954003,3440,225733,6.308965918917643,3694,225733,6.541884137435823,3567.0,225733.0,63.28371180263527,orta_ust,15,False,0,orta_yogunluklu
15CA,BÜYÜK ÇAMLICA CAMİİ / BULGURLU METRO - GÖZTEPE KÖPRÜSÜ,5.54094,25.3,6.01894051104941,425,14174,5.396729361172994,474,14174,5.707834936111202,449.5,14174.0,31.53281423804227,orta_alt,15,False,2,tali_kucuk
15D,ANADOLUFENERİ /KAYNARCA / DERESEKİ - SULTANİYE,17.84286,84.76,1.4638160183656082,1677,43801,1.594038612207224,1540,43801,1.528927315286416,1608.5,43801.0,27.23096052222568,alt_ceyrek,15,False,2,tali_kucuk
15E,TEKKE MEVKİİ - ÜSKÜDAR,16.42425,81.9,3.121238412712909,500,25632,3.012778390649526,518,25632,3.0670084016812176,509.0,25632.0,50.357563850687626,orta_ust,15,False,2,tali_kucuk
15F,BEYKOZ - KADIKÖY,27.16988,134.62,3.525781691277527,1986,190249,2.888697375774409,2424,190249,3.207239533525968,2205.0,190249.0,86.28072562358277,ust_ceyrek,15,False,0,orta_yogunluklu
15H,HEKİMBAŞI - ÜSKÜDAR,13.15177,63.04,3.659090585264285,1012,48701,3.560576607968708,1040,48701,3.6098335966164967,1026.0,48701.0,47.46686159844055,orta_ust,15,False,2,tali_kucuk
15K,KİRAZLITEPE - ÜSKÜDAR,6.4585,31.28,7.773213823175125,1151,57784,6.783145648578141,1319,57784,7.278179735876632,1235.0,57784.0,46.788663967611335,orta_ust,15,False,2,tali_kucuk
15KÇ,KARANLIKDERE / ÇAVUŞBAŞI - ÜSKÜDAR,28.21961,134.77,1.781965595341296,1299,65322,1.6451835880229877,1407,65322,1.713574591682142,1353.0,65322.0,48.27937915742794,orta_ust,15,False,3,uzun_kirsal
15M,KAVACIK YENİ CAMİ - ÜSKÜDAR,15.19717,76.86,3.220288465224824,741,36264,3.0053321822816046,794,36264,3.112810323753214,767.5,36264.0,47.24951140065146,orta_ust,15,False,2,tali_kucuk
15N,ARKBOYU - ÜSKÜDAR,12.54204,60.07,2.745899543936932,929,31994,2.6434618407434294,965,31994,2.6946806923401807,947.0,31994.0,33.78458289334741,orta_alt,15,False,2,tali_kucuk
15P,SOĞUKSU MAHALLESİ - ÜSKÜDAR,20.43668,100.36,2.765671067609481,1798,101625,2.3589547341374986,2108,101625,2.56231290087349,1953.0,101625.0,52.03533026113672,orta_ust,15,False,0,orta_yogunluklu
15R,RASATHANE - ÜSKÜDAR,9.5179,46.44,5.602995795299226,1019,54342,5.143651094963885,1110,54342,5.373323445131556,1064.5,54342.0,51.04931892907468,orta_ust,15,False,2,tali_kucuk
15S,SULTANMURAT - ÜSKÜDAR,8.28023,40.37,7.299012225505814,992,59954,7.016104774904813,1032,59954,7.1575585002053135,1012.0,59954.0,59.24308300395257,orta_ust,15,False,2,tali_kucuk
15SD,ORTAÇEŞME/SULTANİYE-DUDULLU İMES,26.42463,129.35,2.3051753419223084,1201,73157,2.0706922854515275,1337,73157,2.187933813686918,1269.0,73157.0,57.64933018124508,orta_ust,15,False,3,uzun_kirsal
15SK,SULTANMURAT - KADIKÖY,15.00118,74.58,4.663167300718528,1660,116122,4.188775822074003,1848,116122,4.425971561396265,1754.0,116122.0,66.20410490307867,ust_ceyrek,15,False,2,tali_kucuk
15T,TOKATKÖY - ÜSKÜDAR,21.50122,105.75,2.0532456679995565,774,34170,1.9547504883538216,813,34170,2.0039980781766893,793.5,34170.0,43.06238185255199,orta_ust,15,False,2,tali_kucuk
15TK,TOKATKÖY-KADIKÖY,34.28077,167.12,2.279273570987502,1146,89543,2.0295629466602,1287,89543,2.154418258823851,1216.5,89543.0,73.60706946157008,ust_ceyrek,15,False,3,uzun_kirsal
15TY,TOKATKÖY / BEYKOZ - YENİMAHALLE,19.68943,96.03,3.649739778433714,4059,291685,3.565413660809253,4155,291685,3.607576719621484,4107.0,291685.0,71.02142683223764,ust_ceyrek,15,False,0,orta_yogunluklu
15U,TUFAN - ÜSKÜDAR ,8.65623,42.25,5.640477982363538,910,44431,5.22160220137418,983,44431,5.431040091868859,946.5,44431.0,46.94241944004226,orta_ust,15,False,2,tali_kucuk
15Y,YENİMAHALLE - ÜSKÜDAR,13.64351,66.46,4.259574209917263,1454,84500,3.924854816996009,1578,84500,4.092214513456636,1516.0,84500.0,55.738786279683374,orta_ust,15,False,2,tali_kucuk
15YK,YENİMAHALLE - KADIKÖY,26.30441,129.49,2.9918937546974065,30,2361,2.0399275600209585,44,2361,2.5159106573591825,37.0,2361.0,63.810810810810814,ust_ceyrek,15,False,3,uzun_kirsal
15Z,GÜZELTEPE - ÜSKÜDAR,8.68062,43.25,3.457272361379004,355,10654,2.032006106439646,604,10654,2.744639233909325,479.5,10654.0,22.21897810218978,alt_ceyrek,15,False,2,tali_kucuk
15ÇB,KAVACIK - ÇAVUŞBAŞI / ÇENGELDERE,22.86895,55.33,1.8691928957490147,355,15175,1.343245906864171,494,15175,1.606219401306593,424.5,15175.0,35.74793875147232,orta_alt,15,False,2,tali_kucuk
15ÇK,GÜZELTEPE - KADIKÖY ,20.59625,101.1,3.199042773594949,2023,133292,3.4515538831907104,1875,133292,3.325298328392829,1949.0,133292.0,68.3899435608004,ust_ceyrek,15,False,0,orta_yogunluklu
16,PENDİK - KADIKÖY,28.59439,135.94,2.445939905501327,752,52595,2.55464834574583,720,52595,2.5002941256235784,736.0,52595.0,71.46059782608695,ust_ceyrek,16,False,3,uzun_kirsal
16A,PENDİK - ÜSKÜDAR,34.93382,157.34,1.8186256151970424,1078,68487,1.7152042110082346,1143,68487,1.7669149131026385,1110.5,68487.0,61.67221972084646,orta_ust,16,False,3,uzun_kirsal
16F,FINDIKLI MAHALLESİ - HAREM,20.30413,87.84,2.81589225562693,5412,309427,2.532758665024588,6017,309427,2.67432546032576,5714.5,309427.0,54.1476944614577,orta_ust,16,False,1,ana_arter
16M,ACARLAR SİTESİ / ATAŞEHİR - ÜSKÜDAR,19.99387,84.87,1.752340143571619,721,25261,1.2195340188370052,1036,25261,1.485937081204312,878.5,25261.0,28.754695503699487,orta_alt,16,False,2,tali_kucuk
16S,S. G. HAVALİMANI - UZUNÇAYIR METROBÜS/HAREM PERONLAR,40.09854,195.56,2.105836453972453,2109,178086,2.0695289289039622,2146,178086,2.087682691438208,2127.5,178086.0,83.70669800235018,ust_ceyrek,16,False,3,uzun_kirsal
16U,UĞUR MUMCU - ÜSKÜDAR,33.7823,153.71,1.914610659748485,828,53555,1.5126885746867806,1048,53555,1.7136496172176328,938.0,53555.0,57.094882729211086,orta_ust,16,False,3,uzun_kirsal
17,PENDİK - KADIKÖY,26.80977,131.97,3.316294429571418,1562,138876,2.847747058268584,1819,138876,3.082020743920001,1690.5,138876.0,82.150842945874,ust_ceyrek,17,False,3,uzun_kirsal
17L,KÜÇÜKYALI LOJMANLARI / MARMARA ÜNİV. - BOSTANCI,9.14258,41.92,1.5872876979916788,336,4876,0.5841496895128193,913,4876,1.085718693752249,624.5,4876.0,7.807846277021618,alt_ceyrek,17,False,2,tali_kucuk
17S,UĞUR MUMCU - BOSTANCI,21.76824,103.62,3.3459518946395184,1550,112895,2.6446840574662183,1961,112895,2.9953179760528683,1755.5,112895.0,64.30931358587297,ust_ceyrek,17,False,0,orta_yogunluklu
18,SULTANBEYLİ - UZUNÇAYIR METROBÜS/ ÜSKÜDAR,37.02976,165.88,1.036988768357645,721,27686,0.9597803619844186,779,27686,0.998384565171032,750.0,27686.0,36.91466666666667,orta_alt,18,False,3,uzun_kirsal
18A,SULTANBEYLİ - ACIBADEM METRO/HAREM,32.15349,154.2,0.6895579966542952,961,21307,0.5693000298838297,1164,21307,0.6294290132690624,1062.5,21307.0,20.05364705882353,alt_ceyrek,18,False,3,uzun_kirsal
18E,YENİDOĞAN / SAMANDIRA - KADIKÖY,32.10918,155.33,1.2959878708335169,473,19683,0.935881317411074,655,19683,1.1159345941222956,564.0,19683.0,34.898936170212764,orta_alt,18,False,3,uzun_kirsal
18F,VEYSEL KARANİ / FATİH MAH. - KADIKÖY,36.48456,165.93,1.0717174498236952,702,27449,0.96207883603099,782,27449,1.0168981429273427,742.0,27449.0,36.993261455525605,orta_alt,18,False,3,uzun_kirsal
18K,SULTANBEYLİ - KADIKÖY,32.33321,153.17,1.842012985606973,5688,338767,1.898074250386316,5520,338767,1.8700436179966444,5604.0,338767.0,60.450927908636686,orta_ust,18,False,1,ana_arter
18M,SULTANBEYLİ MİMARSİNAN - UZUNÇAYIR METROBÜS/HAREM,32.52266,157.56,1.5284871442253911,1347,66960,1.3716670108405076,1501,66960,1.4500770775329492,1424.0,66960.0,47.02247191011236,orta_ust,18,False,3,uzun_kirsal
18UK,UZUNDERE-KOZYATAĞI,28.1175,129.23,2.035308500145004,619,35424,1.774445016323602,710,35424,1.9048767582343031,664.5,35424.0,53.309255079006775,orta_ust,18,False,3,uzun_kirsal
18V,VEYSEL KARANİ / SAMANDIRA - KADIKÖY,29.2833,135.93,1.3093074315893138,1021,39146,1.314457116669311,1017,39146,1.3118822741293124,1019.0,39146.0,38.41609421000982,orta_alt,18,False,3,uzun_kirsal
18Y,YENİDOĞAN / SAMANDIRA - ÜSKÜDAR,45.11095,200.71,0.9823632822871368,352,15599,0.7985955551156401,433,15599,0.8904794187013885,392.5,15599.0,39.74267515923567,orta_alt,18,False,3,uzun_kirsal
18YS,YENİDOĞAN-SULTANBEYLİ,25.2669,122.1,1.732417847373247,449,19654,1.279367785313467,608,19654,1.5058928163433571,528.5,19654.0,37.18826868495743,orta_alt,18,False,2,tali_kucuk
18Ü,SULTANBEYLİ - ÜSKÜDAR,39.29774,176.79,1.7588064835563697,3236,223663,1.6823818447497525,3383,223663,1.720594164153061,3309.5,223663.0,67.58211210152591,ust_ceyrek,18,False,3,uzun_kirsal
19,FERHATPAŞA / YEDİTEPE ÜNİVERSİTESİ - KADIKÖY,20.29221,95.63,2.780079613687472,4771,269151,2.6249277334064773,5053,269151,2.7025036735469747,4912.0,269151.0,54.79458469055375,orta_ust,19,False,1,ana_arter
19A,YENİDOĞAN - AYRILIK ÇEŞMESİ,27.8609,134.5,1.9132129546518448,1356,72280,1.5127211466518378,1715,72280,1.7129670506518413,1535.5,72280.0,47.07261478345816,orta_ust,19,False,3,uzun_kirsal
19D,ÜMRANİYE - BOSTANCI,20.03558,95.03,3.4644888482520035,46,3193,3.006914849426267,53,3193,3.235701848839136,49.5,3193.0,64.5050505050505,ust_ceyrek,19,False,2,tali_kucuk
19E,YENİDOĞAN/ ATAŞEHİR - KOZYATAĞI METRO,19.73401,98.28,3.039748161312038,2872,172281,2.770598768418969,3151,172281,2.9051734648655034,3011.5,172281.0,57.20770380209198,orta_ust,19,False,0,orta_yogunluklu
19EK,YENİDOĞAN/ ATAŞEHİR - KADIKÖY,29.69314,143.81,3.448013680640595,5270,539555,3.2109970130722627,5659,539555,3.329505346856429,5464.5,539555.0,98.73821941623204,ust_ceyrek,19,False,1,ana_arter
19ES,ESENŞEHİR - KADIKÖY ,22.03296,106.57,2.2712077075176724,700,35029,1.9154763798341816,830,35029,2.093342043675927,765.0,35029.0,45.78954248366013,orta_ust,19,False,2,tali_kucuk
19F,YEDİTEPE ÜNİV. / FINDIKLI MAHALLESİ - KADIKÖY,14.84599,73.83,4.046773065158511,11678,701595,3.76709572378805,12545,701595,3.90693439447328,12111.5,701595.0,57.92800231185237,orta_ust,19,False,1,ana_arter
19K,ACARLAR SİTESİ / KAYIŞDAĞI - KADIKÖY,15.14304,77.5,3.0118586262846767,667,30421,2.495540004635876,805,30421,2.753699315460276,736.0,30421.0,41.33288043478261,orta_alt,19,False,2,tali_kucuk
19M,ACARLAR SİTESİ / ATAŞEHİR - KADIKÖY,15.32745,72.49,2.2682651741839432,613,21312,1.4967131881321387,929,21312,1.882489181158041,771.0,21312.0,27.642023346303503,orta_alt,19,False,2,tali_kucuk
19S,YENİDOĞAN / SARIGAZİ - KADIKÖY,29.1567,140.86,3.1116696230751435,5650,512602,2.932599394557892,5995,512602,3.0221345088165177,5822.5,512602.0,88.0381279519107,ust_ceyrek,19,False,1,ana_arter
19SK,YENIDOĞAN/SARIGAZI-KOZYATAĞI METRO,21.03533,102.28,1.804974880127833,1354,51409,1.65019310445178,1481,51409,1.7275839922898064,1417.5,51409.0,36.2673721340388,orta_alt,19,False,2,tali_kucuk
19T,FERHATPAŞA - KADIKÖY,19.02844,89.0,2.778106681558255,3636,192210,2.7359685520438286,3692,192210,2.7570376168010418,3664.0,192210.0,52.45906113537118,orta_ust,19,False,0,orta_yogunluklu
19V,VEYSEL KARANİ / SAMANDIRA - KOZYATAĞI METRO,23.93356,116.5,2.83318234039916,344,23326,2.430460661090552,401,23326,2.631821500744856,372.5,23326.0,62.62013422818792,orta_ust,19,False,2,tali_kucuk
19Y,FERHATPAŞA - KADIKÖY,17.89914,86.2,2.493102804674733,828,36949,2.157041925047732,957,36949,2.3250723648612324,892.5,36949.0,41.399439775910366,orta_alt,19,False,2,tali_kucuk
19YK,YENİDOĞAN-KAYIŞDAĞI,18.87396,94.63,1.9946737920886188,1055,39718,1.4266988817989783,1475,39718,1.7106863369437986,1265.0,39718.0,31.397628458498023,orta_alt,19,False,2,tali_kucuk
2,BOSTANCI - HAREM,19.27161,95.22,2.031589472804815,1125,44046,1.8904368543469123,1209,44046,1.961013163575864,1167.0,44046.0,37.74293059125964,orta_alt,2,False,2,tali_kucuk
20,ORTAÇEŞME / KAVACIK - Ü.EĞT.ARŞ.HASTANESİ,32.94633,170.9,2.378673662735677,719,56347,1.729288537418556,989,56347,2.0539811000771167,854.0,56347.0,65.98009367681499,ust_ceyrek,20,False,3,uzun_kirsal
20D,SARIGAZİ/YENİŞEHİR-KADIKÖY,22.78764,112.03,2.681776622728941,1338,81767,2.5502609248125965,1407,81767,2.6160187737707687,1372.5,81767.0,59.57522768670309,orta_ust,20,False,2,tali_kucuk
20E,ESATPAŞA - KADIKÖY,12.13712,55.47,2.697260491978162,1593,52150,2.444104643754956,1758,52150,2.570682567866559,1675.5,52150.0,31.125037302297823,orta_alt,20,False,2,tali_kucuk
20K,KAZIM KARABEKİR - KADIKÖY,16.10394,81.02,4.778097252876834,4293,330330,4.295784608712093,4775,330330,4.536940930794463,4534.0,330330.0,72.85619761799735,ust_ceyrek,20,False,0,orta_yogunluklu
20Ü,ÜMRANİYE TEPEÜSTÜ - KADIKÖY,15.95304,74.92,3.959266796871994,4971,313980,3.779092789410653,5208,313980,3.869179793141324,5089.5,313980.0,61.69171824344238,orta_ust,20,False,1,ana_arter
22,İSTİNYE DEREİÇİ - KABATAŞ,16.50674,76.59,6.894757174781463,1947,221588,6.183368134177573,2171,221588,6.539062654479518,2059.0,221588.0,107.61923263720251,ust_ceyrek,22,False,0,orta_yogunluklu
22RE,FATİH SULTAN MEHMET - BEŞİKTAŞ,17.47447,85.64,4.20457068952018,658,48345,3.941036344308089,702,48345,4.072803516914135,680.0,48345.0,71.09558823529412,ust_ceyrek,22,False,2,tali_kucuk
25,HACIOSMAN METRO - HAVANTEPE,7.1527,40.73,8.803755430666259,885,55729,8.487280562243615,918,55729,8.645517996454938,901.5,55729.0,61.81808097615086,orta_ust,25,False,2,tali_kucuk
251,PENDİK - MECİDİYEKÖY ,36.77733,176.83,0.2875640567658064,1879,19872,0.3066588323853293,1762,19872,0.2971114445755678,1820.5,19872.0,10.915682504806371,alt_ceyrek,251,False,3,uzun_kirsal
256,YEDİTEPE ÜNİVERSİTESİ / ATAŞEHİR - TAKSİM,30.03721,144.28,0.9149513907808552,201,5524,0.8674774978629808,212,5524,0.891214444321918,206.5,5524.0,26.750605326876517,alt_ceyrek,256,False,3,uzun_kirsal
25A,RUMELİKAVAĞI - HACIOSMAN METRO,10.33686,51.05,4.496339147154228,2617,121633,4.433654690317489,2654,121633,4.464996918735858,2635.5,121633.0,46.15177385695314,orta_ust,25,False,0,orta_yogunluklu
25C,TARABYAÜSTÜ / FERAHEVLER - İSTİNYE,8.64988,40.71,4.58905848344777,308,12226,4.544791038269818,311,12226,4.566924760858794,309.5,12226.0,39.50242326332795,orta_alt,25,False,2,tali_kucuk
25E,SARIYER - BALTALİMANI,15.57122,75.11,2.669520818663872,2526,105000,2.668464419447938,2527,105000,2.668992619055905,2526.5,105000.0,41.55946962200673,orta_alt,25,False,0,orta_yogunluklu
25G,SARIYER - TAKSİM,22.79498,108.15,1.1148542747134942,581,14765,1.075964009316512,602,14765,1.095409142015003,591.5,14765.0,24.96196111580727,alt_ceyrek,25,False,2,tali_kucuk
25S1,HACIOSMAN METRO-SARIYER,12.23201,44.69,2.2251602000147006,165,4491,1.5963105782714155,230,4491,1.910735389143058,197.5,4491.0,22.739240506329114,alt_ceyrek,25,False,2,tali_kucuk
25S2,HACIOSMAN METRO-SARIYER,12.39031,43.55,1.4154982029070733,65,1140,0.8288953440446826,111,1140,1.122196773475878,88.0,1140.0,12.954545454545457,alt_ceyrek,25,False,2,tali_kucuk
25Y,HACIOSMAN METRO - YENİ UYUM SİTESİ,12.39569,59.48,3.5186804886018503,1202,52427,3.158666129424514,1339,52427,3.338673309013182,1270.5,52427.0,41.264856355765446,orta_alt,25,False,2,tali_kucuk
26,DİKİLİTAŞ - EMİNÖNÜ,12.08214,50.1,2.4470568662598344,373,11028,1.3663955256211353,668,11028,1.9067261959404849,520.5,11028.0,21.187319884726225,alt_ceyrek,26,False,2,tali_kucuk
26A,FULYA MAHALLESİ - EMİNÖNÜ,11.74216,48.68,2.280716919751165,442,11837,2.144844422404287,470,11837,2.2127806710777262,456.0,11837.0,25.95833333333333,alt_ceyrek,26,False,2,tali_kucuk
26B,FULYA MAHALLESİ - KABATAŞ,12.72447,56.58,1.825504042885199,245,5691,1.3761492015596115,325,5691,1.6008266222224052,285.0,5691.0,19.96842105263158,alt_ceyrek,26,False,2,tali_kucuk
27E,ŞİRİNTEPE - KABATAŞ,9.62551,46.26,9.738671254427585,2543,238380,9.37020090806256,2643,238380,9.554436081245072,2593.0,238380.0,91.93212495179328,ust_ceyrek,27,False,0,orta_yogunluklu
27SE,SEYRANTEPE - KABATAŞ,13.48184,63.62,6.10963423531494,2059,169598,5.741550383620932,2191,169598,5.925592309467936,2125.0,169598.0,79.81082352941176,ust_ceyrek,27,False,0,orta_yogunluklu
27T,ŞİRİNTEPE - ŞİŞLİ,7.54517,34.94,8.654911823313654,2553,166718,8.29117819321567,2665,166718,8.473045008264663,2609.0,166718.0,63.90111153698735,ust_ceyrek,27,False,0,orta_yogunluklu
28,TOPKAPI / EDİRNEKAPI - BEŞİKTAŞ,12.04525,59.29,7.519106769636811,1273,115295,7.443097136662256,1286,115295,7.481101953149533,1279.5,115295.0,90.1094177413052,ust_ceyrek,28,False,2,tali_kucuk
28T,TOPKAPI - BEŞİKTAŞ,12.1818,54.25,5.805900260181064,1330,94066,5.953621700879579,1297,94066,5.879760980530321,1313.5,94066.0,71.61476969927674,ust_ceyrek,28,False,2,tali_kucuk
29,İSTİNYE DEREİÇİ - ZİNCİRLİKUYU METROBÜS,8.77454,42.66,4.462001645955654,671,26271,3.5856324604026875,835,26271,4.023817053179171,753.0,26271.0,34.88844621513944,orta_alt,29,False,2,tali_kucuk
29A,DERBENT MAHALLESİ - BEŞİKTAŞ,11.88449,58.2,5.531018439439415,30,1972,3.77114893598142,44,1972,4.651083687710417,37.0,1972.0,53.2972972972973,orta_ust,29,False,2,tali_kucuk
29B,FATİH SULTAN MEHMET - 4.LEVENT METRO,10.01951,52.57,2.527798528229319,1216,30798,2.08818139288509,1472,30798,2.3079899605572045,1344.0,30798.0,22.915178571428573,alt_ceyrek,29,False,2,tali_kucuk
29C,TARABYAÜSTÜ - KABATAŞ,18.02305,84.78,4.964387413953316,3177,284257,4.668993136213642,3378,284257,4.816690275083479,3277.5,284257.0,86.7298245614035,ust_ceyrek,29,False,0,orta_yogunluklu
29D,FERAHEVLER - KABATAŞ,18.22252,85.74,5.933098593227373,3086,333646,5.808864929790506,3152,333646,5.87098176150894,3119.0,333646.0,106.9721064443732,ust_ceyrek,29,False,0,orta_yogunluklu
29E,MASLAK GAZETECİLER SİTESİ - BEŞİKTAŞ,12.95601,63.97,2.8778055053246354,853,31804,2.462154559721077,997,31804,2.669980032522856,925.0,31804.0,34.3827027027027,orta_alt,29,False,2,tali_kucuk
29GM,MASLAK GAZETECİLER SİTESİ - 4.LEVENT METRO,6.91739,36.78,2.244997071901824,542,8417,1.91018589163389,637,8417,2.077591481767857,589.5,8417.0,14.278201865988123,alt_ceyrek,29,False,2,tali_kucuk
29M1,HACIOSMAN METRO - FERAHEVLER / İSTİNYE,12.72941,30.8,0.7757625844402843,120,1185,0.7052387131275313,132,1185,0.7405006487839079,126.0,1185.0,9.404761904761903,alt_ceyrek,29,False,2,tali_kucuk
29M2,HACIOSMAN METRO - İSTİNYE / FERAHEVLER,13.75427,33.28,2.576515892017188,105,3721,1.7567153809208094,154,3721,2.1666156364689986,129.5,3721.0,28.73359073359073,orta_alt,29,False,2,tali_kucuk
3,BURHANİYE MAHALLESİ - KADIKÖY,9.88626,52.53,3.3772184528317624,201,6711,3.2324805191389725,210,6711,3.3048494859853674,205.5,6711.0,32.65693430656934,orta_alt,3,False,2,tali_kucuk
300,SİLİVRİ-TÜYAP,37.90321,184.06,0.6081352827269495,537,12378,1.438628400107365,227,12378,1.0233818414171574,382.0,12378.0,32.403141361256544,orta_alt,300,False,3,uzun_kirsal
300B,SİLİVRİ BÜYÜKÇAVUŞLU-TÜYAP,70.70049,342.32,0.6576465730202095,123,5719,0.4191219092304962,193,5719,0.5383842411253528,158.0,5719.0,36.19620253164557,orta_alt,300,False,3,uzun_kirsal
300C,SİLİVRİ ÇANTA/SANCAKTEPE-TÜYAP,52.67845,255.75,1.065575206589144,828,46478,1.0331338068569218,854,46478,1.049354506723033,841.0,46478.0,55.26516052318668,orta_ust,300,False,3,uzun_kirsal
300D,SİLİVRİ DEĞİRMENKÖY-TÜYAP,58.83059,287.65,0.837124070895974,334,16449,0.8199397058042678,341,16449,0.8285318883501209,337.5,16449.0,48.73777777777778,orta_ust,300,False,3,uzun_kirsal
300G,SİLİVRİ GÜMÜŞYAKA-TÜYAP,53.07429,260.66,1.2022196182506049,1352,86267,1.2102761905248085,1343,86267,1.2062479043877068,1347.5,86267.0,64.02003710575138,ust_ceyrek,300,False,3,uzun_kirsal
300M,SİLİVRİ MİMARSİNAN/KAVAKLI-TÜYAP,45.10978,217.33,0.831847894724282,143,5366,0.6645488767909069,179,5366,0.7481983857575945,161.0,5366.0,33.32919254658385,orta_alt,300,False,3,uzun_kirsal
303A,SİLİVRİ - AVCILAR METROBÜS ,48.0344,231.85,1.2192182146491175,10409,609597,1.205437157701621,10528,609597,1.2123276861753691,10468.5,609597.0,58.2315517982519,orta_ust,303,False,1,ana_arter
303B,MARMARA CEZAEVİ - OTOGAR,87.33686,402.21,0.4738975506516756,674,27896,0.4746017074877108,673,27896,0.4742496290696932,673.5,27896.0,41.41945063103192,orta_alt,303,False,3,uzun_kirsal
30A,BEŞİKTAŞ - MECİDİYEKÖY,11.32232,27.39,5.058204077196183,3470,198729,4.618938986281778,3800,198729,4.83857153173898,3635.0,198729.0,54.67097661623109,orta_ust,30,False,0,orta_yogunluklu
30D,ORTAKÖY DEREBOYU - YENİKAPI,12.90366,62.56,5.545411143117875,2041,146046,6.452784574175361,1754,146046,5.999097858646618,1897.5,146046.0,76.96758893280632,ust_ceyrek,30,False,0,orta_yogunluklu
30M,BEŞİKTAŞ - MECİDİYEKÖY,8.40116,20.33,8.682062231810123,4851,353829,7.940551260654394,5304,353829,8.311306746232258,5077.5,353829.0,69.68567208271787,ust_ceyrek,30,False,0,orta_yogunluklu
31,KUYUMCUKENT - YENİKAPI,18.65716,91.45,3.228424241229203,4099,246896,3.063975680666474,4319,246896,3.1461999609478384,4209.0,246896.0,58.65906391066762,orta_ust,31,False,0,orta_yogunluklu
319,KAYIŞDAĞI - KADIKÖY,18.12909,86.74,3.430496443797785,6690,416063,3.3779836928182485,6794,416063,3.4042400683080167,6742.0,416063.0,61.71210323346188,orta_ust,319,False,1,ana_arter
31E,KUYUMCUKENT - EMİNÖNÜ,21.85558,101.92,4.619066661803574,798,80560,4.467897207417275,825,80560,4.5434819346104245,811.5,80560.0,99.27295132470734,ust_ceyrek,31,False,2,tali_kucuk
31Y,TOKİ AYAZMA - YENİKAPI,24.49304,111.41,1.847947996677236,4109,185981,1.797211436295092,4225,185981,1.822579716486164,4167.0,185981.0,44.631869450443965,orta_ust,31,False,0,orta_yogunluklu
32,CEVATPAŞA - EMİNÖNÜ,16.38843,77.07,5.1216186156861,989,83012,3.181709052081378,1592,83012,4.151663833883739,1290.5,83012.0,64.32545524990314,ust_ceyrek,32,False,2,tali_kucuk
320,FERHATPAŞA - ÜMRANİYE METRO/ÇAMLICA CAMİİ,17.80977,83.53,3.3365894325594305,3357,199486,3.1993518209374487,3501,199486,3.26797062674844,3429.0,199486.0,58.17614464858559,orta_ust,320,False,0,orta_yogunluklu
320A,SULTANBEYLİ MİMARSİNAN / SAMANDIRA - ÜSKÜDAR,35.09599,155.69,2.3245183616920744,3236,263997,2.3849528910702453,3154,263997,2.35473562638116,3195.0,263997.0,82.6281690140845,ust_ceyrek,320,False,3,uzun_kirsal
320Y,YENİDOĞAN - KOZYATAĞI METRO ,22.95522,113.24,2.2670763823392703,194,10096,1.9811388206027856,222,10096,2.124107601471028,208.0,10096.0,48.53846153846154,orta_ust,320,False,2,tali_kucuk
32A,CEVATPAŞA - AKSARAY,11.29719,60.47,5.393468152944106,928,56544,5.1652615541095255,969,56544,5.279364853526816,948.5,56544.0,59.61412756984713,orta_ust,32,False,2,tali_kucuk
32M,CEVATPAŞA - MECİDİYEKÖY,15.7948,75.12,1.769759713517474,1383,38659,1.6176984030367922,1513,38659,1.6937290582771332,1448.0,38659.0,26.698204419889503,alt_ceyrek,32,False,2,tali_kucuk
32T,CEVATPAŞA - TAKSİM,17.93706,89.07,3.95997310759722,1090,77423,3.228399915692573,1337,77423,3.5941865116448968,1213.5,77423.0,63.80140090646889,ust_ceyrek,32,False,2,tali_kucuk
33,GİYİMKENT / TURGUTREİS - EMİNÖNÜ,20.57404,97.23,3.844774553492919,1375,108766,4.014096439675599,1317,108766,3.9294354965842593,1346.0,108766.0,80.80683506686478,ust_ceyrek,33,False,2,tali_kucuk
336,ARNAVUTKÖY - EMİNÖNÜ,34.44791,164.93,2.1665066619723548,3320,247777,2.090930848182621,3440,247777,2.128718755077488,3380.0,247777.0,73.30680473372782,ust_ceyrek,336,False,3,uzun_kirsal
336A,BALABAN KÖYÜ - MESCİDİ SELAM,41.42158,199.64,1.1727668203694857,289,14039,1.1647065673085268,291,14039,1.1687366938390062,290.0,14039.0,48.41034482758621,orta_ust,336,False,3,uzun_kirsal
336E,SULTANÇİFTLİĞİ - EMİNÖNÜ,20.31269,91.03,4.075090241176417,5001,413963,3.766314229555214,5411,413963,3.920702235365815,5206.0,413963.0,79.51651940069151,ust_ceyrek,336,False,1,ana_arter
336G,TAŞOLUK PERON - TEKSTİLKENT METRO,24.15615,121.84,1.6656761881013118,3199,128716,1.4118966946836502,3774,128716,1.538786441392481,3486.5,128716.0,36.91839954108705,orta_alt,336,False,0,orta_yogunluklu
336H,HADIMKÖY - MESCİDİ SELAM,34.56714,165.0,2.091335817071025,2717,196416,1.7234332468856457,3297,196416,1.9073845319783356,3007.0,196416.0,65.31958762886597,ust_ceyrek,336,False,3,uzun_kirsal
336K,YENİKÖY / KARABURUN - MESCİD-İ SELAM,45.85794,220.03,1.162279067854031,2896,154356,1.7252486829857887,1951,154356,1.4437638754199098,2423.5,154356.0,63.69135547761502,ust_ceyrek,336,False,3,uzun_kirsal
336M,ARNAVUTKÖY - MECİDİYEKÖY,37.43952,171.18,1.0652749267137571,1715,68400,1.0778445423681968,1695,68400,1.071559734540977,1705.0,68400.0,40.11730205278592,orta_alt,336,False,3,uzun_kirsal
336Y,CEBECİ - YENİKAPI MARMARAY,20.59229,102.72,1.8481258207388715,210,7992,1.546240726514594,251,7992,1.6971832736267327,230.5,7992.0,34.67245119305857,orta_alt,336,False,2,tali_kucuk
33B,GİYİMKENT / BİRLİK MAHALLESİ - EMİNÖNÜ,22.42038,101.91,2.1621861953197232,1633,79163,1.7959562853291493,1966,79163,1.979071240324436,1799.5,79163.0,43.99166435120867,orta_ust,33,False,0,orta_yogunluklu
33ES,GİYİMKENT - EMİNÖNÜ,17.22627,75.68,2.029533400009442,155,5419,1.527076101948852,206,5419,1.7783047509791468,180.5,5419.0,30.022160664819943,orta_alt,33,False,2,tali_kucuk
33M,GİYİMKENT - MECİDİYEKÖY,21.08789,105.05,2.386385724813969,948,47707,2.399038883482124,943,47707,2.3927123041480467,945.5,47707.0,50.45690111052353,orta_ust,33,False,2,tali_kucuk
33TE,ESENLER TURGUTREİS - EMİNÖNÜ,17.38445,82.64,3.019556749470552,225,11811,2.040241046939562,333,11811,2.529898898205057,279.0,11811.0,42.333333333333336,orta_ust,33,False,2,tali_kucuk
33TM,GİYİMKENT / TURGUTREİS - MECİDİYEKÖY,17.74275,88.37,1.365359103026601,111,2689,0.9777732931351788,155,2689,1.1715661980808898,133.0,2689.0,20.218045112781954,alt_ceyrek,33,False,2,tali_kucuk
33Y,GİYİMKENT / YÜZYIL MAHALLESİ - EMİNÖNÜ,21.44731,96.03,2.3511817238381427,558,28138,2.002991453285013,655,28138,2.1770865885615778,606.5,28138.0,46.39406430338005,orta_ust,33,False,2,tali_kucuk
35,KOCAMUSTAFAPAŞA - EMİNÖNÜ,6.43143,27.6,5.807069819446301,4828,180315,5.640018726269712,4971,180315,5.723544272858007,4899.5,180315.0,36.80273497295642,orta_alt,35,False,0,orta_yogunluklu
35C,KOCAMUSTAFAPAŞA - TAKSİM,8.14637,39.9,9.417967711998728,4054,311032,9.20010629022719,4150,311032,9.30903700111296,4102.0,311032.0,75.8244758654315,ust_ceyrek,35,False,0,orta_yogunluklu
35D,KOCAMUSTAFAPAŞA - BALAT,9.75519,48.67,4.221113763438123,4039,166317,3.926549629324408,4342,166317,4.073831696381266,4190.5,166317.0,39.6890585848944,orta_alt,35,False,0,orta_yogunluklu
36,YENİ MAHALLE METRO - AKSARAY RİNG,14.33118,68.86,5.43341988836608,716,55753,5.235973943566774,743,55753,5.334696915966427,729.5,55753.0,76.42631939684716,ust_ceyrek,36,False,2,tali_kucuk
36AS,TAŞOLUK PERON - SEFAKÖY METROBÜS,40.02726,199.9,1.3785113021233606,264,14567,1.4271646421983029,255,14567,1.4028379721608315,259.5,14567.0,56.13487475915222,orta_ust,36,False,3,uzun_kirsal
36AY,ARNAVUTKÖY - YENİBOSNA METRO,37.29077,171.68,1.1796787250609042,1578,69418,1.4070544430431646,1323,69418,1.2933665840520343,1450.5,69418.0,47.857980006894174,orta_ust,36,False,3,uzun_kirsal
36B,BOLLUCA / BOĞAZKÖY - CEBECİ,24.27687,114.43,1.7424646299785476,441,18655,2.0938062719905712,367,18655,1.9181354509845596,404.0,18655.0,46.17574257425743,orta_ust,36,False,2,tali_kucuk
36C,ARNAVUTKÖY-CEBECI,18.97917,84.73,1.91074378964892,942,34161,1.008924131081436,1784,34161,1.4598339603651782,1363.0,34161.0,25.063096111518707,alt_ceyrek,36,False,2,tali_kucuk
36CB,CEBECİ KÖYÜ - HABİPLER,13.31573,65.3,0.934766871554109,794,9883,0.8265087928885996,898,9883,0.8806378322213543,846.0,9883.0,11.682033096926714,alt_ceyrek,36,False,2,tali_kucuk
36D,ARNAVUTKÖY - DELİKLİKAYA,35.0709,171.69,1.2018355166228152,823,34689,1.075120250196279,920,34689,1.1384778834095473,871.5,34689.0,39.80378657487091,orta_alt,36,False,3,uzun_kirsal
36ES,SULTANGAZİ PERON - AKSARAY,18.06745,93.44,4.694798120544421,2475,209937,4.496759035738174,2584,209937,4.595778578141298,2529.5,209937.0,82.9954536469658,ust_ceyrek,36,False,0,orta_yogunluklu
36F,CEBECİ - FENERTEPE/OLİMPİYATKÖY METRO,25.03949,113.13,1.9612595363358447,1074,52743,1.435850539894136,1467,52743,1.6985550381149903,1270.5,52743.0,41.51357733175915,orta_alt,36,False,2,tali_kucuk
36G,SULTANGAZİ PERON-BEŞİKTAŞ,19.97418,95.95,4.670982006258826,933,87048,4.2147255433650725,1034,87048,4.442853774811949,983.5,87048.0,88.50838840874428,ust_ceyrek,36,False,2,tali_kucuk
36HT,FATİH MAHALLESİ- HARAÇÇI - CEBECİ,30.25275,148.62,1.9453721887010087,1067,62796,1.81443367599998,1144,62796,1.8799029323504943,1105.5,62796.0,56.80325644504749,orta_ust,36,False,3,uzun_kirsal
36KE,YENİ MAHALLE METRO - EMİNÖNÜ,17.03676,74.15,3.1876819313487648,965,52407,2.969221104007296,1036,52407,3.0784515176780305,1000.5,52407.0,52.3808095952024,orta_ust,36,False,2,tali_kucuk
36L,MESCİD-İ SELAM - 4.LEVENT METRO,20.44795,99.85,3.936648851937077,3610,290592,4.356622426576594,3262,290592,4.146635639256836,3436.0,290592.0,84.57275902211875,ust_ceyrek,36,False,0,orta_yogunluklu
36S,HABİPLER - YENİMAHALLE METRO,18.33212,86.26,0.6388035159393847,273,3197,0.708916096957122,246,3197,0.6738598064482533,259.5,3197.0,12.319845857418112,alt_ceyrek,36,False,2,tali_kucuk
36V,YAYLA MAHALLESİ - VEZNECİLER,23.49525,110.48,3.598798338671292,1875,158540,3.162018221653548,2134,158540,3.38040828016242,2004.5,158540.0,79.0920429034672,ust_ceyrek,36,False,0,orta_yogunluklu
36Y,TAŞOLUK PERON - MAHMUTBEY METRO,25.83128,124.55,1.4063518669016408,244,8864,0.5662538870033009,606,8864,0.9863028769524708,425.0,8864.0,20.856470588235293,alt_ceyrek,36,False,2,tali_kucuk
36YS,YASSIÖREN - ARNAVUTKÖY,33.24295,157.96,1.0928018418716543,372,13514,1.064194463812187,382,13514,1.0784981528419206,377.0,13514.0,35.84615384615385,orta_alt,36,False,3,uzun_kirsal
36Z,CEBECİ-ZİNCİRLİKUYU,17.64887,89.69,3.8817372746013192,2054,140716,3.2892278721250454,2424,140716,3.5854825733631825,2239.0,140716.0,62.84769986601161,orta_ust,36,False,0,orta_yogunluklu
38,SULTANGAZİ PERON-AKSARAY,17.50268,81.87,5.347282863076844,1095,102483,4.85914915773373,1205,102483,5.103216010405287,1150.0,102483.0,89.11565217391305,ust_ceyrek,38,False,2,tali_kucuk
38B,SULTANGAZİ PERON-VEZNECİLER,16.55594,78.49,6.407682323180239,3920,415854,6.7831797750112175,3703,415854,6.595431049095728,3811.5,415854.0,109.10507674144036,ust_ceyrek,38,False,0,orta_yogunluklu
38E,G.O.P. DEVLET HASTANESİ - EMİNÖNÜ,15.79901,71.02,5.920016849499139,2072,193795,5.920016849499139,2072,193795,5.920016849499139,2072.0,193795.0,93.5304054054054,ust_ceyrek,38,False,0,orta_yogunluklu
38H,ZÜBEYDE HANIM MAHALLESİ - HABİBLER,13.73623,70.93,1.960729815552427,224,6033,1.421370481177164,309,6033,1.6910501483647955,266.5,6033.0,22.637898686679176,alt_ceyrek,38,False,2,tali_kucuk
38Z,ZÜBEYDE HANIM MAHALLESİ - AKSARAY,15.54996,72.07,5.249109697126713,563,45954,4.683437019781837,631,45954,4.966273358454275,597.0,45954.0,76.9748743718593,ust_ceyrek,38,False,2,tali_kucuk
3A,KADIKÖY - ÜNALAN MAHALLESİ,14.23402,34.44,2.18300358343368,384,11932,2.27174356650009,369,11932,2.227373574966885,376.5,11932.0,31.691899070385126,orta_alt,3,False,2,tali_kucuk
3B,KADIKÖY - ÜNALAN MAHALLESİ,16.65862,40.3,1.8664943638178344,354,11007,1.8986753011250384,348,11007,1.8825848324714365,351.0,11007.0,31.35897435897436,orta_alt,3,False,2,tali_kucuk
4,MALTEPE SAHİL - KADIKÖY,27.10716,65.58,3.415055663494402,2077,192273,3.334776969006992,2127,192273,3.374916316250697,2102.0,192273.0,91.47145575642246,ust_ceyrek,4,False,3,uzun_kirsal
40,RUMELİFENERİ / GARİPÇE - TAKSİM,39.93236,190.66,0.5097066793377203,277,5638,0.485184708510476,291,5638,0.4974456939240981,284.0,5638.0,19.85211267605634,alt_ceyrek,40,False,3,uzun_kirsal
400A,BEYKENT - HARAMİDERE,9.67758,53.78,3.504494476861628,8379,284174,3.327006483302015,8826,284174,3.415750480081821,8602.5,284174.0,33.03388549840163,orta_alt,400,False,1,ana_arter
401,ÇATALCA - AVCILAR METROBÜS,34.05701,162.37,0.8712275171495518,9991,296447,0.7771816182001046,11200,296447,0.8242045676748282,10595.5,296447.0,27.978575810485584,orta_alt,401,False,1,ana_arter
401T,AREL ÜNİVERSİTESİ -TEPEKENT - HARAMİDERE,23.85821,119.63,1.5052162214131888,4284,153846,1.2431745310457103,5187,153846,1.3741953762294496,4735.5,153846.0,32.48780487804878,orta_alt,401,False,1,ana_arter
402,BİNKILIÇ - ÇATALCA,51.19526,247.34,0.4821346793093286,877,21647,0.4418308398686323,957,21647,0.4619827595889804,917.0,21647.0,23.606324972737188,alt_ceyrek,402,False,3,uzun_kirsal
403,ÇİFTLİKKÖY - ÇATALCA,33.29637,163.32,0.9488863214243158,868,27424,0.8252838947858779,998,27424,0.8870851081050969,933.0,27424.0,29.39335476956056,orta_alt,403,False,3,uzun_kirsal
404,YALIKÖY / KARACAKÖY - ÇATALCA,61.02735,296.62,0.392197980931205,1043,24964,0.3333842657793373,1227,24964,0.3627911233552711,1135.0,24964.0,21.994713656387667,alt_ceyrek,404,False,3,uzun_kirsal
40B,SARIYER - BEŞİKTAŞ,22.86978,112.42,2.720393694471385,2337,145396,2.687049900244982,2366,145396,2.703721797358184,2351.5,145396.0,61.83117159260047,orta_ust,40,False,0,orta_yogunluklu
40T,İSTİNYE DEREİÇİ - TAKSİM,17.12897,79.53,6.433896163205207,2228,245539,5.827122216106179,2460,245539,6.130509189655694,2344.0,245539.0,104.75213310580205,ust_ceyrek,40,False,0,orta_yogunluklu
41,SİNPAŞ SİTESİ - 4.LEVENT METRO,16.14262,81.76,2.052950512370358,200,6628,1.973990877279191,208,6628,2.0134706948247745,204.0,6628.0,32.490196078431374,orta_alt,41,False,2,tali_kucuk
418,HADIMKÖY - HARAMİDERE,31.10793,152.0,1.3971360255355358,10121,439879,1.2830427106837092,11021,439879,1.3400893681096226,10571.0,439879.0,41.61186264308012,orta_alt,418,False,1,ana_arter
41A,AYAZAĞA - 4. LEVENT METRO ,6.66185,34.95,3.658437923386401,906,22081,2.2023553213209834,1505,22081,2.930396622353692,1205.5,22081.0,18.316880962256324,alt_ceyrek,41,False,2,tali_kucuk
41AT,AYAZAĞA - DAVUTPAŞA Y.T.Ü,25.98405,132.99,3.1182540190640355,3418,276943,2.932102403620598,3635,276943,3.0251782113423165,3526.5,276943.0,78.53197221040692,ust_ceyrek,41,False,0,orta_yogunluklu
41C,AYAZAĞA - SARIYER,19.27334,92.39,4.220678599610591,3298,268281,3.485177271285861,3994,268281,3.8529279354482258,3646.0,268281.0,73.58228195282501,ust_ceyrek,41,False,0,orta_yogunluklu
41E,AYAZAĞA - KABATAŞ,14.02226,69.3,7.133860750089208,3105,310602,6.828186692055176,3244,310602,6.981023721072193,3174.5,310602.0,97.84280989132148,ust_ceyrek,41,False,0,orta_yogunluklu
41N,NİŞANTAŞI ÜNİVERSİTESİ - MASLAK,7.44878,18.02,6.784857150597188,861,43514,3.3438820873864787,1747,43514,5.064369618991833,1304.0,43514.0,33.36963190184049,orta_alt,41,False,2,tali_kucuk
41SF,SARIYER - FATİH SULTAN MEHMET,20.40382,98.05,2.486061760476756,1117,56660,1.8305411908058915,1517,56660,2.158301475641324,1317.0,56660.0,43.02201974183751,orta_ust,41,False,2,tali_kucuk
41SM,YENİ AYAZAĞA MEZARLIĞI- 4.LEVENT METRO,9.76118,47.39,1.1186632060484898,683,7458,0.974549706289692,784,7458,1.0466064561690909,733.5,7458.0,10.167689161554192,alt_ceyrek,41,False,2,tali_kucuk
41ST,SEYRANTEPE - TOPKAPI,23.18691,105.65,3.4908213424780468,5440,440321,3.1414504719736267,6045,440321,3.3161359072258367,5742.5,440321.0,76.67757945145843,ust_ceyrek,41,False,1,ana_arter
42,BAHÇEKÖY / FERAHEVLER - ZİNCİRLİKUYU METROBÜS,21.55508,103.86,4.259630057817771,60,5509,2.871660713135576,89,5509,3.565645385476673,74.5,5509.0,73.94630872483222,ust_ceyrek,42,False,2,tali_kucuk
429A,KIRAÇ - AVCILAR METROBÜS,22.01119,104.74,1.5633833835494524,11837,407334,1.539709552464836,12019,407334,1.5515464680071442,11928.0,407334.0,34.149396378269614,orta_alt,429,False,1,ana_arter
42HM,BAHÇEKÖY - HACIOSMAN METRO,8.16801,39.5,3.081550187054476,4520,113769,2.987048433516241,4663,113769,3.034299310285358,4591.5,113769.0,24.7781770663182,alt_ceyrek,42,False,0,orta_yogunluklu
42K,SARIYER - KAZIM KARABEKİR,13.02773,31.52,2.6263991821657133,412,14097,2.5460622660053502,425,14097,2.586230724085532,418.5,14097.0,33.68458781362007,orta_alt,42,False,2,tali_kucuk
42KT,SARIYER - KOCATAŞ,7.14547,34.03,5.098729598369304,908,33081,4.634280756075403,999,33081,4.866505177222353,953.5,33081.0,34.69428421604614,orta_alt,42,False,2,tali_kucuk
42T,BAHÇEKÖY - BALTALİMANI,17.79155,84.53,2.015807565123405,2580,92530,2.02759591345746,2565,92530,2.0217017392904326,2572.5,92530.0,35.968901846452866,orta_alt,42,False,0,orta_yogunluklu
42Z,HACIOSMAN METRO - KAZIM KARABEKİR ,10.72375,25.95,3.33662497498279,530,18964,2.957209425988092,598,18964,3.146917200485441,564.0,18964.0,33.6241134751773,orta_alt,42,False,2,tali_kucuk
43R,RUMELİ HİSARÜSTÜ - KABATAŞ,9.77867,44.48,11.421802443519312,1355,151340,10.747598827061577,1440,151340,11.084700635290444,1397.5,151340.0,108.29338103756707,ust_ceyrek,43,False,2,tali_kucuk
448,GÜZELCE - HARAMİDERE,19.45965,99.48,1.8178590746366028,7602,268920,1.707148200789062,8095,268920,1.7625036377128325,7848.5,268920.0,34.263872077467035,orta_alt,448,False,1,ana_arter
458,GÜRPINAR - AVCILAR METROBÜS,24.38019,118.34,1.6954370572714133,5542,229079,1.41443808089691,6643,229079,1.5549375690841616,6092.5,229079.0,37.60016413623308,orta_alt,458,False,1,ana_arter
46KT,KUŞTEPE - ŞİŞLİ,3.08546,12.64,2.9602360230151072,187,1708,2.7269169276050493,203,1708,2.843576475310078,195.0,1708.0,8.75897435897436,alt_ceyrek,46,False,2,tali_kucuk
46T,ÇAĞLAYAN - TOPKAPI,15.63427,74.75,3.3113499651142737,2410,124767,6.59533340159124,1210,124767,4.9533416833527575,1810.0,124767.0,68.93204419889503,ust_ceyrek,46,False,2,tali_kucuk
46Ç,KAĞITHANE - EMİNÖNÜ,12.15647,54.65,6.654548447731225,1411,114144,6.4845081904342265,1448,114144,6.569528319082726,1429.5,114144.0,79.8488982161595,ust_ceyrek,46,False,2,tali_kucuk
48,GÖKTÜRK - MECİDİYEKÖY,22.66019,105.01,1.8291261033162265,1994,82648,2.301121419566281,1585,82648,2.065123761441254,1789.5,82648.0,46.18496786811959,orta_ust,48,False,0,orta_yogunluklu
48C,KEMERBURGAZ - ÇİFTALAN KÖYÜ,14.10592,68.49,0.0061803474838569,195,17,0.0060258387967605,200,17,0.0061030931403087,197.5,17.0,0.0860759493670886,alt_ceyrek,48,False,2,tali_kucuk
48D,GÖKTÜRK - HACIOSMAN METRO,21.95494,105.18,1.1492621697887573,444,11203,1.0630675070546007,480,11203,1.106164838421679,462.0,11203.0,24.248917748917748,alt_ceyrek,48,False,2,tali_kucuk
48G,GÖKTÜRK- MESCİDİ SELAM,21.5878,102.13,1.2809423504353048,550,15209,1.1418448828839831,617,15209,1.211393616659644,583.5,15209.0,26.065124250214225,alt_ceyrek,48,False,2,tali_kucuk
48H,HAMİDİYE MAHALLESİ - ŞİŞLİ,8.49332,39.84,5.690506727328023,981,47413,6.758337892867784,826,47413,6.224422310097904,903.5,47413.0,52.4770337576093,orta_ust,48,False,2,tali_kucuk
48K,KEMERBURGAZ - AĞAÇLI KÖYÜ,23.5175,115.5,0.7593961860021382,511,9126,0.7107169433096935,546,9126,0.7350565646559158,528.5,9126.0,17.267738883632923,alt_ceyrek,48,False,2,tali_kucuk
48KA,KEMERBURGAZ - ARNAVUTKÖY,29.48985,136.63,1.345654166938242,1376,54604,1.2125868590091822,1527,54604,1.2791205129737122,1451.5,54604.0,37.61901481226317,orta_alt,48,False,3,uzun_kirsal
48L,GÖKTÜRK - 4.LEVENT METRO,23.09377,117.97,0.8415093552853642,1838,35719,0.7461139387431257,2073,35719,0.7938116470142449,1955.5,35719.0,18.265916645359244,alt_ceyrek,48,False,0,orta_yogunluklu
48M,AKPINAR KÖYÜ-ARNAVUTKÖY,20.17314,91.79,1.0438148040062376,947,19941,1.0180150560184418,971,19941,1.0309149300123397,959.0,19941.0,20.793534932221064,alt_ceyrek,48,False,2,tali_kucuk
48N,EMNİYETTEPE - TAKSİM,11.17341,54.46,8.585577237709082,2005,192340,8.104558550662292,2124,192340,8.345067894185686,2064.5,192340.0,93.16541535480746,ust_ceyrek,48,False,0,orta_yogunluklu
48P,KEMERBURGAZ - AKPINAR KÖYÜ,22.14343,108.41,0.8018273742294366,768,13636,0.6722744797032831,916,13636,0.7370509269663599,842.0,13636.0,16.19477434679335,alt_ceyrek,48,False,2,tali_kucuk
48S,SADABAT EVLERİ - ŞİŞLİ,6.76715,28.19,8.396772972702278,45,2557,5.639623638382127,67,2557,7.018198305542203,56.0,2557.0,45.660714285714285,orta_ust,48,False,2,tali_kucuk
48T,HAMİDİYE MAHALLESİ - TAKSİM,14.98709,68.13,2.7354823329855544,1948,79862,2.3938542608516893,2226,79862,2.564668296918622,2087.0,79862.0,38.26641111643507,orta_alt,48,False,0,orta_yogunluklu
48U,KENT ORMAN - KEMERBURGAZ,4.79396,23.36,2.0498015558466625,525,5159,1.6530657708440828,651,5159,1.8514336633453723,588.0,5159.0,8.773809523809524,alt_ceyrek,48,False,2,tali_kucuk
5,VALİEVLERİ - ÜSKÜDAR,11.99458,61.96,2.2890652143656696,149,4091,2.186350749618492,156,4091,2.237707981992081,152.5,4091.0,26.82622950819672,alt_ceyrek,5,False,2,tali_kucuk
500L,CEVİZLİBAĞ - 4.LEVENT METRO,17.55734,88.45,1.660296241008781,2334,68037,1.017629051080487,3808,68037,1.338962646044634,3071.0,68037.0,22.15467274503419,alt_ceyrek,500,False,0,orta_yogunluklu
500T,TUZLA ŞİFA MAHALLESİ - 4. LEVENT METRO,56.94264,273.4,1.5849033340488197,9683,873877,1.610179307899981,9531,873877,1.5975413209744005,9607.0,873877.0,90.96252732382638,ust_ceyrek,500,False,1,ana_arter
50A,ALİBEYKÖY - EDİRNEKAPI METROBÜS,9.88881,49.4,10.173339086796108,2255,226858,8.149513193863312,2815,226858,9.16142614032971,2535.0,226858.0,89.49033530571992,ust_ceyrek,50,False,0,orta_yogunluklu
50AT,CEBECİ - GAZİ - ALİBEYKÖY,18.79235,78.81,1.6392386826992649,272,8379,0.3349909253900827,1331,8379,0.9871148040446738,801.5,8379.0,10.45414847161572,alt_ceyrek,50,False,2,tali_kucuk
50B,ALİBEYKÖY - BAKIRKÖY,17.88167,85.39,2.6017000914856605,2990,139103,2.7546328872316304,2824,139103,2.678166489358645,2907.0,139103.0,47.851049191606464,orta_ust,50,False,0,orta_yogunluklu
50C,ALİBEYKÖY - ŞİŞLİ,8.54184,40.35,3.319277314867952,859,24355,2.094973705710191,1361,24355,2.707125510289072,1110.0,24355.0,21.94144144144144,alt_ceyrek,50,False,2,tali_kucuk
50D,AYAZAĞA - ALİBEYKÖY,12.73344,60.59,4.3504339016853,5485,303847,4.367154090546096,5464,303847,4.358793996115699,5474.5,303847.0,55.50223764727373,orta_ust,50,False,1,ana_arter
50E,ALİBEYKÖY - EMİNÖNÜ,10.68111,50.05,6.532317624364433,3225,225016,5.710686998800568,3689,225016,6.121502311582501,3457.0,225016.0,65.08996239514029,ust_ceyrek,50,False,0,orta_yogunluklu
50G,GÖKTÜRK - TAKSİM,28.37263,135.2,1.3007880314875688,3969,146483,1.051920883654067,4908,146483,1.176354457570818,4438.5,146483.0,33.00281626675679,orta_alt,50,False,1,ana_arter
50H,ALİBEYKÖY - HACIOSMAN METRO,17.44936,80.0,0.97353585688825,483,8205,0.1390354284083455,3382,8205,0.5562856426482977,1932.5,8205.0,4.245795601552393,alt_ceyrek,50,False,0,orta_yogunluklu
50K,ALİBEYKÖY - KAZLIÇEŞME,14.23307,66.51,3.4379033927927805,2688,131529,3.235673781452029,2856,131529,3.336788587122405,2772.0,131529.0,47.4491341991342,orta_ust,50,False,0,orta_yogunluklu
50L,ALİBEYKÖY - BEŞİKTAŞ,9.63215,46.75,2.816347207377489,1765,47880,1.1241186840844115,4422,47880,1.9702329457309504,3093.5,47880.0,15.477614352674964,alt_ceyrek,50,False,0,orta_yogunluklu
50M,ALİBEYKÖY-MECİDİYEKÖY,11.37192,55.74,1.1424954108201375,262,3404,0.2490297817261864,1202,3404,0.695762596273162,732.0,3404.0,4.650273224043716,alt_ceyrek,50,False,2,tali_kucuk
50N,ALİBEYKÖY - TAKSİM,11.89826,56.6,5.406346760197295,1340,86197,2.264615398144538,3199,86197,3.8354810791709166,2269.5,86197.0,37.98061246970698,orta_alt,50,False,0,orta_yogunluklu
50P,ÇIRÇIR METRO - EMİNÖNÜ,17.12207,77.05,5.886836520559265,2861,288374,4.378019049992217,3847,288374,5.132427785275741,3354.0,288374.0,85.97912939773406,ust_ceyrek,50,False,0,orta_yogunluklu
50R,ALİBEYKÖY - OTOGAR,10.51463,54.07,2.691903443011484,2083,58958,2.646170302875376,2119,58958,2.6690368729434297,2101.0,58958.0,28.061875297477396,orta_alt,50,False,0,orta_yogunluklu
50S,ALİBEYKÖY - ŞİŞLİ,8.79663,46.92,5.842327615927738,2276,116970,4.081380495350378,3258,116970,4.9618540556390585,2767.0,116970.0,42.27322009396458,orta_alt,50,False,0,orta_yogunluklu
50T,ALİBEYKÖY - TAKSİM,11.44799,52.28,1.3954282886836382,1988,31758,1.1962533151802814,2319,31758,1.2958408019319598,2153.5,31758.0,14.747155792895288,alt_ceyrek,50,False,0,orta_yogunluklu
50V,ALİBEYKÖY - VEZNECİLER,12.39188,57.28,6.130775814294897,1953,148373,3.886207453851975,3081,148373,5.008491634073436,2517.0,148373.0,58.948351211760034,orta_ust,50,False,0,orta_yogunluklu
50Y,ALİBEYKÖY - YENİKAPI,14.7554,68.91,3.0581096873428137,3106,140154,3.029820953392913,3135,140154,3.0439653203678634,3120.5,140154.0,44.913956096779366,orta_ust,50,False,0,orta_yogunluklu
50Z,ALİBEYKÖY - ZİNCİRLİKUYU,13.51309,63.06,1.0823632523106397,583,8527,0.17611436675889,3583,8527,0.6292388095347649,2083.0,8527.0,4.093614978396544,alt_ceyrek,50,False,0,orta_yogunluklu
522,ÖZYEĞİN ÜNİVERSİTESİ / ALEMDAĞ - MECİDİYEKÖY,32.8656,157.21,2.9169670622619,4367,418655,2.867716155087284,4442,418655,2.892341608674592,4404.5,418655.0,95.051651719832,ust_ceyrek,522,False,1,ana_arter
522ST,SULTANBEYLİ - MECİDİYEKÖY,43.0727,204.52,1.846717974487323,5669,450930,1.7128671788888477,6112,450930,1.779792576688085,5890.5,450930.0,76.55207537560479,ust_ceyrek,522,False,1,ana_arter
54E,OKMEYDANI - EMİNÖNÜ,10.43312,51.84,5.671539959099996,867,51302,6.801141278754767,723,51302,6.236340618927382,795.0,51302.0,64.5308176100629,ust_ceyrek,54,False,2,tali_kucuk
54HT,HASKÖY - TAKSİM,7.05279,32.75,6.899117803562672,2547,123932,5.950576717126355,2953,123932,6.424847260344514,2750.0,123932.0,45.06618181818182,orta_ust,54,False,0,orta_yogunluklu
54K,HASKÖY - KULAKSIZ - TAKSİM,10.12052,51.62,8.737621020726495,2050,181280,7.156261722928214,2503,181280,7.946941371827354,2276.5,181280.0,79.6310125192181,ust_ceyrek,54,False,0,orta_yogunluklu
54KT,KAPTANPAŞA - DOLAPDERE / TAKSİM,11.35623,27.47,2.7435128825985644,218,6792,1.573910022122334,380,6792,2.1587114523604494,299.0,6792.0,22.71571906354515,alt_ceyrek,54,False,2,tali_kucuk
54P,PİYALEPAŞA MAHALLESİ - TAKSİM,7.08424,37.03,4.300439642735631,303,9231,4.123522821990177,316,9231,4.211981232362904,309.5,9231.0,29.82552504038772,orta_alt,54,False,2,tali_kucuk
54T,SADABAT EVLERİ / TALATPAŞA - TAKSİM,9.83005,52.49,5.7736792341397605,45,2554,3.936599477822564,66,2554,4.855139355981162,55.5,2554.0,46.01801801801802,orta_ust,54,False,2,tali_kucuk
54TE,SADABAT EVLERİ / TALATPAŞA - EMİNÖNÜ,12.54221,57.88,2.859676776793457,45,1614,1.9497796205409927,66,1614,2.4047281986672253,55.5,1614.0,29.08108108108108,orta_alt,54,False,2,tali_kucuk
54Ç,ÇIKSALIN - TAKSİM,7.52832,40.16,7.530048997405268,1397,79194,7.66167403450485,1373,79194,7.595861515955059,1385.0,79194.0,57.17978339350181,orta_ust,54,False,2,tali_kucuk
54ÖR,ÖRNEKTEPE - TAKSİM,7.54758,39.47,8.4421131686983,1632,103987,8.205794336697812,1679,103987,8.323953752698056,1655.5,103987.0,62.81304741769858,orta_ust,54,False,2,tali_kucuk
55,GAZİOSMANPAŞA - ŞİŞLİ,11.20174,55.46,8.330133944294765,2968,276950,7.451427832027384,3318,276950,7.890780888161075,3143.0,276950.0,88.11644925230671,ust_ceyrek,55,False,0,orta_yogunluklu
559C,RUMELİ HİSARÜSTÜ - TAKSİM,9.76064,45.89,7.365919449909012,2454,176433,6.971062988845628,2593,176433,7.16849121937732,2523.5,176433.0,69.9159896968496,ust_ceyrek,559,False,0,orta_yogunluklu
55ET,GAZİOSMANPAŞA - BEŞİKTAŞ,15.95253,73.17,2.113510959987884,183,6170,1.750101835646076,221,6170,1.93180639781698,202.0,6170.0,30.544554455445542,orta_alt,55,False,2,tali_kucuk
55T,GAZİOSMANPAŞA - TAKSİM,10.45024,50.55,6.4933874346567535,4546,308480,6.124261260985393,4820,308480,6.308824347821073,4683.0,308480.0,65.8723040785821,ust_ceyrek,55,False,0,orta_yogunluklu
55Y,KAĞITHANE GARAJI - YENİBOSNA METRO,28.54995,127.0,1.748722009177807,162,8088,3.183067027941626,89,8088,2.4658945185597165,125.5,8088.0,64.44621513944223,ust_ceyrek,55,False,3,uzun_kirsal
57UL,BEŞİKTAŞ - KURUÇEŞMEÜSTÜ,5.06486,24.03,4.082245116350699,750,15507,3.803333959332949,805,15507,3.942789537841824,777.5,15507.0,19.944694533762057,alt_ceyrek,57,False,2,tali_kucuk
58A,POLİGON MAHALLESİ- KABATAŞ,15.8133,75.24,4.854133330332784,1799,138091,4.555339520745268,1917,138091,4.704736425539027,1858.0,138091.0,74.32238966630786,ust_ceyrek,58,False,0,orta_yogunluklu
58N,FATİH SULTAN MEHMET - KABATAŞ,10.14759,46.32,8.229546527196687,2186,182553,8.147549233900344,2208,182553,8.188547880548516,2197.0,182553.0,83.09194355939918,ust_ceyrek,58,False,0,orta_yogunluklu
58UL,ULUS MAHALLESİ - KABATAŞ,8.86119,40.27,5.481366336962481,168,8160,3.153662824005811,292,8160,4.317514580484146,230.0,8160.0,35.47826086956522,orta_alt,58,False,2,tali_kucuk
59A,İSTİNYE DEREİÇİ - ŞİŞLİ,15.28149,72.59,4.530937073464901,1282,88765,4.011506442114643,1448,88765,4.271221757789772,1365.0,88765.0,65.02930402930403,ust_ceyrek,59,False,2,tali_kucuk
59CH,ARNAVUTKÖY - MECİDİYEKÖY,7.17312,33.45,3.013610474634363,671,14505,2.612574455400074,774,14505,2.8130924650172187,722.5,14505.0,20.07612456747405,alt_ceyrek,59,False,2,tali_kucuk
59HS,HACIOSMAN METRO - SARITEPE KAMPÜSÜ,19.77233,95.08,1.4867776748379888,340,9995,0.9026864454373504,560,9995,1.1947320601376696,450.0,9995.0,22.211111111111112,alt_ceyrek,59,False,2,tali_kucuk
59K, KARAYOLLARI / ETİLER - ŞİŞLİ,9.99605,42.77,2.419552214352739,285,6893,2.3296364226031443,296,6893,2.374594318477942,290.5,6893.0,23.72805507745267,alt_ceyrek,59,False,2,tali_kucuk
59N,FATİH SULTAN MEHMET - ŞİŞLİ,8.0804,35.07,6.953485275093984,2466,138557,6.878176770309573,2493,138557,6.915831022701779,2479.5,138557.0,55.88102440008066,orta_ust,59,False,0,orta_yogunluklu
59R,RUMELİ HİSARÜSTÜ - ŞİŞLİ,7.69138,33.18,7.397350453798062,720,40965,9.701443218095818,549,40965,8.54939683594694,634.5,40965.0,64.56264775413712,ust_ceyrek,59,False,2,tali_kucuk
59RH,RUMELİ HİSARÜSTÜ - HACIOSMAN METRO,10.22554,48.25,1.767367704456342,249,4500,1.1460274958584094,384,4500,1.4566976001573757,316.5,4500.0,14.218009478672986,alt_ceyrek,59,False,2,tali_kucuk
59RK,RUMELİ HİSARÜSTÜ - SARITEPE KAMPÜSÜ,34.80894,164.37,0.7851496696903503,966,26401,0.5413665816708625,1401,26401,0.6632581256806064,1183.5,26401.0,22.30756231516688,alt_ceyrek,59,False,3,uzun_kirsal
59RS,SARIYER - RUMELİ HİSARÜSTÜ,19.27069,91.68,1.675763887323667,2255,72821,1.431924049228825,2639,72821,1.553843968276246,2447.0,72821.0,29.759297098487945,orta_alt,59,False,0,orta_yogunluklu
6,ESATPAŞA / KÜÇÜKÇAMLICA - HAREM,13.48421,65.12,4.513273637492928,1816,110518,3.74764742829774,2187,110518,4.130460532895334,2001.5,110518.0,55.21758680989258,orta_ust,6,False,0,orta_yogunluklu
62,KAĞITHANE / GÜLTEPE - KABATAŞ,11.99186,56.49,9.274065998791752,4135,459867,8.55033732553041,4485,459867,8.912201662161081,4310.0,459867.0,106.69767981438515,ust_ceyrek,62,False,0,orta_yogunluklu
622,YENİDOĞAN - MECİDİYEKÖY,35.81883,171.32,1.475753286680804,5248,277408,1.375377952140092,5631,277408,1.425565619410448,5439.5,277408.0,50.99880503722768,orta_ust,622,False,1,ana_arter
62G,EMNİYETTEPE /  HAMİDİYE - BEŞİKTAŞ,15.11748,72.31,6.134091959310309,959,88930,5.391928679173773,1091,88930,5.763010319242041,1025.0,88930.0,86.7609756097561,ust_ceyrek,62,False,2,tali_kucuk
62H,EMNİYETTEPE - HACIOSMAN METRO,19.00696,91.0,1.7250802056693872,279,9148,1.5525721851024488,310,9148,1.638826195385918,294.5,9148.0,31.062818336162987,orta_alt,62,False,2,tali_kucuk
63,KAĞITHANE / ÇELİKTEPE - KABATAŞ,11.6685,63.98,6.769536508517287,3415,269752,6.66608050074583,3468,269752,6.717808504631559,3441.5,269752.0,78.38210082812726,ust_ceyrek,63,False,0,orta_yogunluklu
64Ç,EMNİYETTEPE/ÇELİKTEPE-ŞİŞLİ,15.2836,73.65,2.9985053906963874,372,17048,1.7003719593583173,656,17048,2.3494386750273524,514.0,17048.0,33.16731517509728,orta_alt,64,False,2,tali_kucuk
65A,SEYRANTEPE - KAĞITHANE GARAJI,18.72722,96.46,3.113737816746488,738,43034,2.581953380627987,890,43034,2.847845598687237,814.0,43034.0,52.86732186732187,orta_ust,65,False,2,tali_kucuk
65G,KAĞITHANE / GÜLTEPE - ŞİŞLİ,9.44407,43.92,8.420852605309607,3005,238979,8.139164386926781,3109,238979,8.280008496118194,3057.0,238979.0,78.17435394177298,ust_ceyrek,65,False,0,orta_yogunluklu
66,GÜLBAĞ - EMİNÖNÜ,9.3252,44.41,7.803126761353144,1686,122683,6.777986460402576,1941,122683,7.29055661087786,1813.5,122683.0,67.64984835952578,ust_ceyrek,66,False,2,tali_kucuk
66Z,ZİNCİRLİDERE - ŞİŞLİ,5.35441,22.99,4.933779021060274,103,2721,2.619480614274269,194,2721,3.776629817667272,148.5,2721.0,18.32323232323232,alt_ceyrek,66,False,2,tali_kucuk
7,TOPAĞACI MAHALLESİ / ÜMRANİYE - RASATHANE,9.71412,66.63,6.447168804644315,140,8768,3.380537950000764,267,8768,4.91385337732254,203.5,8768.0,43.08599508599509,orta_ust,7,False,2,tali_kucuk
70D,KURTULUŞ / DOLAPDERE - EMİNÖNÜ,7.84988,37.05,3.996038290092534,76,2384,2.7608991822457507,110,2384,3.3784687361691423,93.0,2384.0,25.634408602150536,alt_ceyrek,70,False,2,tali_kucuk
70FE,FERİKÖY - EMİNÖNÜ,8.10121,38.11,7.020245521530304,2831,161006,6.56134535208065,3029,161006,6.790795436805477,2930.0,161006.0,54.95085324232082,orta_ust,70,False,0,orta_yogunluklu
70FY,FERİKÖY - YENİKAPI,10.3636,51.83,9.284166824689088,46,4426,9.7061744076295,44,4426,9.495170616159294,45.0,4426.0,98.35555555555555,ust_ceyrek,70,False,2,tali_kucuk
70KE,KURTULUŞ - EMİNÖNÜ,8.51064,40.36,4.000541652721858,212,7218,1.3745783312431668,617,7218,2.6875599919825124,414.5,7218.0,17.41375150784077,alt_ceyrek,70,False,2,tali_kucuk
70KY,KURTULUŞ - YENİKAPI,9.13254,46.14,5.353321369567311,3129,152975,5.279086846951187,3173,152975,5.3162041082592495,3151.0,152975.0,48.548079974611234,orta_ust,70,False,0,orta_yogunluklu
71T,ATAKÖY - TAKSİM,20.11931,94.2,3.373494905699216,431,29253,3.304491600809914,440,29253,3.338993253254565,435.5,29253.0,67.17106773823191,ust_ceyrek,71,False,2,tali_kucuk
72T,YEŞİLKÖY - TAKSİM,24.32506,113.15,4.05367495807763,1393,137358,3.86500288610687,1461,137358,3.95933892209225,1427.0,137358.0,96.25648213034336,ust_ceyrek,72,False,2,tali_kucuk
72YT,CERRAHPAŞA TIP FAK. MURAT DİLMENER ACİL DURUM HASTANESİ-YENİKAPI,16.19644,78.45,3.430109058259442,45,2500,0.4372660272568693,353,2500,1.933687542758156,199.0,2500.0,12.56281407035176,alt_ceyrek,72,False,2,tali_kucuk
73,YENİBOSNA METRO- TAKSİM,16.97494,83.64,4.968402008560232,2270,191448,4.728835454688356,2385,191448,4.848618731624294,2327.5,191448.0,82.2547798066595,ust_ceyrek,73,False,0,orta_yogunluklu
73F,FLORYA - TAKSİM,26.45222,133.93,4.172842671842,63,6954,2.8574900905005,92,6954,3.51516638117125,77.5,6954.0,89.72903225806452,ust_ceyrek,73,False,3,uzun_kirsal
73H,CERRAHPAŞA MURAT DİLMENER HASTANESİ - YENİBOSNA METRO,9.75771,53.55,3.5875999390955955,2219,77680,2.5450397266154496,3128,77680,3.0663198328555223,2673.5,77680.0,29.05554516551337,orta_alt,73,False,0,orta_yogunluklu
73Y,KUYUMCUKENT - YEŞİLKÖY / AKVARYUM,16.16526,74.16,1.8429094930184304,225,6703,1.2565291997852934,330,6703,1.549719346401862,277.5,6703.0,24.15495495495496,alt_ceyrek,73,False,2,tali_kucuk
74,HİLTON SİTESİ - EMİNÖNÜ,9.67208,41.73,3.4314117427573896,90,2987,2.3220079462268046,133,2987,2.876709844492097,111.5,2987.0,26.789237668161437,alt_ceyrek,74,False,2,tali_kucuk
74A,GAYRETTEPE - EMİNÖNÜ,8.98014,40.68,10.422026788012529,389,36407,9.96110177036087,407,36407,10.1915642791867,398.0,36407.0,91.4748743718593,ust_ceyrek,74,False,2,tali_kucuk
76,BEYLİKDÜZÜ - BAKIRKÖY,28.87691,142.69,2.4708555857879446,519,37031,2.352979906465951,545,37031,2.411917746126948,532.0,37031.0,69.60714285714286,ust_ceyrek,76,False,3,uzun_kirsal
76A,KİPTAŞ VADİTEPE - YENİKAPI,30.90838,149.8,2.4248456874171973,77,5771,1.667081410099323,112,5771,2.04596354875826,94.5,5771.0,61.06878306878307,orta_ust,76,False,3,uzun_kirsal
76B,AVCILAR CİHANGİR MAHALLESİ - AVCILAR METROBÜS,4.57687,19.78,0.6178869703951433,343,970,0.1322941515889726,1602,970,0.3750905609920579,972.5,970.0,0.9974293059125964,alt_ceyrek,76,False,2,tali_kucuk
76D,BAHÇEŞEHİR / ESENKENT - TAKSİM,39.33971,191.17,1.7310273680076549,5198,353974,1.5791295645671797,5698,353974,1.6550784662874172,5448.0,353974.0,64.97320117474302,ust_ceyrek,76,False,1,ana_arter
76G,GÜRPINAR - AVCILAR METROBÜS,20.41654,98.66,4.068497527364858,1021,84809,3.358072736814487,1237,84809,3.713285132089673,1129.0,84809.0,75.118689105403,ust_ceyrek,76,False,2,tali_kucuk
76GM,GÜRPINAR-BEYKENT METROBÜS,11.04916,55.15,0.8611651487671023,330,3140,0.285612561902657,995,3140,0.5733888553348796,662.5,3140.0,4.739622641509434,alt_ceyrek,76,False,2,tali_kucuk
76O,AVCILAR CİHANGİR MAHALLESİ - OTOGAR,35.9269,166.45,3.3223085426551098,3728,444975,3.0702940622256447,4034,444975,3.196301302440377,3881.0,444975.0,114.65472816284463,ust_ceyrek,76,False,3,uzun_kirsal
76TM,TEPEKENT - HARAMİDERE,27.0706,138.37,1.1937018408560784,942,30440,0.8649747185280199,1300,30440,1.0293382796920492,1121.0,30440.0,27.154326494201605,alt_ceyrek,76,False,3,uzun_kirsal
76V,KİPTAŞ VADİTEPE - BAKIRKÖY,36.00993,171.28,2.436902492508122,372,32644,2.1430915536950867,423,32644,2.2899970231016047,397.5,32644.0,82.12327044025157,ust_ceyrek,76,False,3,uzun_kirsal
77,YENİKAPI-ŞİŞLİ,12.72269,62.49,7.380881282531581,2444,229503,7.224218604127827,2497,229503,7.302549943329704,2470.5,229503.0,92.89738919247117,ust_ceyrek,77,False,0,orta_yogunluklu
77A,VEZNECİLER-ŞİŞLİ,10.21626,50.44,7.092421576140924,2013,145858,6.753568889674399,2114,145858,6.922995232907661,2063.5,145858.0,70.68475890477345,ust_ceyrek,77,False,0,orta_yogunluklu
77Ç,ÇIKSALIN - EMİNÖNÜ,7.23851,35.56,3.911405444872174,1263,35759,3.8206535784018216,1293,35759,3.866029511636998,1278.0,35759.0,27.980438184663537,orta_alt,77,False,2,tali_kucuk
78,METROKENT - EMİNÖNÜ,33.45982,147.15,3.187968109328432,2455,261872,3.0897993321757995,2533,261872,3.138883720752116,2494.0,261872.0,105.00080192461908,ust_ceyrek,78,False,3,uzun_kirsal
78B,FENERTEPE PERON/BAŞAKŞEHİR - YENİBOSNA METRO,27.10929,126.6,0.9917630998577248,614,16508,1.035616570259597,588,16508,1.013689835058661,601.0,16508.0,27.467554076539106,orta_alt,78,False,3,uzun_kirsal
78C,YUNUS EMRE MAHALLESİ - FENERTEPE,29.41131,146.24,1.75265107972553,2952,152169,1.6077768761186342,3218,152169,1.6802139779220822,3085.0,152169.0,49.32544570502432,orta_ust,78,False,0,orta_yogunluklu
78E,FENERTEPE PERON/BAŞAKŞEHİR - KAYABAŞI KİPTAŞ,30.46115,154.65,1.707285460686063,1531,79621,1.392570080080108,1877,79621,1.5499277703830856,1704.0,79621.0,46.72593896713615,orta_ust,78,False,3,uzun_kirsal
78F,FENERTEPE - BAŞAKŞEHİR - METROKENT,38.81849,197.88,1.4555926466721818,1663,93966,1.1722278796202608,2065,93966,1.3139102631462212,1864.0,93966.0,50.41094420600859,orta_ust,78,False,3,uzun_kirsal
78G,FENERTEPE PERON/BAŞAKŞEHİR - KAYAŞEHİR,31.73085,150.21,1.3704220367451891,945,41093,1.203576974650747,1076,41093,1.2869995056979682,1010.5,41093.0,40.66600692726373,orta_alt,78,False,3,uzun_kirsal
78H,FENERTEPE PERON/BAŞAKŞEHİR - EMİNÖNÜ,36.10162,160.57,1.1953289105732543,287,12385,1.0364332245756014,331,12385,1.1158810675744275,309.0,12385.0,40.080906148867314,orta_alt,78,False,3,uzun_kirsal
78K,FENERTEPE PERON/BAŞAKŞEHIR-K.S.S. HASTANESİ,25.76189,127.61,0.0288721694290505,363,270,0.0274361191171343,382,270,0.0281541442730924,372.5,270.0,0.7248322147651006,alt_ceyrek,78,False,2,tali_kucuk
78ZB,FENERTEPE PERON/BAŞAKŞEHİR - ZEYTİNBURNU,37.72862,186.77,2.6112426344001207,592,58323,2.972799306855522,520,58323,2.7920209706278216,556.0,58323.0,104.89748201438849,ust_ceyrek,78,False,3,uzun_kirsal
79B,KAYAŞEHİR - BAKIRKÖY,38.28063,179.44,2.4036833454693025,1447,133145,2.2629341580312823,1537,133145,2.3333087517502924,1492.0,133145.0,89.2392761394102,ust_ceyrek,79,False,3,uzun_kirsal
79C,KAYAŞEHİR - CEBECİ MAHALLESİ,26.60684,131.62,1.1523544834199164,704,21585,0.9692443922671696,837,21585,1.060799437843543,770.5,21585.0,28.01427644386762,orta_alt,79,False,3,uzun_kirsal
79E,KAYABAŞI KİPTAŞ / KAYAŞEHİR - EMİNÖNÜ,42.26289,194.95,1.753831242171474,1902,140980,1.6571222168952524,2013,140980,1.705476729533363,1957.5,140980.0,72.02043422733078,ust_ceyrek,79,False,3,uzun_kirsal
79F,KAYAŞEHİR - YENİBOSNA METRO,37.05988,190.98,1.7145290410556877,1081,68687,1.453651681083293,1275,68687,1.5840903610694903,1178.0,68687.0,58.3081494057725,orta_ust,79,False,3,uzun_kirsal
79FY,FENERTEPE-YENİBOSNA METRO,30.26874,142.15,0.5291657364920618,1688,27037,0.5384157704632913,1659,27037,0.5337907534776765,1673.5,27037.0,16.155960561697043,alt_ceyrek,79,False,3,uzun_kirsal
79G,KAYAŞEHİR - ZEYTİNBURNU,30.97546,150.32,2.0025762653124377,1595,98939,1.7473244765718476,1828,98939,1.874950370942143,1711.5,98939.0,57.80835524393807,orta_ust,79,False,3,uzun_kirsal
79GE,GÜVERCİNTEPE/FENERTEPE-EMİNÖNÜ,39.27429,189.58,2.83156098225611,212,23576,1.6401391481920635,366,23576,2.2358500652240867,289.0,23576.0,81.57785467128028,ust_ceyrek,79,False,3,uzun_kirsal
79K,KAYAŞEHİR - YENİBOSNA METRO,29.73047,136.81,1.1859068485490247,1949,68717,0.7766574085423552,2976,68717,0.98128212854569,2462.5,68717.0,27.905380710659895,orta_alt,79,False,3,uzun_kirsal
79KM,KAYAŞEHİR - MECİDİYEKÖY,39.88395,193.75,1.60142676019338,2384,152269,1.5054421909704332,2536,152269,1.5534344755819065,2460.0,152269.0,61.8979674796748,orta_ust,79,False,3,uzun_kirsal
79KT,KAYABAŞI KİPTAŞ - TEKSTİLKENT METRO,25.16398,130.45,2.02038869083665,1019,51807,1.6944659061420138,1215,51807,1.857427298489332,1117.0,51807.0,46.380483437779766,orta_ust,79,False,2,tali_kucuk
79T,KAYABAŞI KİPTAŞ - TAKSİM,43.03796,202.73,1.0854002985770317,656,30644,0.9821001322297004,725,30644,1.033750215403366,690.5,30644.0,44.37943519188993,orta_ust,79,False,3,uzun_kirsal
79Y,KAYABAŞI KİPTAŞ / KAYAŞEHİR - YENİBOSNA METRO,26.68201,132.27,2.215259008793194,1190,70338,1.824330948417924,1445,70338,2.019794978605559,1317.5,70338.0,53.38747628083492,orta_ust,79,False,3,uzun_kirsal
8,VALİEVLERİ - KADIKÖY,4.23445,22.46,4.083512279381873,525,9078,3.561202569228377,602,9078,3.822357424305125,563.5,9078.0,16.11002661934339,alt_ceyrek,8,False,2,tali_kucuk
80T,KAZLIÇEŞME - TAKSİM,12.02185,56.37,3.58326920509858,2812,121134,3.203864230441083,3145,121134,3.3935667177698314,2978.5,121134.0,40.66946449555145,orta_alt,80,False,0,orta_yogunluklu
82,KUYUMCUKENT - EMİNÖNÜ,18.90542,84.27,3.3769415683567425,1873,119577,3.448752212394863,1834,119577,3.4128468903758025,1853.5,119577.0,64.51416239546803,ust_ceyrek,82,False,0,orta_yogunluklu
85C,DAVUTPAŞA YTÜ - KAZLIÇEŞME,10.31346,50.83,2.7610053567019657,2267,64554,1.735773473001485,3606,64554,2.2483894148517254,2936.5,64554.0,21.983313468414774,alt_ceyrek,85,False,0,orta_yogunluklu
86V,EYÜPSULTAN - VEZNECİLER,7.9805,35.49,6.167225969347985,5870,288907,5.912398569340629,6123,288907,6.039812269344307,5996.5,288907.0,48.17927124155757,orta_ust,86,False,1,ana_arter
87,TOPKAPI / EDİRNEKAPI - TAKSİM,9.98803,50.4,6.753592092103805,2549,171943,6.5406178733938445,2632,171943,6.647104982748825,2590.5,171943.0,66.37444508782089,ust_ceyrek,87,False,0,orta_yogunluklu
88,SULTANGAZİ PERON - TOPKAPI,15.81731,73.47,3.39585766058409,2550,136969,3.0849437244351368,2807,136969,3.2404006925096134,2678.5,136969.0,51.136456972185925,orta_ust,88,False,0,orta_yogunluklu
88A,SULTANGAZİ PERON-YENİKAPI,18.96989,90.36,3.143652752969292,1462,87186,3.019724260736599,1522,87186,3.0816885068529456,1492.0,87186.0,58.43565683646113,orta_ust,88,False,2,tali_kucuk
89A,K.S.S. HASTANESİ - ZEYTİNBURNU,27.85735,130.54,1.8508091598719736,2703,139363,1.5275533310332654,3275,139363,1.6891812454526196,2989.0,139363.0,46.62529274004684,orta_ust,89,False,0,orta_yogunluklu
89B,KÜÇÜKÇEKMECE - AKSARAY,18.42714,90.61,2.9195164062189143,2767,148860,2.653844249674026,3044,148860,2.7866803279464705,2905.5,148860.0,51.2338668043366,orta_ust,89,False,0,orta_yogunluklu
89C,İETT İKİTELLİ GARAJI-TAKSİM,24.47163,121.07,3.939126478080932,2346,226147,3.5298665842543406,2618,226147,3.734496531167636,2482.0,226147.0,91.11482675261884,ust_ceyrek,89,False,0,orta_yogunluklu
89F,KÜÇÜKÇEKMECE-İSTOÇ,18.50548,89.28,3.242940680979012,575,34507,2.1335136059072446,874,34507,2.688227143443128,724.5,34507.0,47.628709454796414,orta_ust,89,False,2,tali_kucuk
89K,K.S.S. HASTANESİ - AKSARAY,26.18786,125.05,2.4992021208987256,3093,202433,2.1885708267100106,3532,202433,2.343886473804368,3312.5,202433.0,61.11184905660377,orta_ust,89,False,0,orta_yogunluklu
89M,MEHMET AKİF MAHALLESİ - ZEYTİNBURNU,20.26478,100.54,1.6221652689864663,1148,37738,1.5226866138973538,1223,37738,1.5724259414419102,1185.5,37738.0,31.832981864192323,orta_alt,89,False,2,tali_kucuk
89S,SÖĞÜTLÜÇEŞME - ZEYTİNBURNU,12.49583,70.71,3.331913531366596,3192,132899,3.162494199263209,3363,132899,3.2472038653149027,3277.5,132899.0,40.5488939740656,orta_alt,89,False,0,orta_yogunluklu
89T,K.S.S. HASTANESİ/ATAKENT-TAKSİM,37.02229,187.02,2.939288417650068,542,58980,2.59461616020576,614,58980,2.7669522889279143,578.0,58980.0,102.04152249134948,ust_ceyrek,89,False,3,uzun_kirsal
89YB,K.S.S. HASTANESİ/ATAKENT - BAKIRKÖY,27.6358,132.01,2.849951286399661,351,27645,2.7633505567024343,362,27645,2.806650921551048,356.5,27645.0,77.54558204768584,ust_ceyrek,89,False,3,uzun_kirsal
8A,BATI ATAŞEHİR / FİKİRTEPE - KADIKÖY,11.53106,58.45,4.852454594953309,5754,321959,4.434724227979883,6296,321959,4.643589411466596,6025.0,321959.0,53.43717842323652,orta_ust,8,False,1,ana_arter
8E,ESENEVLER - KADIKÖY,11.65283,58.4,5.615767750761402,2905,190102,5.60419282581995,2911,190102,5.609980288290676,2908.0,190102.0,65.37207702888583,ust_ceyrek,8,False,0,orta_yogunluklu
8K,TEPEÜSTÜ - ATAŞEHİR / KOZYATAĞI METRO,34.20432,82.75,1.467650869831647,30,1506,1.0006710476124865,44,1506,1.2341609587220668,37.0,1506.0,40.7027027027027,orta_alt,8,False,3,uzun_kirsal
8Y,SOYAK YENİŞEHİR - YENİSAHRA METRO,9.01011,44.54,5.276295183965567,100,4754,5.073360753813046,104,4754,5.174827968889307,102.0,4754.0,46.6078431372549,orta_ust,8,False,2,tali_kucuk
90,DRAMAN - EMİNÖNÜ,5.87523,23.82,4.577803562680604,2597,69848,7.5965213113619985,1565,69848,6.087162437021301,2081.0,69848.0,33.564632388274866,orta_alt,90,False,0,orta_yogunluklu
90B,DRAMAN - AKSARAY,3.77299,16.3,6.799921145499622,1160,29761,6.465498794081608,1220,29761,6.632709969790614,1190.0,29761.0,25.009243697478997,alt_ceyrek,90,False,2,tali_kucuk
91E,GÖZTEPE MAHALLESİ - AKSARAY,12.4679,61.32,4.8926375084970495,3278,199961,5.434790156846264,2951,199961,5.163713832671657,3114.5,199961.0,64.203242896131,ust_ceyrek,91,False,0,orta_yogunluklu
91M,FATİH MAHALLESİ YANYOL- MECİDİYEKÖY METROBÜS,15.30232,75.35,1.4384331027166883,176,3874,1.02912287023633,246,3874,1.2337779864765093,211.0,3874.0,18.36018957345972,alt_ceyrek,91,False,2,tali_kucuk
92,YENİ MAHALLE METRO - EMİNÖNÜ,20.21821,93.64,3.5239555806344067,649,46240,3.774005234045759,606,46240,3.648980407340083,627.5,46240.0,73.68924302788845,ust_ceyrek,92,False,2,tali_kucuk
92B,YENİ MAHALLE METRO / ATEŞTUĞLA - AKSARAY,14.21482,74.23,7.345463869490537,1952,203817,6.681428459107888,2146,203817,7.0134461642992125,2049.0,203817.0,99.4714494875549,ust_ceyrek,92,False,0,orta_yogunluklu
92C,HAZNEDAR - EMİNÖNÜ,16.42174,77.78,3.411233057699195,544,30474,3.411233057699195,544,30474,3.411233057699195,544.0,30474.0,56.01838235294117,orta_ust,92,False,2,tali_kucuk
92K,YENİ MAHALLE METRO / KİRAZLI - AKSARAY,16.24878,80.65,5.452717065527381,45,3987,3.6622726559512255,67,3987,4.557494860739303,56.0,3987.0,71.19642857142857,ust_ceyrek,92,False,2,tali_kucuk
92M,BAĞCILAR DEVLET HASTANESİ - MECİDİYEKÖY,21.51293,105.42,1.5426434990117757,1044,34647,1.488465631209144,1082,34647,1.5155545651104598,1063.0,34647.0,32.59360301034807,orta_alt,92,False,2,tali_kucuk
92T,BAĞCILAR DEVLET HASTANESİ - TAKSİM,20.22438,94.15,4.498612633670193,1308,119004,4.4043303329645305,1336,119004,4.451471483317362,1322.0,119004.0,90.01815431164901,ust_ceyrek,92,False,2,tali_kucuk
93,ZEYTİNBURNU - EMİNÖNÜ,16.89102,76.52,6.054526723649337,1576,161173,6.124476326361589,1558,161173,6.089501525005463,1567.0,161173.0,102.85449904275686,ust_ceyrek,93,False,2,tali_kucuk
93M,ZEYTİNBURNU - MECİDİYEKÖY,20.27741,97.96,3.8811938457326702,4652,366115,3.947379486302663,4574,366115,3.9142866660176665,4613.0,366115.0,79.3659223932365,ust_ceyrek,93,False,0,orta_yogunluklu
93T,ZEYTİNBURNU - TAKSİM,18.75683,89.22,6.012482544486141,2877,324454,5.810518065329737,2977,324454,5.911500304907939,2927.0,324454.0,110.84865049538776,ust_ceyrek,93,False,0,orta_yogunluklu
97,15 TEMMUZ MAHALLESİ - AKSARAY,18.44106,87.77,3.9134566717250254,9347,674557,4.167606187833408,8777,674557,4.040531429779216,9062.0,674557.0,74.43798278525712,ust_ceyrek,97,False,1,ana_arter
97A,BASINSİTESİ - EMİNÖNÜ,15.05365,69.44,4.338865322040289,1783,116458,4.660359559757733,1660,116458,4.499612440899011,1721.5,116458.0,67.6491431890793,ust_ceyrek,97,False,2,tali_kucuk
97BT,KOCASİNAN İTFAİYE-TAKSİM,19.2841,91.78,3.744918938625491,92,6644,2.5148360755733226,137,6644,3.1298775070994065,114.5,6644.0,58.02620087336245,orta_ust,97,False,2,tali_kucuk
97E,MAHMUTBEY - KAZLIÇEŞME,21.31252,101.52,2.814290451947509,687,41206,2.4319717490414323,795,41206,2.6231311004944704,741.0,41206.0,55.608636977058026,orta_ust,97,False,2,tali_kucuk
97G,YENİ MAHALLE METRO - AKSARAY,15.30693,76.31,6.142188901076541,2160,203079,5.801105389735606,2287,203079,5.971647145406074,2223.5,203079.0,91.3330335057342,ust_ceyrek,97,False,0,orta_yogunluklu
97GE,15 TEMMUZ MAHALLESİ - EMİNÖNÜ,21.8663,103.75,4.718685313896054,2120,218742,4.590919167260044,2179,218742,4.654802240578048,2149.5,218742.0,101.76413119330076,ust_ceyrek,97,False,0,orta_yogunluklu
97KZ,KOCASİNAN - ZEYTİNBURNU,14.40985,74.62,2.4895590297907657,302,10834,1.4858632944601011,506,10834,1.9877111621254333,404.0,10834.0,26.81683168316832,alt_ceyrek,97,False,2,tali_kucuk
97M,15 TEMMUZ MAHALLESİ - MECİDİYEKÖY,22.19111,110.08,2.6062141574703066,3559,205834,2.322362590494948,3994,205834,2.464288373982628,3776.5,205834.0,54.503905732821394,orta_ust,97,False,0,orta_yogunluklu
97T,BASINSİTESİ - TAKSİM,17.5783,84.45,5.221368114073445,1045,95913,5.05215711037662,1080,95913,5.1367626122250325,1062.5,95913.0,90.27105882352942,ust_ceyrek,97,False,2,tali_kucuk
98,FENERTEPE/BAŞAKŞEHİR - BAKIRKÖY,33.64343,162.65,5.055854328831557,1963,333899,4.757738277802659,2086,333899,4.906796303317108,2024.5,333899.0,164.92911830081502,ust_ceyrek,98,False,3,uzun_kirsal
98A,GÖZTEPE MAHALLESİ - BAKIRKÖY,17.08317,78.21,4.932591360634495,647,54519,4.160869113859868,767,54519,4.546730237247182,707.0,54519.0,77.11315417256012,ust_ceyrek,98,False,2,tali_kucuk
98AB,ATAKENT/HALKALI - BAKIRKÖY,20.19283,93.4,6.08156775749945,2067,253836,5.114158077604298,2458,253836,5.597862917551874,2262.5,253836.0,112.19270718232043,ust_ceyrek,98,False,0,orta_yogunluklu
98B,KUYUMCUKENT - BAKIRKÖY,11.24457,53.92,9.244703596051783,2411,250630,9.607319125034849,2320,250630,9.426011360543315,2365.5,250630.0,105.95222997252166,ust_ceyrek,98,False,0,orta_yogunluklu
98D,YENİ MAHALLE METRO - BAKIRKÖY,9.60822,47.63,8.985597642483082,1177,101617,8.21121772143058,1288,101617,8.598407681956832,1232.5,101617.0,82.44787018255577,ust_ceyrek,98,False,2,tali_kucuk
98E,GÜNEŞLİ BASIN TESİSLERİ - BAKIRKÖY,14.04265,74.68,4.898091045338436,404,27788,4.201334994303032,471,27788,4.549713019820734,437.5,27788.0,63.51542857142857,ust_ceyrek,98,False,2,tali_kucuk
98G,GİYİMKENT / TURGUTREİS - BAKIRKÖY,19.03208,91.88,4.53251617105925,1003,86522,3.6514969635119896,1245,86522,4.09200656728562,1124.0,86522.0,76.97686832740213,ust_ceyrek,98,False,2,tali_kucuk
98H,METROKENT - BAKIRKÖY,31.59324,145.65,3.087639102755876,1896,184952,2.581200943044595,2268,184952,2.834420022900235,2082.0,184952.0,88.83381364073007,ust_ceyrek,98,False,3,uzun_kirsal
98KM,FENERTEPE - SEFAKÖY METROBÜS,30.40267,148.68,1.990570598683292,2599,157288,1.7360714718046564,2980,157288,1.8633210352439744,2789.5,157288.0,56.38573221007349,orta_ust,98,False,3,uzun_kirsal
98M,İSTOÇ - BAKIRKÖY,17.76587,82.5,4.7338580010538,633,53236,4.426192193008945,677,53236,4.580025097031372,655.0,53236.0,81.27633587786259,ust_ceyrek,98,False,2,tali_kucuk
98MB,MEHMET AKİF MAHALLESİ - BAKIRKÖY,20.34632,94.19,2.71781560558715,326,18027,2.243057942839015,395,18027,2.4804367742130826,360.5,18027.0,50.005547850208046,orta_ust,98,False,2,tali_kucuk
98S,K.S.S. HASTANESİ - BAKIRKÖY,20.05288,94.61,5.553815215716384,3019,336226,4.725752011343789,3548,336226,5.139783613530087,3283.5,336226.0,102.39865996649915,ust_ceyrek,98,False,0,orta_yogunluklu
98T,K.S.S. HASTANESİ/ATAKENT-BAKIRKÖY,30.32624,147.92,2.035373240840419,575,35492,1.500435401901591,780,35492,1.767904321371005,677.5,35492.0,52.38671586715867,orta_ust,98,False,3,uzun_kirsal
98TB,FATİH MAHALLESİ - BAKIRKÖY,15.06878,70.87,1.1736041410582445,552,9762,1.0332208705967318,627,9762,1.1034125058274882,589.5,9762.0,16.559796437659035,alt_ceyrek,98,False,2,tali_kucuk
98Y,GİYİMKENT / YÜZYIL MAHALLESİ - BAKIRKÖY,16.74088,74.32,4.743251110750532,1194,94811,4.2013663399377865,1348,94811,4.47230872534416,1271.0,94811.0,74.59559402045633,ust_ceyrek,98,False,2,tali_kucuk
99A,GAZİOSMANPAŞA - EMİNÖNÜ,8.80778,37.65,4.551294956214703,4009,160708,4.570676723312813,3992,160708,4.560985839763758,4000.5,160708.0,40.17197850268717,orta_alt,99,False,0,orta_yogunluklu
9A,ATAKENT - ÜMRANİYE METRO,10.23747,63.36,2.2132086987954698,111,2515,1.5952348413395918,154,2515,1.9042217700675308,132.5,2515.0,18.9811320754717,alt_ceyrek,9,False,2,tali_kucuk
9H,CUMHURİYETKÖY / HÜSEYİNLİ - ÇEKMEKÖY ,39.13814,187.98,1.19201389362988,421,19641,1.1863778941328122,423,19641,1.189195893881346,422.0,19641.0,46.54265402843602,orta_ust,9,False,3,uzun_kirsal
9K,ATATÜRK MAH./ TAŞDELEN - KADIKÖY ,31.4274,154.05,2.4710499178741667,709,55060,2.078261437452888,843,55060,2.274655677663527,776.0,55060.0,70.95360824742268,ust_ceyrek,9,False,3,uzun_kirsal
9KS,KASABA EVLERİ/ ÖMERLİ - NECİP FAZIL METRO,30.37842,151.04,0.5824568113502554,255,4512,0.4730142894723411,314,4512,0.5277355504112983,284.5,4512.0,15.85940246045694,alt_ceyrek,9,False,3,uzun_kirsal
9T,ŞAHİNBEY - ALTUNİZADE METROBÜS,16.58797,82.71,2.3792342683683816,180,7104,1.6039781584505943,267,7104,1.991606213409488,223.5,7104.0,31.78523489932886,orta_alt,9,False,2,tali_kucuk
9ÇN,ÇEKMEKÖY - NİŞANTEPE / ÖZYEĞİN ÜNİVERSİTESİ ,26.52739,125.9,1.939337779564939,395,20321,1.3184826556422562,581,20321,1.6289102176035977,488.0,20321.0,41.64139344262295,orta_alt,9,False,3,uzun_kirsal
BA-1,ÇARŞI-TEPEKÖY-KADIYORAN,4.29536,10.39,2.508629377764519,1394,15021,1.4408856005783848,2427,15021,1.974757489171452,1910.5,15021.0,7.862339701648783,alt_ceyrek,BA-1,False,2,tali_kucuk
BA-2,ÇARŞI-LUNAPARK,3.28992,15.77,1.529021425728636,10442,52527,1.690064753621088,9447,52527,1.609543089674862,9944.5,52527.0,5.282015184272714,alt_ceyrek,BA-2,False,1,ana_arter
BA-4,ÇINAR-KUMSAL-MADEN,6.24085,15.1,1.2904987734221909,1877,15117,0.5360181893590291,4519,15117,0.91325848139061,3198.0,15117.0,4.727016885553471,alt_ceyrek,BA-4,False,0,orta_yogunluklu
BA-5,ÇARŞI-NİZAM,5.95187,14.4,1.8273329999236136,1073,11670,0.9522721267207565,2059,11670,1.389802563322185,1566.0,11670.0,7.452107279693487,alt_ceyrek,BA-5,False,2,tali_kucuk
BM4,KAVAKLI - HARAMİDERE METROBÜS,14.12437,70.52,1.7204307165558537,90,2187,0.8106741596336482,191,2187,1.265552438094751,140.5,2187.0,15.565836298932384,alt_ceyrek,BM4,False,2,tali_kucuk
BM5,SAHİL MAH./ KAVAKLI - HARAMİDERE,9.53296,52.32,2.5857165780912093,214,5275,1.676798023368239,330,5275,2.131257300729724,272.0,5275.0,19.393382352941178,alt_ceyrek,BM5,False,2,tali_kucuk
BM6,BEYLİKDÜZÜ - HARAMİDERE,22.78143,116.52,1.533203641236368,1050,36675,1.454258196294658,1107,36675,1.493730918765513,1078.5,36675.0,34.00556328233658,orta_alt,BM6,False,2,tali_kucuk
BN1,HALKALI - EMİNÖNÜ,34.94072,161.18,1.9652264962306216,4203,288605,1.798355533128087,4593,288605,1.8817910146793544,4398.0,288605.0,65.6218735788995,ust_ceyrek,BN1,False,1,ana_arter
BU-1,ÇARŞI-KALPAZANKAYA,4.10327,9.93,2.54891353537408,1447,15134,2.313850618372832,1594,15134,2.431382076873456,1520.5,15134.0,9.953304833936205,alt_ceyrek,BU-1,False,2,tali_kucuk
DS1,DUDULLU ORGANİZE SANAYİ BÖLGESİ - DUDULLU METRO,10.34909,25.04,0.8703709379096443,265,2387,0.6216935270783173,371,2387,0.7460322324939808,318.0,2387.0,7.5062893081761,alt_ceyrek,DS1,False,2,tali_kucuk
DS2,DUDULLU ORGANİZE SANAYİ BÖLGESİ - DUDULLU METRO,10.15912,24.58,3.153016453192812,251,8040,2.27415841882585,348,8040,2.7135874360093317,299.5,8040.0,26.84474123539232,alt_ceyrek,DS2,False,2,tali_kucuk
DT1,ORTAKÖY - TAKSİM,18.22666,44.1,4.890843710693259,2734,243719,4.565232743269161,2929,243719,4.7280382269812105,2831.5,243719.0,86.07416563658838,ust_ceyrek,DT1,False,0,orta_yogunluklu
DT2,ORTAKÖY - TAKSİM,18.08818,43.76,4.590794605702976,3860,320531,4.38734022728732,4039,320531,4.489067416495148,3949.5,320531.0,81.15736169135333,ust_ceyrek,DT2,False,0,orta_yogunluklu
E-10,SABİHA GÖKÇEN HAVALİMANI / KURTKÖY - KADIKÖY,35.77832,173.1,0.9585384677158052,529,18142,2.31537374165142,219,18142,1.6369561046836123,374.0,18142.0,48.50802139037433,orta_ust,E-10,False,3,uzun_kirsal
E-3,SABİHA GÖKÇEN HAVALİMANI - 4.LEVENT METRO,49.91554,240.75,0.5551787718368084,2490,69003,0.5318950141876311,2599,69003,0.5435368930122197,2544.5,69003.0,27.11849086264492,alt_ceyrek,E-3,False,3,uzun_kirsal
E-56,ISPARTAKULE - TAKSİM,34.51054,164.86,0.1260876054489831,74,322,0.016514128855265,565,322,0.071300867152124,319.5,322.0,1.0078247261345852,alt_ceyrek,E-56,False,3,uzun_kirsal
E-57,ESENKENT BAHÇEŞEHİR - BAKIRKÖY,37.30616,177.36,0.0735594243197153,692,1899,0.0702112022472317,725,1899,0.0718853132834735,708.5,1899.0,2.6803105151729003,alt_ceyrek,E-57,False,3,uzun_kirsal
E-58,ESENKENT BAHÇEŞEHİR - MECİDİYEKÖY,39.60645,191.62,0.135275899888468,1526,8176,0.1179605847027441,1750,8176,0.126618242295606,1638.0,8176.0,4.991452991452992,alt_ceyrek,E-58,False,3,uzun_kirsal
E-59,BOĞAZKÖY / BAHÇEŞEHİR - TAKSİM,40.36823,196.81,0.0540358215384475,1864,4066,0.0554030645476711,1818,4066,0.0547194430430593,1841.0,4066.0,2.2085822922324825,alt_ceyrek,E-59,False,3,uzun_kirsal
EL2,EMİRGAN - 4.LEVENT METRO,6.61654,31.05,8.323150370852282,809,44552,7.193834027798608,936,44552,7.758492199325445,872.5,44552.0,51.06246418338109,orta_ust,EL2,False,2,tali_kucuk
EM1,EMİNÖNÜ - KULAKSIZ,15.20871,36.8,5.276048520347346,2960,237516,4.716733198498383,3311,237516,4.996390859422864,3135.5,237516.0,75.75059799075107,ust_ceyrek,EM1,False,0,orta_yogunluklu
EM2,EMİNÖNÜ - KULAKSIZ,13.32634,32.24,5.82439550064769,2842,220590,5.293550371871038,3127,220590,5.558972936259364,2984.5,220590.0,73.91187803652203,ust_ceyrek,EM2,False,0,orta_yogunluklu
ER1,KADIKÖY - ERENKÖY,14.30837,34.62,3.407462214460698,478,23305,2.877680103378469,566,23305,3.1425711589195835,522.0,23305.0,44.6455938697318,orta_ust,ER1,False,2,tali_kucuk
ER2,KADIKÖY - ERENKÖY,13.84754,33.5,3.0893975071063564,360,15401,2.965821606822102,375,15401,3.0276095569642294,367.5,15401.0,41.90748299319728,orta_alt,ER2,False,2,tali_kucuk
ES1,ESENYURT BELEDİYESİ - BEYLİKDÜZÜ DEVLET HASTANESİ/BEYKENT,17.22297,79.69,2.7431067025283355,180,8504,0.6905723167204201,715,8504,1.7168395096243778,447.5,8504.0,19.003351955307263,alt_ceyrek,ES1,False,2,tali_kucuk
ES2,TÜYAP / KIRAÇ - AKÇABURGAZ,18.51782,90.97,0.9996377063342828,90,1666,0.2405545282622606,374,1666,0.6200961172982717,232.0,1666.0,7.181034482758621,alt_ceyrek,ES2,False,2,tali_kucuk
ES3,ESENYURT DEVLET HASTANESİ - HARAMİDERE,13.1894,70.12,1.8917529953236487,184,4591,1.4324384820557674,243,4591,1.662095738689708,213.5,4591.0,21.50351288056206,alt_ceyrek,ES3,False,2,tali_kucuk
FB1,KADIKÖY - FENERBAHÇE,10.84821,26.25,5.492438526804744,403,24012,5.425129231133117,408,24012,5.45878387896893,405.5,24012.0,59.215782983970406,orta_ust,FB1,False,2,tali_kucuk
FB2,KADIKÖY - FENERBAHÇE,9.44546,22.85,7.421606803276752,408,28601,7.385403843260767,410,28601,7.40350532326876,409.0,28601.0,69.92909535452323,ust_ceyrek,FB2,False,2,tali_kucuk
GZ1,KADIKÖY - GÖZTEPE,11.53909,27.92,4.508846869370371,393,20447,4.418894812126075,401,20447,4.463870840748223,397.0,20447.0,51.503778337531486,orta_ust,GZ1,False,2,tali_kucuk
H-1,MAHMUTBEY METRO - İSTANBUL HAVALİMANI,40.45103,191.89,0.443852570102884,722,12963,0.4301497390795735,745,12963,0.4370011545912287,733.5,12963.0,17.67280163599182,alt_ceyrek,H-1,False,3,uzun_kirsal
H-2,MECİDİYEKÖY - İSTANBUL HAVALİMANI,41.96655,205.47,0.3625336301002992,210,3195,0.3508389968712573,217,3195,0.3566863134857783,213.5,3195.0,14.964871194379391,alt_ceyrek,H-2,False,3,uzun_kirsal
H-3,HALKALI MARMARAY - İSTANBUL HAVALİMANI,44.31298,215.38,0.750820286456686,664,22092,0.7299336313429567,683,22092,0.7403769588998214,673.5,22092.0,32.801781737193764,orta_alt,H-3,False,3,uzun_kirsal
H-6,YUNUS EMRE MAHALLESİ-İSTANBUL HAVALİMANI,39.78046,185.71,0.9568834336730832,1425,54243,0.8199392020349631,1663,54243,0.8884113178540232,1544.0,54243.0,35.13147668393783,orta_alt,H-6,False,3,uzun_kirsal
H-8,HACIOSMAN METRO-İSTANBUL HAVALİMANI,48.33178,232.08,0.3886331795214935,240,4508,0.3745861971291504,249,4508,0.3816096883253219,244.5,4508.0,18.437627811860946,alt_ceyrek,H-8,False,3,uzun_kirsal
HA-1,ÇARŞI-AKÇAKOCA-İTFAİYE,2.95652,7.15,2.338722578485985,1029,7115,1.267937583383603,1898,7115,1.803330080934794,1463.5,7115.0,4.861633071404168,alt_ceyrek,HA-1,False,2,tali_kucuk
HA-2,ÇARŞI-ÇAM LİMANI,5.18117,12.54,0.5680257499143136,316,930,0.2996596610566329,599,930,0.4338427054854732,457.5,930.0,2.0327868852459017,alt_ceyrek,HA-2,False,2,tali_kucuk
HM1,HACIOSMAN METRO - KOCATAŞ,14.82521,35.87,4.480549930352339,1068,70942,3.74138180267107,1279,70942,4.110965866511704,1173.5,70942.0,60.453344695355774,orta_ust,HM1,False,2,tali_kucuk
HM2,KONAKLAR MAHALLESİ - 4.LEVENT METRO,2.48119,11.2,11.151207071225455,835,23103,6.917725040470474,1346,23103,9.034466055847965,1090.5,23103.0,21.185694635488307,alt_ceyrek,HM2,False,2,tali_kucuk
HM3,HÜRRİYET MAHALLESİ - ŞİŞLİ,5.28893,12.8,3.8150963952591126,90,1816,2.601202087676668,132,1816,3.2081492414678903,111.0,1816.0,16.36036036036036,alt_ceyrek,HM3,False,2,tali_kucuk
HM4,LEVENT BASIN SİTESİ - ŞİŞLİ,6.31957,28.9,2.8498276354283933,413,7438,2.6994926913576296,436,7438,2.7746601633930115,424.5,7438.0,17.521790341578328,alt_ceyrek,HM4,False,2,tali_kucuk
HS2, AVCILAR METROBÜS - ŞEHİR HASTANESİ,25.70974,127.4,2.610844448230299,2304,154654,1.9984669796420629,3010,154654,2.3046557139361807,2657.0,154654.0,58.206247647723,orta_ust,HS2,False,0,orta_yogunluklu
HT1,K.S.S. HASTANESİ - ÜÇYÜZLÜ METRO,20.44373,97.21,3.182955683540293,3693,240309,2.85723270279881,4114,240309,3.020094193169552,3903.5,240309.0,61.56244396054823,orta_ust,HT1,False,0,orta_yogunluklu
HT10,BATIŞEHİR - YENİBOSNA METRO,15.3532,69.04,1.9423304362817515,324,9662,1.5772307302137534,399,9662,1.7597805832477524,361.5,9662.0,26.72752420470263,alt_ceyrek,HT10,False,2,tali_kucuk
HT11,GİYİMKENT - KUYUMCUKENT,17.83362,88.63,2.5791863492064504,2652,121982,2.230193087086895,3067,121982,2.4046897181466727,2859.5,121982.0,42.65850673194615,orta_ust,HT11,False,0,orta_yogunluklu
HT12,GÜNEŞLİ BASIN TESİSLERİ - YENİBOSNA METRO,8.64979,44.9,4.518911153777597,1415,55309,3.7132748447127177,1722,55309,4.116092999245158,1568.5,55309.0,35.262352566146,orta_alt,HT12,False,2,tali_kucuk
HT13,YENİ MAHALLE METRO - ZEYTİNBURNU,11.2333,54.76,3.756957466018917,330,13927,2.535370069092521,489,13927,3.146163767555719,409.5,13927.0,34.00976800976801,orta_alt,HT13,False,2,tali_kucuk
HT18,HADIMKÖY/İ.Ü. CERRAHPAŞA KAMPÜSÜ - TÜYAP,25.07207,124.58,0.8232640373415897,557,11497,0.7198713795906836,637,11497,0.7715677084661366,597.0,11497.0,19.257956448911223,alt_ceyrek,HT18,False,2,tali_kucuk
HT20,ŞAHİNTEPE İGTOT - YENİBOSNA METRO,20.34681,103.36,2.915904367979864,2763,163927,2.564176883745501,3142,163927,2.7400406258626826,2952.5,163927.0,55.52142252328535,orta_ust,HT20,False,0,orta_yogunluklu
HT29,KIRAÇ YOLU - AVCILAR METROBÜS,17.16207,84.58,2.5365756129345565,4044,176047,2.116342434228873,4847,176047,2.326459023581714,4445.5,176047.0,39.60116972219098,orta_alt,HT29,False,0,orta_yogunluklu
HT48,AREL ÜNİVERSİTESİ / TEPEKENT - AVCILAR METROBÜS,33.18105,162.74,0.9174054525241424,420,12785,0.7540318787869662,511,12785,0.8357186656555543,465.5,12785.0,27.465091299677766,orta_alt,HT48,False,3,uzun_kirsal
HT5,KOCATEPE METRO-NUR SİTESİ,10.87699,59.16,4.299142561686775,1641,76736,4.125668388145029,1710,76736,4.212405474915903,1675.5,76736.0,45.79886601014623,orta_ust,HT5,False,2,tali_kucuk
HT6,BATIŞEHİR-KOCATEPE METRO,10.79083,54.34,2.729435973057849,382,11251,1.8922768452052603,551,11251,2.3108564091315547,466.5,11251.0,24.117899249732048,alt_ceyrek,HT6,False,2,tali_kucuk
K1, KAĞITHANE-SEYRANTEPE HAMİDİYE ETFAL HASTANESİ,14.16099,34.26,3.038857638371243,331,14244,2.0611923735673803,488,14244,2.550025005969312,409.5,14244.0,34.78388278388278,orta_alt,K1,False,2,tali_kucuk
K2, KAĞITHANE-SEYRANTEPE HAMİDİYE ETFAL HASTANESİ,15.25464,36.91,3.096422244630765,362,17099,1.9392817518275725,578,17099,2.517851998229169,470.0,17099.0,36.38085106382979,orta_alt,K2,False,2,tali_kucuk
KA-2,TEKİNAY-PLAJLAR-BÜYÜK TUR,1.65197,4.0,3.656961041272005,437,2640,1.7019083866196658,939,2640,2.6794347139458354,688.0,2640.0,3.8372093023255816,alt_ceyrek,KA-2,False,2,tali_kucuk
KM10,AYDINLI TOKİ / İÇMELER - PENDİK METRO/YHT - KARTAL,21.3823,102.76,1.5643909328320116,362,12109,1.3483559944885433,420,12109,1.4563734636602774,391.0,12109.0,30.9693094629156,orta_alt,KM10,False,2,tali_kucuk
KM11,AYDINLI TOKİ / A.YESEVİ - PENDİK KÖPRÜSÜ,12.57454,61.3,3.077238049358185,7616,294700,3.286529937443828,7131,294700,3.1818839934010064,7373.5,294700.0,39.96745100698447,orta_alt,KM11,False,1,ana_arter
KM12,TUZLA DENİZ HARP OKULU - KARTAL METRO,22.54052,105.53,1.813549691309698,1603,65528,1.529258366738267,1901,65528,1.6714040290239829,1752.0,65528.0,37.401826484018265,orta_alt,KM12,False,0,orta_yogunluklu
KM13,TUZLA - PENDİK METRO/ YHT / PENDİK,23.04107,108.93,1.722199476036429,2366,93886,1.396888570552688,2917,93886,1.5595440232945583,2641.5,93886.0,35.54268408101458,orta_alt,KM13,False,0,orta_yogunluklu
KM14,AHMET YESEVİ - TAVŞANTEPE METRO/ YENİŞEHİR,28.43222,127.84,1.3990387587665605,90,3580,0.9467179570600786,133,3580,1.1728783579133195,111.5,3580.0,32.10762331838565,orta_alt,KM14,False,3,uzun_kirsal
KM15,YENİŞEHİR-PENDİK METRO,17.25594,84.25,1.4620837595419105,135,3406,1.3247067620010595,149,3406,1.393395260771485,142.0,3406.0,23.985915492957748,alt_ceyrek,KM15,False,2,tali_kucuk
KM17,TUZLA EMLAK KONUTLARI-TAVŞANTEPE METRO,9.26052,47.81,2.171803872246996,482,9694,2.2084587899220507,474,9694,2.1901313310845234,478.0,9694.0,20.280334728033477,alt_ceyrek,KM17,False,2,tali_kucuk
KM18,SABANCI ÜNİ./MEDENİYET ÜNİ. - KURTKÖY METRO,14.02808,74.0,2.1126734475959745,702,20805,1.8086545856248464,820,20805,1.9606640166104103,761.0,20805.0,27.339027595269386,orta_alt,KM18,False,2,tali_kucuk
KM2,KAVAKPINAR-TAVŞANTEPE METRO,12.8723,31.14,2.6503939984825298,120,4094,1.80708681714718,176,4094,2.228740407814855,148.0,4094.0,27.66216216216216,orta_alt,KM2,False,2,tali_kucuk
KM21,HİLAL KONUTLARI - KARTAL METRO / CEVİZLİ,17.47171,83.92,0.3860545483288574,1208,8148,0.3672077908513856,1270,8148,0.3766311695901215,1239.0,8148.0,6.576271186440678,alt_ceyrek,KM21,False,2,tali_kucuk
KM23,KAVAKPINAR / MARMARA HST. - KARTAL METRO / CEVİZLİ,18.9768,93.07,2.7299713242036514,3889,201474,2.387957372880792,4446,201474,2.5589643485422218,4167.5,201474.0,48.344091181763645,orta_ust,KM23,False,0,orta_yogunluklu
KM24,KAVAKPINAR - PENDİK METRO/YHT/PENDİK,14.5717,68.93,3.517183986220457,3704,189835,3.00314649261424,4338,189835,3.260165239417349,4021.0,189835.0,47.21089281273315,orta_ust,KM24,False,0,orta_yogunluklu
KM25,YENİŞEHİR - KARTAL METRO / CEVİZLİ ,24.71607,119.92,0.6719484248565766,1691,28084,0.6333694461719458,1794,28084,0.6526589355142611,1742.5,28084.0,16.117073170731707,alt_ceyrek,KM25,False,0,orta_yogunluklu
KM26,ÇAMLIK MAHALLESİ - PENDİK METRO/ YHT / PENDİK,19.18767,93.02,1.2863555763659351,1828,45119,1.2421859448478234,1893,45119,1.2642707606068793,1860.5,45119.0,24.25100779360387,alt_ceyrek,KM26,False,0,orta_yogunluklu
KM27,YENİŞEHİR - PENDİK METRO/ YHT / PENDİK,20.93846,100.65,2.769239311648376,1586,91962,2.806398433402124,1565,91962,2.78781887252525,1575.5,91962.0,58.37004125674389,orta_ust,KM27,False,2,tali_kucuk
KM28,OKAN ÜNİVERSİTESİ - KURTKÖY  METRO,15.22861,74.21,3.0835457197502643,382,17938,1.5179310115265476,776,17938,2.3007383656384057,579.0,17938.0,30.98100172711572,orta_alt,KM28,False,2,tali_kucuk
KM29,YENİŞEHİR/MARMARA Ü. HAST. - KARTAL METRO/CEVİZLİ,22.73281,112.06,1.938729675418173,2762,121729,1.628084938736697,3289,121729,1.783407307077435,3025.5,121729.0,40.2343414311684,orta_alt,KM29,False,0,orta_yogunluklu
KM3,UĞUR MUMCU-YAKACIK METRO/ PENDİK,14.83583,71.25,1.4228452947419126,220,4644,1.4228452947419126,220,4644,1.4228452947419126,220.0,4644.0,21.10909090909091,alt_ceyrek,KM3,False,2,tali_kucuk
KM31,UĞUR MUMCU - KARTAL,11.53501,55.62,2.728513737093146,1468,46203,1.642254270624329,2439,46203,2.1853840038587373,1953.5,46203.0,23.651394932173023,alt_ceyrek,KM31,False,0,orta_yogunluklu
KM32,KURFALI - KARTAL METRO / KARTAL,9.40904,43.63,2.0084144706368003,837,15817,1.715349910125512,980,15817,1.861882190381156,908.5,15817.0,17.410016510731975,alt_ceyrek,KM32,False,2,tali_kucuk
KM33,PENDİK SAHİL/ YHT - GÜLSUYU METRO,15.40789,77.87,3.080664913373326,1659,78747,2.734522788275199,1869,78747,2.9075938508242625,1764.0,78747.0,44.64115646258504,orta_ust,KM33,False,2,tali_kucuk
KM34,KARTAL METRO-TOPSELVİ/GÜLSUYU METRO,15.06196,73.2,4.756940351861217,3161,226482,4.157226555773655,3617,226482,4.457083453817436,3389.0,226482.0,66.8285629979345,ust_ceyrek,KM34,False,0,orta_yogunluklu
KM35,UĞUR MUMCU-CEVİZLİ,12.48542,60.77,2.7564508638130434,1981,68177,2.536242062802434,2153,68177,2.6463464633077387,2067.0,68177.0,32.983551040154815,orta_alt,KM35,False,0,orta_yogunluklu
KM36,KURFALI MAHALLESİ-CEVİZLİ,9.79054,47.28,1.9810295282190056,1075,20850,2.0398532019496467,1044,20850,2.010441365084326,1059.5,20850.0,19.679093912222747,alt_ceyrek,KM36,False,2,tali_kucuk
KM37,HİLAL KONUTLARI-PENDİK METRO/YHT/PENDİK,17.64412,87.67,0.7205484544554455,848,10781,0.6904238298058958,885,10781,0.7054861421306706,866.5,10781.0,12.442008078476633,alt_ceyrek,KM37,False,2,tali_kucuk
KM41,MARMARA ÜNİVERSİTESİ-KÜÇÜKYALI METRO-BAŞIBÜYÜK SAĞLIK KAMPÜSÜ,12.60725,30.5,3.12150212292704,1813,71348,0.6853921943643846,8257,71348,1.9034471586457125,5035.0,71348.0,14.170407149950348,alt_ceyrek,KM41,False,0,orta_yogunluklu
KM42,BAŞIBÜYÜK - SÜREYYAPAŞA HASTANESİ/ MALTEPE,6.74434,32.98,9.275473497635046,1677,104908,7.844159886804828,1983,104908,8.559816692219936,1830.0,104908.0,57.32677595628415,orta_ust,KM42,False,2,tali_kucuk
KM43,ZÜMRÜTEVLER - MALTEPE METRO,2.79272,13.85,24.64618387951009,3292,226588,20.003756738497835,4056,226588,22.32497030900396,3674.0,226588.0,61.67338051170387,orta_ust,KM43,False,0,orta_yogunluklu
KM44,MALTEPE ÜNİVERSİTESİ - SİTELER - MALTEPE,12.51473,59.05,3.69437612974584,1102,50950,3.058754691945841,1331,50950,3.3765654108458403,1216.5,50950.0,41.88244965063707,orta_alt,KM44,False,2,tali_kucuk
KM45,MARMARA ÜNİVERSİTESİ / KÜÇÜKYALI METRO - MİMAR SİNAN ÖĞRENCİ YURDU,21.18475,51.25,2.3173137614171666,905,44428,1.461441779848457,1435,44428,1.889377770632812,1170.0,44428.0,37.97264957264957,orta_alt,KM45,False,2,tali_kucuk
KM46,BATI ATAŞEHİR - KOZYATAĞI METRO,21.83291,52.82,1.5959796251655087,664,23137,1.6303545709383045,650,23137,1.6131670980519066,657.0,23137.0,35.21613394216134,orta_alt,KM46,False,2,tali_kucuk
KM47,GÜLENSU MAHALLESİ-HUZUREVİ METRO,9.30514,22.51,4.280274228283309,1394,55521,4.083985129518776,1461,55521,4.182129678901043,1427.5,55521.0,38.8938704028021,orta_alt,KM47,False,2,tali_kucuk
KM48,ESENKENT-HUZUREVİ METRO,11.8355,28.63,1.8631397470483275,840,18523,1.6353577717038608,957,18523,1.749248759376094,898.5,18523.0,20.61547022815804,alt_ceyrek,KM48,False,2,tali_kucuk
KM60,VEYSEL KARANİ - KARTAL METRO / CEVİZLİ,16.00937,82.59,2.394410820874807,1027,39368,2.138312967859502,1150,39368,2.2663618943671544,1088.5,39368.0,36.167202572347264,orta_alt,KM60,False,2,tali_kucuk
KM61,PAŞAKÖY / SAMANDIRA - KARTAL,23.5766,116.89,1.7673712346633013,688,28668,1.3303625923942577,914,28668,1.5488669135287796,801.0,28668.0,35.79026217228464,orta_alt,KM61,False,2,tali_kucuk
KM70,SULTANBEYLİ/PETROL YOLU CADDESI - KARTAL METRO / CEVİZLİ,24.63267,117.13,1.403122154910569,862,29793,1.261200518803869,959,29793,1.3321613368572192,910.5,29793.0,32.72158154859967,orta_alt,KM70,False,2,tali_kucuk
KM71,YENİDOĞAN PERONLAR/ ADİL MAH. - CEVİZLİ,27.81792,134.23,1.917326399265796,247,13174,1.6443736827036513,288,13174,1.7808500409847237,267.5,13174.0,49.24859813084112,orta_ust,KM71,False,3,uzun_kirsal
KM72,PENDİK/PENDİK METRO/ YHT - SULTANBEYLİ DEVLET HAST.,25.05485,121.74,1.784504203099214,639,28570,1.5203975810405306,750,28570,1.6524508920698722,694.5,28570.0,41.13750899928006,orta_alt,KM72,False,2,tali_kucuk
KÇ2,K.S.S.HASTANESİ - YENİBOSNA METRO,16.20453,81.61,1.6935537928741682,185,5077,1.67544091808407,187,5077,1.684497355479119,186.0,5077.0,27.295698924731184,alt_ceyrek,KÇ2,False,2,tali_kucuk
MK11,OLİMPİYATKÖY METRO - KAYAŞEHİR - GÜVERCİNTEPE,19.84628,48.02,3.149451094520304,1432,89507,3.3040395365224,1365,89507,3.226745315521352,1398.5,89507.0,64.00214515552378,ust_ceyrek,MK11,False,2,tali_kucuk
MK12,OLİMPİYATKÖY METRO - GÜVERCİNTEPE - KAYAŞEHİR ,19.06703,46.13,3.288975819595608,1609,100902,3.168839577083433,1670,100902,3.2289076983395204,1639.5,100902.0,61.54437328453797,orta_ust,MK12,False,2,tali_kucuk
MK13,ŞAHİNTEPE İGTOT - OLİMPİYATKÖY METRO,11.13498,52.73,4.867697875907427,2444,132469,3.997531454542256,2976,132469,4.4326146652248415,2710.0,132469.0,48.88154981549816,orta_ust,MK13,False,0,orta_yogunluklu
MK14,KİPTAŞ VADİTEPE - OLİMPİYATKÖY METRO,19.20408,88.48,2.888783492250792,997,55310,2.6593879425429727,1083,55310,2.7740857173968823,1040.0,55310.0,53.18269230769231,orta_ust,MK14,False,2,tali_kucuk
MK15,BOĞAZKÖY / BAHÇEŞEHİR - OLİMPİYATKÖY METRO,20.64874,98.67,2.4175149766839903,1733,86509,2.352360165408959,1781,86509,2.384937571046475,1757.0,86509.0,49.2367672168469,orta_ust,MK15,False,0,orta_yogunluklu
MK16,OLİMPİYATKÖY METRO - K.ÇEKMECE METROBÜS,20.49375,100.17,1.693121693121693,126,4372,1.6040100250626568,133,4372,1.6485658590921748,129.5,4372.0,33.76061776061776,orta_alt,MK16,False,2,tali_kucuk
MK19,AYAZMA SİTELERİ-ARENAPARK,5.29267,27.75,6.622485987486922,1343,47073,5.144013118100021,1729,47073,5.883249552793471,1536.0,47073.0,30.646484375,orta_alt,MK19,False,2,tali_kucuk
MK22,TAŞOLUK PERON - ŞEHİR HASTANESİ,20.35407,106.25,3.3488030788107093,1941,132302,2.6584976588840847,2445,132302,3.003650368847397,2193.0,132302.0,60.32922936616507,orta_ust,MK22,False,0,orta_yogunluklu
MK31,K.S.S HASTANESİ-BAŞAKŞEHİR/FENERTEPE PERON,28.21624,145.62,1.7274356209791053,817,39822,1.488728799936634,948,39822,1.6080822104578698,882.5,39822.0,45.12407932011332,orta_ust,MK31,False,3,uzun_kirsal
MK42,15 TEMMUZ MAHALLESİ - KİRAZLI METRO,3.50759,16.55,11.449625279181696,3045,122289,9.162709323287324,3805,122289,10.30616730123451,3425.0,122289.0,35.70481751824818,orta_alt,MK42,False,0,orta_yogunluklu
MK49,SULTANGAZİ PERON - KAZIM KARABEKİR METRO,8.16599,19.76,0.0513422990218093,1028,431,0.0199696872472266,2643,431,0.0356559931345179,1835.5,431.0,0.2348134023426859,alt_ceyrek,MK49,False,2,tali_kucuk
MK50,SULTANGAZİ PERON-KAZIM KARABEKİR METRO,8.61984,20.85,0.1651107615056304,1016,1446,0.1239856124831636,1353,1446,0.144548186994397,1184.5,1446.0,1.2207682566483748,alt_ceyrek,MK50,False,2,tali_kucuk
MK53,SULTANGAZİ PERON-TEKSTİLKENT METRO,12.15035,62.41,0.5902818558758377,122,875,0.409172650095751,176,875,0.4997272529857943,149.0,875.0,5.87248322147651,alt_ceyrek,MK53,False,2,tali_kucuk
MK97,ÇAVUŞPAŞA-ZEYTİNBURNU,9.45264,51.1,4.533981313832518,2255,96645,4.122632202698519,2480,96645,4.328306758265518,2367.5,96645.0,40.82154171066526,orta_alt,MK97,False,0,orta_yogunluklu
MR11,KAZLIÇEŞME - TOPKAPI,7.05832,33.45,3.8543158707860186,1922,52288,3.55811484325203,2082,52288,3.706215357019024,2002.0,52288.0,26.11788211788212,alt_ceyrek,MR11,False,0,orta_yogunluklu
MR20,YENİBOSNA METRO - KAZLIÇEŞME,9.8712,49.99,3.2794751833802738,2127,68856,3.2841072104754434,2124,68856,3.2817911969278586,2125.5,68856.0,32.39520112914608,orta_alt,MR20,False,0,orta_yogunluklu
MR40,K.S.S. HASTANESİ - ATAKENT - HALKALI MARMARAY,13.43552,69.06,2.205133753220404,4012,118864,1.5722403799396232,5627,118864,1.8886870665800133,4819.5,118864.0,24.663139329806,alt_ceyrek,MR40,False,0,orta_yogunluklu
MR42,HALKALI MARMARAY / İNÖNÜ MAH. - SEFAKÖY METROBÜS,7.70766,43.09,8.49846921870946,151,9891,5.7804903244375145,222,9891,7.139479771573488,186.5,9891.0,53.03485254691689,orta_ust,MR42,False,2,tali_kucuk
MR50,HALKALI MARMARAY - ŞEHİR HASTANESİ,16.21902,82.56,2.6245813207081703,1519,64661,2.6489960306682465,1505,64661,2.6367886756882086,1512.0,64661.0,42.76521164021164,orta_ust,MR50,False,2,tali_kucuk
MR51,İ.Ü. CERRAHPAŞA KAMPÜSÜ/BAHÇEŞEHİR - HALKALI MARMARAY,31.96745,154.49,1.1057473674395992,891,31495,0.9233560490990468,1067,31495,1.014551708269323,979.0,31495.0,32.170582226762,orta_alt,MR51,False,3,uzun_kirsal
MR52,SÖĞÜTLÜÇEŞME - HALKALI MARMARAY - ŞEHİR HASTANESİ,17.04779,79.17,1.0332529259852783,436,7680,0.703903555827471,640,7680,0.8685782409063747,538.0,7680.0,14.275092936802974,alt_ceyrek,MR52,False,2,tali_kucuk
MR60,PENDİK/PENDİK YHT-SABİHA GÖKÇEN HAVALİMANI,21.01578,100.81,3.232491648339169,15,1019,2.0203072802119806,24,1019,2.6263994642755746,19.5,1019.0,52.256410256410255,orta_ust,MR60,False,2,tali_kucuk
MR61,GÜZELYALI-TUZLA DEVLET HASTANESİ,8.18422,40.4,1.915610501401206,90,1411,1.306098069137186,132,1411,1.610854285269196,111.0,1411.0,12.711711711711713,alt_ceyrek,MR61,False,2,tali_kucuk
MR9,ATATÜRK MAH. / ÇAMLIK - AYRILIK ÇEŞMESİ,26.13372,121.5,1.366665342045298,486,17358,1.171427436038827,567,17358,1.2690463890420625,526.5,17358.0,32.96866096866097,orta_alt,MR9,False,3,uzun_kirsal
PD1,YENİKAPI - BEYAZIT,3.3915,15.16,0.2636348657109902,510,456,0.2551305152041841,527,456,0.2593826904575871,518.5,456.0,0.8794599807135969,alt_ceyrek,PD1,False,2,tali_kucuk
SG-1,KADIKÖY - SABİHA GÖKÇEN HAVALİMANI,34.80577,173.24,0.0481038217183426,2361,3953,0.0512977069001838,2214,3953,0.0497007643092632,2287.5,3953.0,1.7280874316939892,alt_ceyrek,SG-1,False,3,uzun_kirsal
SG-2,TAKSİM - SABİHA GÖKÇEN HAVALİMANI,42.76138,225.13,0.0466491884961202,3259,6501,0.0551031914856309,2759,6501,0.0508761899908755,3009.0,6501.0,2.160518444666002,alt_ceyrek,SG-2,False,3,uzun_kirsal
SM6,SULTANBEYLİ DEVLET HASTANESİ - SAMANDIRA MERKEZ METRO,11.52836,57.0,2.904589954592438,977,32715,2.1629454158817167,1312,32715,2.5337676852370774,1144.5,32715.0,28.58453473132372,orta_alt,SM6,False,2,tali_kucuk
TM1,EMNİYETTEPE - ALİBEYKÖY,3.92417,24.3,6.644549172838572,1251,32619,7.190597764032053,1156,32619,6.917573468435313,1203.5,32619.0,27.103448275862068,alt_ceyrek,TM1,False,2,tali_kucuk
TM10,YEŞİLPINAR - ALİBEYKÖY,6.42536,30.3,7.846316125036798,3635,183260,6.367796185422808,4479,183260,7.107056155229802,4057.0,183260.0,45.17130884890313,orta_ust,TM10,False,0,orta_yogunluklu
TM11,YEŞİLPINAR - ALİBEYKÖY,7.30461,39.72,4.617554542164719,1009,34033,1.6324851201976875,2854,34033,3.125019831181203,1931.5,34033.0,17.61998446803003,alt_ceyrek,TM11,False,2,tali_kucuk
TM12,KARADOLAP - ALİBEYKÖY,5.73987,25.18,6.827849488570443,1838,72033,6.435685825637166,1950,72033,6.631767657103804,1894.0,72033.0,38.03220696937698,orta_alt,TM12,False,2,tali_kucuk
TM13,EYÜPSULTAN - GOP - ALİBEYKÖY,10.28291,46.82,2.6218771063628363,228,6147,0.5434436184097515,1100,6147,1.582660362386294,664.0,6147.0,9.257530120481928,alt_ceyrek,TM13,False,2,tali_kucuk
TM15,CEBECİ PERONLAR - ALİBEYKÖY,15.43222,66.34,3.68077885079164,618,35104,1.1677214218630565,1948,35104,2.4242501363273483,1283.0,35104.0,27.36087295401403,orta_alt,TM15,False,2,tali_kucuk
TM16,YENİMAHALLE  GOP - ALİBEYKÖY,9.34926,43.7,5.316003414203823,1146,56957,3.351012053177988,1818,56957,4.333507733690905,1482.0,56957.0,38.432523616734144,orta_alt,TM16,False,2,tali_kucuk
TM17,SULTANGAZİ - GAZİ - ALİBEYKÖY,10.9392,56.84,4.731787919212565,2735,141569,3.1765930189117246,4074,141569,3.954190469062145,3404.5,141569.0,41.582904978704654,orta_alt,TM17,False,0,orta_yogunluklu
TM18,MESCİD-İ SELAM - ALİBEYKÖY,15.41361,65.6,6.607550982241943,1281,130465,6.441607921044085,1314,130465,6.524579451643014,1297.5,130465.0,100.55105973025049,ust_ceyrek,TM18,False,2,tali_kucuk
TM19,ZÜBEYDE HANIM - ALİBEYKÖY,11.86356,52.93,4.058398897424501,646,31103,3.838544198735326,683,31103,3.9484715480799135,664.5,31103.0,46.8066215199398,orta_ust,TM19,False,2,tali_kucuk
TM2,HAMİDİYE - GÜZELTEPE - ALİBEYKÖY,8.82833,47.8,5.808174496083921,1114,57122,2.9237715267227697,2213,57122,4.365973011403345,1663.5,57122.0,34.33844304177938,orta_alt,TM2,False,2,tali_kucuk
TM3,HAMİDİYE - KAĞITHANE - ALİBEYKÖY,9.52015,46.62,5.723893620999903,1694,92310,4.924467137620028,1969,92310,5.324180379309966,1831.5,92310.0,50.4013104013104,orta_ust,TM3,False,2,tali_kucuk
TM5,ALİBEYKÖY - 5.LEVENT,7.22844,17.49,3.232319673534082,916,21402,2.475589315181621,1196,21402,2.8539544943578514,1056.0,21402.0,20.267045454545453,alt_ceyrek,TM5,False,2,tali_kucuk
TM6,MEVLANA - ALİBEYKÖY,6.8199,37.56,2.7895120967150686,124,2359,0.8235702380777823,420,2359,1.8065411673964251,272.0,2359.0,8.672794117647058,alt_ceyrek,TM6,False,2,tali_kucuk
TM7,ÇIRÇIR METRO - ALİBEYKÖY,5.34506,27.52,3.398710876832446,944,17149,3.28055528397733,978,17149,3.339633080404888,961.0,17149.0,17.844953173777316,alt_ceyrek,TM7,False,2,tali_kucuk
TM8,AKŞEMSETTİN - ALİBEYKÖY,6.08158,25.86,8.036165876266024,3210,156881,7.684269425920148,3357,156881,7.860217651093086,3283.5,156881.0,47.77858991929344,orta_ust,TM8,False,0,orta_yogunluklu
TM9,GAZİOSMANPAŞA - ALİBEYKÖY,10.91343,54.9,1.603930358673223,1027,17977,1.6740208113388213,984,17977,1.638975585006022,1005.5,17977.0,17.878667329686724,alt_ceyrek,TM9,False,2,tali_kucuk
U1,BEŞİKTAŞ-ULUS,10.90555,26.38,5.674681819421255,760,47033,5.667224944494289,761,47033,5.670953381957772,760.5,47033.0,61.844838921762,orta_ust,U1,False,2,tali_kucuk
U2,BEŞİKTAŞ-ULUS,10.5384,25.5,6.011560267274707,1235,78240,5.929933650227047,1252,78240,5.970746958750877,1243.5,78240.0,62.91917973462002,orta_ust,U2,False,2,tali_kucuk
UM11,KİRAZLITEPE-KISIKLI METRO-ESATPAŞA,8.48549,44.14,2.664492422891761,105,2374,1.8166993792443824,154,2374,2.240595901068072,129.5,2374.0,18.33204633204633,alt_ceyrek,UM11,False,2,tali_kucuk
UM13,KÜÇÜKSU / YAVUZTÜRK MAHALLESİ - ÜMRANİYE EĞT.ARŞ.HST.,11.52619,54.48,2.446042307744083,31,874,1.7233479895469677,44,874,2.084695148645525,37.5,874.0,23.30666666666667,alt_ceyrek,UM13,False,2,tali_kucuk
UM36,ESENEVLER - BULGURLU METRO,4.98645,12.06,3.8353939175164697,136,2601,2.370970785373818,220,2601,3.1031823514451435,178.0,2601.0,14.612359550561798,alt_ceyrek,UM36,False,2,tali_kucuk
UM40,ATATÜRK MAH./ TAŞDELEN - NECİP FAZIL METRO,11.6657,55.38,3.35296932884584,828,32387,2.70064066564626,1028,32387,3.02680499724605,928.0,32387.0,34.89978448275862,orta_alt,UM40,False,2,tali_kucuk
UM60,SANCAKTEPE - NECİP FAZIL METRO,15.05489,72.48,3.5408710113980257,1145,61037,3.0301175695446485,1338,61037,3.285494290471337,1241.5,61037.0,49.163914619412,orta_ust,UM60,False,2,tali_kucuk
UM61,PAŞAKÖY/YENİDOĞAN-NECİP FAZIL METRO,11.6297,54.9,2.006480830540988,696,16241,1.894858423414556,737,16241,1.950669626977772,716.5,16241.0,22.667131891137476,alt_ceyrek,UM61,False,2,tali_kucuk
UM62,YENİDOĞAN/TAŞDELEN-NECİP FAZIL METRO,14.05706,69.65,2.3656643504606025,700,23278,2.4069259379686363,688,23278,2.3862951442146194,694.0,23278.0,33.54178674351585,orta_alt,UM62,False,2,tali_kucuk
UM73,SABİHA GÖKÇEN H.L./ SULTANBEYLİ - SAMANDIRA MERKEZ METRO,17.44628,83.86,4.4189264326777415,3613,278540,4.126539467889553,3869,278540,4.272732950283647,3741.0,278540.0,74.45602780005346,ust_ceyrek,UM73,False,0,orta_yogunluklu
UM74,SULTANBEYLİ DEVLET HAST./ NECİP FAZIL METRO - DUDULLU OSB,23.28989,111.7,1.8397053250773336,1212,51930,1.5592467510445656,1430,51930,1.6994760380609495,1321.0,51930.0,39.3111279333838,orta_alt,UM74,False,2,tali_kucuk
ÇM41,ÇEKMEKÖY-NECİP FAZIL METRO,8.68277,42.05,2.5579760215135794,504,11194,2.5478654443534468,506,11194,2.5529207329335133,505.0,11194.0,22.166336633663366,alt_ceyrek,ÇM41,False,2,tali_kucuk
ÇM42,ŞAHİNBEY - ÇEKMEKÖY METRO/ EMEK MAH.,7.26899,37.63,2.9069893819005173,787,16630,2.9330777481483428,780,16630,2.92003356502443,783.5,16630.0,21.2252712188896,alt_ceyrek,ÇM42,False,2,tali_kucuk
ÇM43,ATATÜRK MAHALLESİ-NECİP FAZIL METRO,9.94547,50.76,2.228650291971052,394,8733,1.6599021078196494,529,8733,1.9442761998953504,461.5,8733.0,18.923076923076923,alt_ceyrek,ÇM43,False,2,tali_kucuk
ÇM44,ÖZYEĞİN ÜNİ./NİŞANTEPE-ÇEKMEKÖY METRO/PROF. DR. FERİHA ÖZ HAST.,21.40844,101.81,1.5970898800908155,1114,38089,1.2520465351310124,1421,38089,1.424568207610914,1267.5,38089.0,30.050493096646942,orta_alt,ÇM44,False,2,tali_kucuk
