hat,saat,yolcu,sefer,yolcu_per_sefer
10,5,38,2,19.0
10,6,1028,14,73.4
10,7,2372,16,148.2
10,8,2293,16,143.3
10,9,1782,13,137.1
10,10,1367,12,113.9
10,11,1382,16,86.4
10,12,1616,15,107.7
10,13,1545,12,128.8
10,14,1642,14,117.3
10,15,1885,14,134.6
10,16,2005,11,182.3
10,17,2215,14,158.2
10,18,1988,11,180.7
10,19,1850,11,168.2
10,20,1132,12,94.3
10,21,902,9,100.2
10,22,723,7,103.3
10,23,247,4,61.8
10A,6,380,6,63.3
10A,7,793,7,113.3
10A,8,876,6,146.0
10A,9,506,5,101.2
10A,10,364,5,72.8
10A,11,381,5,76.2
10A,12,368,4,92.0
10A,13,326,4,81.5
10A,14,386,3,128.7
10A,15,354,4,88.5
10A,16,601,6,100.2
10A,17,716,7,102.3
10A,18,696,6,116.0
10A,19,436,5,87.2
10A,20,236,5,47.2
10A,21,153,5,30.6
10A,22,138,3,46.0
10B,6,51,1,51.0
10B,7,96,1,96.0
10B,8,108,1,108.0
10B,13,117,1,117.0
10B,14,29,1,29.0
10B,15,9,1,9.0
10B,16,10,1,10.0
10B,17,33,1,33.0
10B,19,21,1,21.0
10B,20,14,1,14.0
10B,21,5,1,5.0
10E,6,50,2,25.0
10E,7,337,6,56.2
10E,8,216,3,72.0
10E,9,245,6,40.8
10E,10,231,2,115.5
10E,11,114,3,38.0
10E,12,104,4,26.0
10E,13,93,2,46.5
10E,14,148,2,74.0
10E,15,224,4,56.0
10E,16,138,3,46.0
10E,17,174,3,58.0
10E,18,226,4,56.5
10E,19,210,3,70.0
10E,20,112,3,37.3
10E,21,69,2,34.5
10E,22,34,1,34.0
10EK,6,37,1,37.0
10EK,7,129,3,43.0
10EK,8,102,1,102.0
10EK,9,50,2,25.0
10EK,10,53,2,26.5
10EK,11,35,2,17.5
10EK,12,45,2,22.5
10EK,13,41,2,20.5
10EK,14,59,2,29.5
10EK,15,150,2,75.0
10EK,16,89,2,44.5
10EK,18,109,2,54.5
10EK,19,41,2,20.5
10EK,21,27,2,13.5
10EK,22,8,1,8.0
10G,6,36,1,36.0
10G,7,44,1,44.0
10G,10,2,1,2.0
10G,13,6,1,6.0
10G,15,3,1,3.0
10G,19,3,1,3.0
11,5,143,1,143.0
11,6,334,2,167.0
11,7,503,2,251.5
11,8,292,1,292.0
11,9,282,2,141.0
11,11,100,1,100.0
11,13,130,2,65.0
11,14,166,4,41.5
11,15,301,4,75.2
11,16,169,2,84.5
11,17,384,4,96.0
11,18,322,3,107.3
11,19,293,2,146.5
11,20,202,2,101.0
11A,5,61,2,30.5
11A,6,218,5,43.6
11A,7,418,6,69.7
11A,8,334,3,111.3
11A,9,197,2,98.5
11A,10,67,3,22.3
11A,11,149,2,74.5
11A,12,124,5,24.8
11A,13,109,5,21.8
11A,14,142,6,23.7
11A,15,455,6,75.8
11A,16,423,6,70.5
11A,17,201,4,50.2
11A,18,221,3,73.7
11A,19,106,3,35.3
11BE,6,58,1,58.0
11BE,7,135,2,67.5
11BE,8,181,3,60.3
11BE,9,108,1,108.0
11BE,10,136,1,136.0
11BE,11,40,1,40.0
11BE,12,102,1,102.0
11BE,13,83,1,83.0
11BE,14,112,2,56.0
11BE,15,115,1,115.0
11BE,16,74,2,37.0
11BE,17,134,1,134.0
11BE,18,84,1,84.0
11BE,19,44,1,44.0
11BE,20,56,1,56.0
11BE,21,24,1,24.0
11BE,22,26,1,26.0
11C,6,314,4,78.5
11C,7,544,5,108.8
11C,8,458,3,152.7
11C,9,271,2,135.5
11C,10,196,2,98.0
11C,11,244,1,244.0
11C,12,170,1,170.0
11C,13,147,2,73.5
11C,14,343,3,114.3
11C,15,329,2,164.5
11C,16,327,2,163.5
11C,17,295,2,147.5
11C,18,269,1,269.0
11C,19,167,3,55.7
11C,20,159,3,53.0
11C,21,104,3,34.7
11C,22,103,1,103.0
11CÜ,6,11,1,11.0
11CÜ,7,63,1,63.0
11CÜ,8,40,1,40.0
11CÜ,15,29,1,29.0
11CÜ,17,18,1,18.0
11D,5,31,2,15.5
11D,6,118,2,59.0
11D,7,108,3,36.0
11D,8,96,1,96.0
11D,9,22,2,11.0
11D,11,34,1,34.0
11D,13,49,1,49.0
11D,14,49,2,24.5
11D,15,53,2,26.5
11D,16,24,2,12.0
11D,17,35,1,35.0
11D,18,43,1,43.0
11D,20,29,1,29.0
11E,6,37,1,37.0
11E,7,13,1,13.0
11E,8,83,1,83.0
11ES,6,33,2,16.5
11ES,7,54,1,54.0
11ES,14,15,1,15.0
11G,6,2,1,2.0
11G,7,70,1,70.0
11G,15,62,1,62.0
11G,16,61,1,61.0
11G,17,13,1,13.0
11G,18,34,1,34.0
11H,5,35,3,11.7
11H,6,468,10,46.8
11H,7,1348,11,122.5
11H,8,1455,11,132.3
11H,9,1035,9,115.0
11H,10,886,11,80.5
11H,11,804,8,100.5
11H,12,1043,8,130.4
11H,13,864,9,96.0
11H,14,1106,10,110.6
11H,15,1319,7,188.4
11H,16,1218,10,121.8
11H,17,1060,8,132.5
11H,18,855,7,122.1
11H,19,891,10,89.1
11H,20,576,9,64.0
11H,21,451,9,50.1
11H,22,354,7,50.6
11H,23,101,3,33.7
11K,5,53,2,26.5
11K,6,62,2,31.0
11K,7,115,2,57.5
11K,8,74,2,37.0
11K,14,11,1,11.0
11K,15,78,1,78.0
11K,16,95,1,95.0
11K,17,85,2,42.5
11K,18,92,1,92.0
11L,6,104,3,34.7
11L,7,122,2,61.0
11L,8,114,2,57.0
11L,9,37,1,37.0
11L,10,25,1,25.0
11L,11,36,1,36.0
11L,12,40,1,40.0
11L,13,24,1,24.0
11L,14,17,1,17.0
11L,16,82,2,41.0
11L,17,79,2,39.5
11L,19,121,2,60.5
11L,20,44,2,22.0
11L,21,34,1,34.0
11M,6,66,1,66.0
11M,7,41,2,20.5
11M,10,34,1,34.0
11M,11,19,1,19.0
11M,13,39,1,39.0
11M,14,5,1,5.0
11M,15,32,1,32.0
11M,16,20,1,20.0
11M,17,39,1,39.0
11M,18,16,1,16.0
11M,20,6,1,6.0
11P,5,30,1,30.0
11P,6,121,1,121.0
11P,7,317,3,105.7
11P,8,185,1,185.0
11P,9,66,1,66.0
11P,10,88,1,88.0
11P,11,64,1,64.0
11P,12,64,1,64.0
11P,14,54,2,27.0
11P,17,98,3,32.7
11P,19,112,1,112.0
11P,20,70,1,70.0
11R,6,35,3,11.7
11R,7,26,2,13.0
11R,8,72,3,24.0
11R,17,65,2,32.5
11R,18,19,2,9.5
11SA,5,20,1,20.0
11SA,6,101,2,50.5
11SA,8,140,2,70.0
11SA,9,31,1,31.0
11SA,13,84,2,42.0
11SA,14,59,1,59.0
11SA,15,25,1,25.0
11SA,17,61,2,30.5
11SA,18,39,2,19.5
11SA,20,15,2,7.5
11SA,21,18,1,18.0
11ST,5,12,1,12.0
11ST,6,107,1,107.0
11ST,7,225,3,75.0
11ST,8,262,2,131.0
11ST,9,62,2,31.0
11ST,11,28,1,28.0
11ST,12,56,1,56.0
11ST,13,67,1,67.0
11ST,14,40,2,20.0
11ST,15,147,2,73.5
11ST,16,111,2,55.5
11ST,17,183,2,91.5
11ST,18,180,2,90.0
11ST,20,21,1,21.0
11ST,21,25,1,25.0
11T,5,74,2,37.0
11T,6,213,5,42.6
11T,7,309,3,103.0
11T,8,231,1,231.0
11T,10,55,2,27.5
11T,12,59,2,29.5
11T,13,48,1,48.0
11T,14,136,2,68.0
11T,15,204,3,68.0
11T,16,146,1,146.0
11T,17,170,2,85.0
11T,19,64,1,64.0
11T,20,29,1,29.0
11T,21,49,2,24.5
11T,22,55,1,55.0
11Y,5,77,2,38.5
11Y,6,96,4,24.0
11Y,7,194,4,48.5
11Y,8,259,2,129.5
11Y,9,126,3,42.0
11Y,10,109,2,54.5
11Y,11,122,2,61.0
11Y,12,65,1,65.0
11Y,13,63,2,31.5
11Y,14,249,4,62.2
11Y,15,316,2,158.0
11Y,16,148,3,49.3
11Y,17,253,1,253.0
11Y,18,170,1,170.0
11Y,19,160,2,80.0
11Y,20,116,3,38.7
11Y,21,214,3,71.3
11Y,22,138,3,46.0
11Y,23,17,1,17.0
11ÇB,5,29,1,29.0
11ÇB,6,606,6,101.0
11ÇB,7,1078,7,154.0
11ÇB,8,934,6,155.7
11ÇB,9,501,5,100.2
11ÇB,10,420,5,84.0
11ÇB,11,426,4,106.5
11ÇB,12,473,3,157.7
11ÇB,13,405,4,101.2
11ÇB,14,410,4,102.5
11ÇB,15,513,4,128.2
11ÇB,16,531,4,132.8
11ÇB,17,611,4,152.8
11ÇB,18,661,2,330.5
11ÇB,19,485,6,80.8
11ÇB,20,244,3,81.3
11ÇB,21,137,2,68.5
11ÇB,22,111,3,37.0
11Ü,5,29,1,29.0
11Ü,6,128,4,32.0
11Ü,7,376,5,75.2
11Ü,8,238,4,59.5
11Ü,9,159,4,39.8
11Ü,10,145,3,48.3
11Ü,11,183,3,61.0
11Ü,12,145,3,48.3
11Ü,13,120,2,60.0
11Ü,14,119,4,29.8
11Ü,15,304,4,76.0
11Ü,16,239,4,59.8
11Ü,17,238,4,59.5
11Ü,18,166,1,166.0
11Ü,19,38,2,19.0
11Ü,20,109,2,54.5
11Ü,21,45,1,45.0
11Ü,22,46,1,46.0
11ÜS,0,469,4,117.2
11ÜS,1,233,3,77.7
11ÜS,2,80,2,40.0
11ÜS,3,44,2,22.0
11ÜS,4,52,2,26.0
11ÜS,5,404,6,67.3
11ÜS,6,1282,19,67.5
11ÜS,7,2198,14,157.0
11ÜS,8,1936,11,176.0
11ÜS,9,1702,12,141.8
11ÜS,10,1260,10,126.0
11ÜS,11,1209,10,120.9
11ÜS,12,1234,9,137.1
11ÜS,13,1731,9,192.3
11ÜS,14,1219,8,152.4
11ÜS,15,1223,12,101.9
11ÜS,16,1609,12,134.1
11ÜS,17,1580,12,131.7
11ÜS,18,1560,10,156.0
11ÜS,19,1611,10,161.1
11ÜS,20,1201,9,133.4
11ÜS,21,847,7,121.0
11ÜS,22,946,9,105.1
11ÜS,23,602,6,100.3
12,6,97,3,32.3
12,7,411,5,82.2
12,8,633,6,105.5
12,9,539,5,107.8
12,10,526,5,105.2
12,11,531,5,106.2
12,12,572,5,114.4
12,13,576,5,115.2
12,14,600,5,120.0
12,15,570,5,114.0
12,16,670,5,134.0
12,17,631,5,126.2
12,18,550,6,91.7
12,19,448,5,89.6
12,20,235,2,117.5
12,21,172,2,86.0
12,22,30,1,30.0
121A,5,37,1,37.0
121A,6,327,7,46.7
121A,7,706,7,100.9
121A,8,663,7,94.7
121A,9,571,6,95.2
121A,10,534,6,89.0
121A,11,536,5,107.2
121A,12,544,7,77.7
121A,13,583,7,83.3
121A,14,554,7,79.1
121A,15,580,5,116.0
121A,16,606,5,121.2
121A,17,476,7,68.0
121A,18,504,5,100.8
121A,19,507,5,101.4
121A,20,480,6,80.0
121A,21,397,4,99.2
121A,22,284,4,71.0
121A,23,200,3,66.7
121B,5,39,1,39.0
121B,6,278,5,55.6
121B,7,568,8,71.0
121B,8,275,3,91.7
121B,9,358,3,119.3
121B,10,276,4,69.0
121B,11,291,3,97.0
121B,12,270,2,135.0
121B,13,305,3,101.7
121B,14,171,3,57.0
121B,15,350,3,116.7
121B,16,216,2,108.0
121B,17,326,3,108.7
121B,18,160,1,160.0
121B,19,108,1,108.0
121B,20,128,3,42.7
121BS,6,394,4,98.5
121BS,7,541,4,135.2
121BS,8,578,3,192.7
121BS,9,264,1,264.0
121BS,10,355,3,118.3
121BS,11,308,3,102.7
121BS,12,388,2,194.0
121BS,13,257,1,257.0
121BS,14,278,2,139.0
121BS,15,354,2,177.0
121BS,16,431,4,107.8
121BS,17,262,1,262.0
121BS,18,326,2,163.0
121BS,19,302,2,151.0
121BS,20,166,2,83.0
121BS,21,181,4,45.2
121BS,22,147,2,73.5
122C,5,23,2,11.5
122C,6,305,4,76.2
122C,7,388,5,77.6
122C,8,467,4,116.8
122C,9,412,3,137.3
122C,10,339,3,113.0
122C,11,305,2,152.5
122C,12,425,3,141.7
122C,13,347,4,86.8
122C,14,333,2,166.5
122C,15,242,2,121.0
122C,16,206,3,68.7
122C,17,168,2,84.0
122C,18,250,3,83.3
122C,19,183,1,183.0
122C,20,164,2,82.0
122C,21,110,3,36.7
122C,22,85,2,42.5
122C,23,30,1,30.0
122D,5,126,1,126.0
122D,6,289,4,72.2
122D,7,316,3,105.3
122D,8,230,1,230.0
122D,9,160,1,160.0
122D,10,137,2,68.5
122D,11,38,1,38.0
122D,12,129,3,43.0
122D,13,128,2,64.0
122D,15,90,1,90.0
122D,16,60,2,30.0
122D,18,92,2,46.0
122D,19,67,1,67.0
122D,20,25,1,25.0
122D,21,98,1,98.0
122D,22,101,1,101.0
122H,5,34,1,34.0
122H,7,40,1,40.0
122H,16,24,1,24.0
122M,5,55,1,55.0
122M,6,181,3,60.3
122M,7,108,3,36.0
122M,8,85,1,85.0
122M,10,82,1,82.0
122M,11,114,1,114.0
122M,12,109,1,109.0
122M,13,65,2,32.5
122M,14,86,2,43.0
122M,15,193,4,48.2
122M,16,143,2,71.5
122M,17,79,2,39.5
122M,18,84,1,84.0
122M,19,95,3,31.7
122M,21,36,1,36.0
122V,5,35,1,35.0
122V,7,124,2,62.0
122V,9,62,2,31.0
122V,11,16,1,16.0
122V,12,31,1,31.0
122V,14,17,1,17.0
122V,16,44,1,44.0
122V,18,7,1,7.0
122V,20,20,1,20.0
122V,21,35,1,35.0
122Y,6,63,2,31.5
122Y,7,136,2,68.0
122Y,9,64,2,32.0
122Y,15,39,1,39.0
122Y,16,65,1,65.0
122Y,17,14,1,14.0
122Y,18,73,1,73.0
122ÇK,7,35,2,17.5
122ÇK,8,35,2,17.5
122ÇK,16,26,1,26.0
122ÇK,17,38,1,38.0
122ÇK,19,14,2,7.0
122ÇK,20,37,2,18.5
122ÇK,21,4,1,4.0
129L,6,58,2,29.0
129L,7,1,1,1.0
129L,17,15,1,15.0
129T,0,21,1,21.0
129T,5,108,2,54.0
129T,6,186,4,46.5
129T,7,184,2,92.0
129T,8,123,2,61.5
129T,9,148,2,74.0
129T,10,138,2,69.0
129T,11,140,2,70.0
129T,12,119,2,59.5
129T,13,96,1,96.0
129T,14,258,2,129.0
129T,15,143,1,143.0
129T,16,190,2,95.0
129T,17,288,1,288.0
129T,18,259,2,129.5
129T,19,192,1,192.0
129T,20,122,1,122.0
129T,21,109,1,109.0
129T,22,37,1,37.0
129T,23,49,2,24.5
12A,0,119,6,19.8
12A,5,31,1,31.0
12A,6,165,10,16.5
12A,7,901,14,64.4
12A,8,1229,15,81.9
12A,9,1116,15,74.4
12A,10,1115,15,74.3
12A,11,1069,16,66.8
12A,12,1232,16,77.0
12A,13,1187,15,79.1
12A,14,1212,13,93.2
12A,15,1180,11,107.3
12A,16,1005,10,100.5
12A,17,917,10,91.7
12A,18,1050,12,87.5
12A,19,893,13,68.7
12A,20,839,13,64.5
12A,21,675,11,61.4
12A,22,507,11,46.1
12A,23,449,8,56.1
12C,6,40,2,20.0
12C,7,185,2,92.5
12C,8,112,1,112.0
12C,9,93,1,93.0
12C,10,88,1,88.0
12C,12,87,1,87.0
12C,13,56,1,56.0
12C,14,135,2,67.5
12C,15,143,1,143.0
12C,16,71,1,71.0
12C,17,106,1,106.0
12C,18,97,1,97.0
12C,19,43,1,43.0
12C,20,46,1,46.0
13,0,94,2,47.0
13,5,151,2,75.5
13,6,673,12,56.1
13,7,1435,15,95.7
13,8,1599,9,177.7
13,9,1264,8,158.0
13,10,1028,11,93.5
13,11,1064,9,118.2
13,12,1318,9,146.4
13,13,1335,11,121.4
13,14,1146,10,114.6
13,15,1409,9,156.6
13,16,1370,9,152.2
13,17,1286,8,160.8
13,18,1328,10,132.8
13,19,1252,10,125.2
13,20,848,8,106.0
13,21,772,10,77.2
13,22,966,11,87.8
13,23,459,5,91.8
130A,1,129,2,64.5
130A,2,91,2,45.5
130A,3,37,2,18.5
130A,5,93,1,93.0
130A,7,160,2,80.0
130A,9,36,2,18.0
130A,11,44,2,22.0
130A,13,62,2,31.0
130A,15,23,1,23.0
130A,16,126,1,126.0
130A,18,89,1,89.0
130A,19,68,1,68.0
130A,20,79,1,79.0
130A,21,88,1,88.0
130A,22,44,1,44.0
130A,23,54,1,54.0
130E,6,199,3,66.3
130E,7,291,4,72.8
130E,8,487,1,487.0
130E,9,140,3,46.7
130E,10,183,1,183.0
130E,11,115,1,115.0
130E,12,112,2,56.0
130E,14,94,3,31.3
130E,15,90,2,45.0
130E,16,240,2,120.0
130E,17,250,2,125.0
130E,18,144,1,144.0
130E,19,43,1,43.0
130E,20,59,2,29.5
130E,21,21,1,21.0
130H,5,4,1,4.0
130H,7,52,1,52.0
130H,11,53,1,53.0
130H,13,29,1,29.0
130H,14,38,1,38.0
130H,16,73,2,36.5
130H,18,31,2,15.5
130H,20,30,1,30.0
130T,6,12,1,12.0
130T,7,75,2,37.5
130T,8,99,1,99.0
130T,9,22,1,22.0
130T,15,59,1,59.0
130T,17,70,1,70.0
130T,18,18,1,18.0
130T,19,35,1,35.0
131,0,29,1,29.0
131,5,66,2,33.0
131,6,331,7,47.3
131,7,517,6,86.2
131,8,545,7,77.9
131,9,423,5,84.6
131,10,257,4,64.2
131,11,309,3,103.0
131,12,427,4,106.8
131,13,466,6,77.7
131,14,405,3,135.0
131,15,312,4,78.0
131,16,449,5,89.8
131,17,421,2,210.5
131,18,215,5,43.0
131,19,378,3,126.0
131,20,233,2,116.5
131,21,118,1,118.0
131,22,75,2,37.5
131,23,69,1,69.0
131A,6,141,3,47.0
131A,7,115,2,57.5
131A,8,143,1,143.0
131A,10,18,1,18.0
131A,11,18,1,18.0
131A,14,61,2,30.5
131A,15,76,2,38.0
131A,16,88,1,88.0
131A,17,129,1,129.0
131A,18,121,1,121.0
131A,20,8,1,8.0
131A,22,77,1,77.0
131B,5,9,2,4.5
131B,6,142,1,142.0
131B,7,238,2,119.0
131B,8,107,1,107.0
131B,9,89,2,44.5
131B,11,23,1,23.0
131B,14,32,1,32.0
131B,15,79,1,79.0
131B,16,242,2,121.0
131B,17,86,1,86.0
131B,18,65,2,32.5
131B,20,11,1,11.0
131H,5,36,1,36.0
131H,6,6,1,6.0
131H,7,202,2,101.0
131H,8,233,2,116.5
131H,9,121,2,60.5
131H,10,38,2,19.0
131H,11,29,1,29.0
131H,12,65,1,65.0
131H,13,50,2,25.0
131H,14,109,2,54.5
131H,15,80,1,80.0
131H,16,163,2,81.5
131H,18,59,2,29.5
131H,20,34,1,34.0
131H,21,50,1,50.0
131H,22,17,1,17.0
131K,6,3,1,3.0
131K,7,126,3,42.0
131K,8,73,1,73.0
131K,9,30,1,30.0
131K,15,35,1,35.0
131K,16,101,1,101.0
131K,17,77,1,77.0
131SB,6,33,2,16.5
131SB,7,231,4,57.8
131SB,8,277,3,92.3
131SB,9,92,1,92.0
131SB,10,64,2,32.0
131SB,11,78,2,39.0
131SB,12,64,1,64.0
131SB,13,120,2,60.0
131SB,14,109,2,54.5
131SB,15,173,1,173.0
131SB,16,157,2,78.5
131SB,17,112,2,56.0
131SB,18,90,1,90.0
131SB,19,106,2,53.0
131SB,20,70,2,35.0
131T,4,13,2,6.5
131T,5,173,8,21.6
131T,6,885,14,63.2
131T,7,1718,12,143.2
131T,8,1752,10,175.2
131T,9,1154,11,104.9
131T,10,948,11,86.2
131T,11,964,8,120.5
131T,12,1297,12,108.1
131T,13,1347,7,192.4
131T,14,1105,12,92.1
131T,15,1248,9,138.7
131T,16,1674,12,139.5
131T,17,1586,7,226.6
131T,18,1693,9,188.1
131T,19,1332,8,166.5
131T,20,1023,9,113.7
131T,21,843,8,105.4
131T,22,636,5,127.2
131T,23,197,2,98.5
131V,5,32,1,32.0
131V,6,154,6,25.7
131V,7,441,4,110.2
131V,8,452,1,452.0
131V,9,256,4,64.0
131V,10,146,1,146.0
131V,11,248,4,62.0
131V,12,313,2,156.5
131V,13,296,2,148.0
131V,14,360,5,72.0
131V,15,403,4,100.8
131V,16,516,3,172.0
131V,17,487,3,162.3
131V,18,505,4,126.2
131V,19,332,3,110.7
131V,20,231,3,77.0
131V,21,102,2,51.0
131V,22,97,1,97.0
131Y,5,53,1,53.0
131Y,6,468,8,58.5
131Y,7,1218,9,135.3
131Y,8,860,5,172.0
131Y,9,545,6,90.8
131Y,10,508,5,101.6
131Y,11,643,5,128.6
131Y,12,603,4,150.8
131Y,13,503,4,125.8
131Y,14,427,6,71.2
131Y,15,518,4,129.5
131Y,16,620,5,124.0
131Y,17,655,3,218.3
131Y,18,588,6,98.0
131Y,19,523,4,130.8
131Y,20,433,6,72.2
131Y,21,284,3,94.7
131Y,22,127,2,63.5
131YS,4,1,1,1.0
131YS,5,211,6,35.2
131YS,6,1022,14,73.0
131YS,7,2003,14,143.1
131YS,8,1946,11,176.9
131YS,9,1169,13,89.9
131YS,10,888,9,98.7
131YS,11,990,10,99.0
131YS,12,1129,9,125.4
131YS,13,1150,9,127.8
131YS,14,962,7,137.4
131YS,15,1150,10,115.0
131YS,16,1253,7,179.0
131YS,17,1250,7,178.6
131YS,18,1378,9,153.1
131YS,19,1028,8,128.5
131YS,20,723,8,90.4
131YS,21,522,4,130.5
131YS,22,381,3,127.0
131Ü,5,37,1,37.0
131Ü,6,175,3,58.3
131Ü,7,314,3,104.7
131Ü,8,159,1,159.0
131Ü,9,94,3,31.3
131Ü,10,69,1,69.0
131Ü,12,15,1,15.0
131Ü,14,66,1,66.0
131Ü,15,98,2,49.0
131Ü,16,209,3,69.7
131Ü,17,172,1,172.0
131Ü,18,140,2,70.0
131Ü,19,245,1,245.0
131Ü,20,72,1,72.0
132,5,39,1,39.0
132,6,126,4,31.5
132,7,473,4,118.2
132,8,476,4,119.0
132,9,315,5,63.0
132,10,157,2,78.5
132,11,53,2,26.5
132,12,68,1,68.0
132,13,36,1,36.0
132,14,104,2,52.0
132,15,124,2,62.0
132,16,309,4,77.2
132,17,247,3,82.3
132,18,323,4,80.8
132,19,116,2,58.0
132,20,84,3,28.0
132,21,19,2,9.5
132A,5,5,1,5.0
132A,6,59,4,14.8
132A,7,262,4,65.5
132A,8,246,4,61.5
132A,9,157,3,52.3
132A,10,71,3,23.7
132A,11,24,1,24.0
132A,12,57,1,57.0
132A,14,60,2,30.0
132A,15,73,2,36.5
132A,16,153,3,51.0
132A,17,201,2,100.5
132A,18,119,4,29.8
132A,19,210,4,52.5
132A,20,114,2,57.0
132A,21,42,2,21.0
132A,22,24,1,24.0
132B,7,77,1,77.0
132B,9,39,1,39.0
132B,15,29,1,29.0
132B,17,20,1,20.0
132C,5,66,3,22.0
132C,6,372,7,53.1
132C,7,876,7,125.1
132C,8,1163,8,145.4
132C,9,770,8,96.2
132C,10,637,7,91.0
132C,11,687,6,114.5
132C,12,703,7,100.4
132C,13,766,5,153.2
132C,14,854,6,142.3
132C,15,857,6,142.8
132C,16,1071,6,178.5
132C,17,906,6,151.0
132C,18,1122,6,187.0
132C,19,760,5,152.0
132C,20,517,5,103.4
132C,21,427,4,106.8
132C,22,289,3,96.3
132C,23,64,1,64.0
132D,6,62,2,31.0
132D,7,64,1,64.0
132D,8,107,1,107.0
132D,9,25,1,25.0
132D,10,84,1,84.0
132D,11,79,2,39.5
132D,13,80,2,40.0
132D,15,86,2,43.0
132D,16,56,2,28.0
132D,18,39,2,19.5
132D,20,27,1,27.0
132D,21,26,1,26.0
132E,6,16,1,16.0
132E,7,49,1,49.0
132E,8,19,1,19.0
132E,10,49,1,49.0
132E,13,65,1,65.0
132E,14,57,1,57.0
132E,16,120,1,120.0
132E,17,18,1,18.0
132E,19,49,1,49.0
132F,6,154,3,51.3
132F,7,192,3,64.0
132F,8,321,3,107.0
132F,9,109,3,36.3
132F,10,70,1,70.0
132F,11,31,1,31.0
132F,12,96,2,48.0
132F,13,92,2,46.0
132F,14,104,1,104.0
132F,15,84,2,42.0
132F,16,274,3,91.3
132F,17,181,3,60.3
132F,18,229,3,76.3
132F,19,139,3,46.3
132F,20,80,3,26.7
132F,21,60,2,30.0
132F,22,21,1,21.0
132G,6,3,1,3.0
132G,7,54,2,27.0
132G,8,44,1,44.0
132G,9,10,2,5.0
132G,15,23,1,23.0
132G,16,15,2,7.5
132G,17,17,1,17.0
132G,18,32,1,32.0
132H,6,55,1,55.0
132H,7,46,1,46.0
132H,8,88,1,88.0
132H,9,29,1,29.0
132H,10,14,1,14.0
132H,11,35,1,35.0
132H,13,50,1,50.0
132H,14,38,1,38.0
132H,15,89,1,89.0
132H,16,80,1,80.0
132H,18,55,1,55.0
132H,19,67,1,67.0
132H,20,34,1,34.0
132H,21,27,1,27.0
132H,22,25,1,25.0
132K,6,95,3,31.7
132K,7,322,4,80.5
132K,8,386,3,128.7
132K,9,270,2,135.0
132K,10,149,4,37.2
132K,11,209,4,52.2
132K,12,306,4,76.5
132K,13,304,4,76.0
132K,14,374,4,93.5
132K,15,332,3,110.7
132K,16,286,3,95.3
132K,17,250,4,62.5
132K,18,211,4,52.8
132K,19,243,4,60.8
132K,20,220,4,55.0
132K,21,224,6,37.3
132K,22,232,3,77.3
132K,23,52,2,26.0
132M,4,1,1,1.0
132M,5,203,7,29.0
132M,6,1050,16,65.6
132M,7,2189,22,99.5
132M,8,2322,14,165.9
132M,9,1441,9,160.1
132M,10,1255,12,104.6
132M,11,1309,12,109.1
132M,12,1383,10,138.3
132M,13,1562,10,156.2
132M,14,1318,10,131.8
132M,15,1873,15,124.9
132M,16,2109,12,175.8
132M,17,1881,15,125.4
132M,18,1848,13,142.2
132M,19,1702,10,170.2
132M,20,1179,9,131.0
132M,21,811,9,90.1
132M,22,639,5,127.8
132M,23,215,2,107.5
132N,5,26,1,26.0
132N,6,62,1,62.0
132N,7,42,1,42.0
132N,16,97,1,97.0
132N,17,53,1,53.0
132P,5,42,3,14.0
132P,6,411,8,51.4
132P,7,1412,9,156.9
132P,8,1779,9,197.7
132P,9,1031,5,206.2
132P,10,801,6,133.5
132P,11,747,6,124.5
132P,12,828,5,165.6
132P,13,1017,7,145.3
132P,14,1027,6,171.2
132P,15,1452,9,161.3
132P,16,1520,8,190.0
132P,17,1135,7,162.1
132P,18,1381,9,153.4
132P,19,1151,7,164.4
132P,20,704,7,100.6
132P,21,574,5,114.8
132P,22,431,4,107.8
132P,23,176,1,176.0
132S,5,183,5,36.6
132S,6,837,12,69.8
132S,7,1624,13,124.9
132S,8,1615,8,201.9
132S,9,915,5,183.0
132S,10,565,7,80.7
132S,11,698,5,139.6
132S,12,864,6,144.0
132S,13,909,5,181.8
132S,14,813,9,90.3
132S,15,986,11,89.6
132S,16,1544,10,154.4
132S,17,1120,6,186.7
132S,18,989,6,164.8
132S,19,708,6,118.0
132S,20,643,8,80.4
132S,21,468,7,66.9
132S,22,286,5,57.2
132S,23,125,2,62.5
132SB,6,85,3,28.3
132SB,7,177,2,88.5
132SB,8,195,1,195.0
132SB,9,74,1,74.0
132SB,11,39,1,39.0
132SB,14,33,2,16.5
132SB,15,97,1,97.0
132SB,16,165,1,165.0
132SB,17,98,1,98.0
132SB,18,123,1,123.0
132SB,19,146,1,146.0
132SB,20,77,1,77.0
132T,6,116,5,23.2
132T,7,295,4,73.8
132T,8,186,3,62.0
132T,9,103,4,25.8
132T,10,61,3,20.3
132T,11,32,2,16.0
132T,12,24,2,12.0
132T,13,28,2,14.0
132T,14,48,3,16.0
132T,15,83,2,41.5
132T,16,164,2,82.0
132T,17,174,3,58.0
132T,18,190,3,63.3
132T,20,73,2,36.5
132T,21,18,1,18.0
132T,22,7,1,7.0
132V,5,73,3,24.3
132V,6,601,13,46.2
132V,7,1625,19,85.5
132V,8,1586,14,113.3
132V,9,1053,10,105.3
132V,10,1000,10,100.0
132V,11,1019,8,127.4
132V,12,1078,9,119.8
132V,13,1271,7,181.6
132V,14,1063,10,106.3
132V,15,1578,10,157.8
132V,16,1788,9,198.7
132V,17,1339,14,95.6
132V,18,1221,9,135.7
132V,19,1018,6,169.7
132V,20,683,10,68.3
132V,21,658,7,94.0
132V,22,293,5,58.6
132V,23,71,1,71.0
132Y,6,47,3,15.7
132Y,7,118,3,39.3
132Y,8,146,2,73.0
132Y,9,35,1,35.0
132Y,10,24,1,24.0
132Y,19,39,2,19.5
132YB,6,70,1,70.0
132YB,7,128,2,64.0
132YB,8,48,1,48.0
132YB,9,117,1,117.0
132YB,10,42,1,42.0
132YB,11,56,1,56.0
132YB,12,98,1,98.0
132YB,13,73,1,73.0
132YB,15,13,1,13.0
132YB,16,54,1,54.0
132YB,17,87,1,87.0
132YB,18,137,1,137.0
132YB,19,17,1,17.0
132YB,20,17,1,17.0
132YM,7,50,1,50.0
132YM,9,6,1,6.0
132YM,17,18,1,18.0
132Z,5,35,1,35.0
132Z,6,204,4,51.0
132Z,7,244,1,244.0
132Z,8,221,2,110.5
132Z,9,135,1,135.0
132Z,10,50,2,25.0
132Z,11,66,3,22.0
132Z,12,184,3,61.3
132Z,13,284,2,142.0
132Z,14,167,1,167.0
132Z,15,160,2,80.0
132Z,16,316,2,158.0
132Z,17,203,3,67.7
132Z,18,309,1,309.0
132Z,19,157,2,78.5
132Z,20,150,4,37.5
132Z,21,136,2,68.0
132Z,22,108,2,54.0
132ÇK,5,9,1,9.0
132ÇK,6,56,1,56.0
132ÇK,7,90,1,90.0
132ÇK,8,105,1,105.0
132ÇK,9,16,1,16.0
132ÇK,11,12,1,12.0
132ÇK,13,43,1,43.0
132ÇK,14,41,1,41.0
132ÇK,15,15,1,15.0
132ÇK,17,100,1,100.0
132ÇK,18,44,1,44.0
132ÇK,20,18,1,18.0
133A,5,10,1,10.0
133A,6,43,1,43.0
133A,7,176,2,88.0
133A,8,63,1,63.0
133A,15,51,1,51.0
133A,16,164,2,82.0
133A,18,111,2,55.5
133AK,5,19,4,4.8
133AK,6,368,9,40.9
133AK,7,653,8,81.6
133AK,8,579,7,82.7
133AK,9,363,7,51.9
133AK,10,372,5,74.4
133AK,11,337,10,33.7
133AK,12,482,7,68.9
133AK,13,438,6,73.0
133AK,14,341,7,48.7
133AK,15,468,5,93.6
133AK,16,593,8,74.1
133AK,17,462,8,57.8
133AK,18,577,6,96.2
133AK,19,411,7,58.7
133AK,20,326,6,54.3
133AK,21,220,4,55.0
133AK,22,80,1,80.0
133F,5,33,1,33.0
133F,6,384,6,64.0
133F,7,1088,11,98.9
133F,8,1041,7,148.7
133F,9,615,7,87.9
133F,10,571,6,95.2
133F,11,471,6,78.5
133F,12,636,6,106.0
133F,13,519,6,86.5
133F,14,645,7,92.1
133F,15,871,7,124.4
133F,16,826,5,165.2
133F,17,754,5,150.8
133F,18,743,4,185.8
133F,19,527,6,87.8
133F,20,311,6,51.8
133F,21,258,5,51.6
133F,22,150,3,50.0
133G,6,19,2,9.5
133G,7,82,1,82.0
133G,8,34,1,34.0
133G,9,18,1,18.0
133G,16,13,1,13.0
133G,17,20,1,20.0
133G,18,23,1,23.0
133GP,6,88,3,29.3
133GP,7,189,2,94.5
133GP,8,175,1,175.0
133GP,9,73,2,36.5
133GP,10,97,1,97.0
133GP,11,66,1,66.0
133GP,12,49,1,49.0
133GP,13,133,1,133.0
133GP,14,67,1,67.0
133GP,15,81,2,40.5
133GP,16,85,1,85.0
133GP,17,146,2,73.0
133GP,18,155,2,77.5
133GP,19,128,1,128.0
133GP,20,102,1,102.0
133GP,21,79,2,39.5
133K,5,14,1,14.0
133K,6,65,3,21.7
133K,7,334,4,83.5
133K,8,475,6,79.2
133K,9,241,3,80.3
133K,10,171,5,34.2
133K,11,159,2,79.5
133K,12,160,3,53.3
133K,13,210,2,105.0
133K,14,167,3,55.7
133K,15,171,5,34.2
133K,16,412,4,103.0
133K,17,343,6,57.2
133K,18,395,4,98.8
133K,19,200,4,50.0
133K,20,139,3,46.3
133K,21,126,3,42.0
133K,22,90,3,30.0
133KT,5,3,2,1.5
133KT,6,259,6,43.2
133KT,7,700,10,70.0
133KT,8,839,10,83.9
133KT,9,653,10,65.3
133KT,10,473,7,67.6
133KT,11,405,7,57.9
133KT,12,603,7,86.1
133KT,13,574,7,82.0
133KT,14,676,8,84.5
133KT,15,788,8,98.5
133KT,16,848,10,84.8
133KT,17,845,9,93.9
133KT,18,628,6,104.7
133KT,19,560,8,70.0
133KT,20,435,7,62.1
133KT,21,402,6,67.0
133KT,22,257,3,85.7
133KT,23,71,1,71.0
133M,5,2,1,2.0
133M,6,43,2,21.5
133M,7,75,1,75.0
133M,8,284,3,94.7
133M,9,89,1,89.0
133M,16,105,1,105.0
133M,17,117,2,58.5
133M,18,70,2,35.0
133M,19,23,1,23.0
133N,6,37,1,37.0
133N,7,268,4,67.0
133N,8,260,5,52.0
133N,9,123,3,41.0
133N,10,70,1,70.0
133N,11,50,1,50.0
133N,12,39,1,39.0
133N,13,26,1,26.0
133N,14,18,1,18.0
133N,15,174,3,58.0
133N,16,92,2,46.0
133N,18,43,1,43.0
133N,19,8,1,8.0
133N,20,24,1,24.0
133P,5,64,4,16.0
133P,6,308,9,34.2
133P,7,912,13,70.2
133P,8,920,10,92.0
133P,9,552,9,61.3
133P,10,415,9,46.1
133P,11,571,11,51.9
133P,12,702,10,70.2
133P,13,553,8,69.1
133P,14,484,9,53.8
133P,15,585,6,97.5
133P,16,689,9,76.6
133P,17,613,8,76.6
133P,18,580,8,72.5
133P,19,459,11,41.7
133P,20,371,8,46.4
133P,21,219,7,31.3
133P,22,141,2,70.5
133T,5,20,1,20.0
133T,6,52,2,26.0
133T,7,150,3,50.0
133T,8,140,2,70.0
133T,9,106,2,53.0
133T,10,63,2,31.5
133T,12,19,1,19.0
133T,13,27,1,27.0
133T,15,167,3,55.7
133T,17,142,2,71.0
133TM,6,73,2,36.5
133TM,7,114,3,38.0
133TM,8,147,2,73.5
133TM,9,75,1,75.0
133TM,10,55,2,27.5
133TM,12,105,2,52.5
133TM,13,39,1,39.0
133TM,14,52,2,26.0
133TM,15,182,2,91.0
133TM,16,122,2,61.0
133TM,17,130,2,65.0
133TM,18,116,3,38.7
133TM,19,55,1,55.0
133TM,20,41,1,41.0
133TM,21,26,1,26.0
134,6,41,3,13.7
134,7,301,5,60.2
134,8,336,5,67.2
134,9,187,4,46.8
134,10,164,4,41.0
134,11,142,6,23.7
134,12,231,4,57.8
134,13,198,6,33.0
134,14,175,4,43.8
134,15,268,5,53.6
134,16,252,5,50.4
134,17,243,4,60.8
134,18,210,4,52.5
134,19,241,4,60.2
134,20,107,2,53.5
134,21,83,3,27.7
134,22,61,1,61.0
134CK,6,52,1,52.0
134CK,7,101,2,50.5
134CK,8,178,2,89.0
134CK,9,11,1,11.0
134CK,10,14,1,14.0
134CK,11,19,1,19.0
134CK,12,32,1,32.0
134CK,13,27,2,13.5
134CK,15,24,1,24.0
134CK,16,68,1,68.0
134CK,17,49,1,49.0
134CK,18,81,1,81.0
134CK,19,15,1,15.0
134CK,20,23,1,23.0
134CK,21,13,1,13.0
134CK,22,29,1,29.0
134GK,6,25,2,12.5
134GK,7,73,1,73.0
134GK,8,81,1,81.0
134GK,10,7,1,7.0
134GK,11,34,2,17.0
134GK,12,21,1,21.0
134GK,13,31,1,31.0
134GK,14,31,1,31.0
134GK,19,62,1,62.0
134GK,20,22,1,22.0
134GK,21,22,1,22.0
134UK,9,17,1,17.0
134UK,11,24,1,24.0
134UK,12,33,1,33.0
134UK,13,17,1,17.0
134UK,14,36,1,36.0
134UK,15,51,1,51.0
134UK,16,34,1,34.0
134UK,18,13,1,13.0
134YK,6,161,5,32.2
134YK,7,716,10,71.6
134YK,8,830,8,103.8
134YK,9,629,8,78.6
134YK,10,455,6,75.8
134YK,11,449,8,56.1
134YK,12,509,6,84.8
134YK,13,560,7,80.0
134YK,14,604,6,100.7
134YK,15,555,8,69.4
134YK,16,639,8,79.9
134YK,17,522,5,104.4
134YK,18,435,5,87.0
134YK,19,372,7,53.1
134YK,20,289,7,41.3
134YK,21,147,5,29.4
134YK,22,110,3,36.7
135,6,83,3,27.7
135,7,166,4,41.5
135,8,314,3,104.7
135,9,92,2,46.0
135,10,74,2,37.0
135,11,124,4,31.0
135,12,140,2,70.0
135,13,131,2,65.5
135,14,48,2,24.0
135,15,73,2,36.5
135,16,97,3,32.3
135,17,58,3,19.3
135,18,56,3,18.7
135,19,28,2,14.0
135,20,30,2,15.0
135,21,9,1,9.0
135A,5,4,1,4.0
135A,6,36,2,18.0
135A,7,56,1,56.0
135A,9,4,1,4.0
135A,11,28,1,28.0
135A,12,37,1,37.0
135A,13,40,1,40.0
135A,15,42,2,21.0
135A,16,36,1,36.0
135A,17,30,1,30.0
135A,18,10,1,10.0
135A,19,10,1,10.0
135A,20,23,1,23.0
135A,21,21,1,21.0
135G,6,16,2,8.0
135G,7,33,1,33.0
135G,8,87,1,87.0
135G,9,62,2,31.0
135G,10,53,2,26.5
135G,12,55,2,27.5
135G,13,68,2,34.0
135G,15,102,2,51.0
135G,16,100,2,50.0
135G,18,116,2,58.0
135G,20,64,2,32.0
135K,6,76,3,25.3
135K,7,342,4,85.5
135K,8,151,2,75.5
135K,9,114,2,57.0
135K,11,57,2,28.5
135K,12,90,2,45.0
135K,13,126,2,63.0
135K,14,71,2,35.5
135K,16,94,2,47.0
135K,17,126,1,126.0
135K,18,79,2,39.5
135K,19,102,2,51.0
135K,20,62,2,31.0
135K,21,31,1,31.0
135T,6,59,1,59.0
135T,7,27,1,27.0
135T,8,58,1,58.0
135T,9,37,1,37.0
135T,11,54,1,54.0
135T,12,25,1,25.0
135T,14,41,1,41.0
135T,15,40,1,40.0
135T,16,32,1,32.0
135T,18,39,1,39.0
135T,19,11,1,11.0
135T,20,19,1,19.0
136,5,7,1,7.0
136,6,113,4,28.2
136,7,316,7,45.1
136,8,311,7,44.4
136,9,151,3,50.3
136,10,154,6,25.7
136,11,167,4,41.8
136,12,171,4,42.8
136,13,210,6,35.0
136,14,213,4,53.2
136,15,290,5,58.0
136,16,274,5,54.8
136,17,240,5,48.0
136,18,197,4,49.2
136,19,206,4,51.5
136,20,138,4,34.5
136,21,86,2,43.0
136,22,96,1,96.0
136,23,66,1,66.0
136B,6,294,6,49.0
136B,7,804,8,100.5
136B,8,1020,7,145.7
136B,9,732,7,104.6
136B,10,629,8,78.6
136B,11,508,6,84.7
136B,12,895,8,111.9
136B,13,722,7,103.1
136B,14,771,6,128.5
136B,15,1078,8,134.8
136B,16,851,6,141.8
136B,17,970,7,138.6
136B,18,867,5,173.4
136B,19,664,6,110.7
136B,20,465,6,77.5
136B,21,464,5,92.8
136B,22,264,5,52.8
136B,23,117,4,29.2
136R,6,11,2,5.5
136R,8,16,1,16.0
136R,10,20,1,20.0
136R,11,10,1,10.0
136R,13,26,1,26.0
136R,14,14,1,14.0
136R,16,7,1,7.0
136R,17,38,1,38.0
136R,18,29,1,29.0
136R,19,7,1,7.0
136R,20,17,1,17.0
136Z,6,18,1,18.0
136Z,7,84,2,42.0
136Z,8,40,2,20.0
136Z,9,22,2,11.0
136Z,11,27,2,13.5
136Z,13,26,2,13.0
136Z,14,11,1,11.0
136Z,15,32,1,32.0
136Z,16,30,2,15.0
136Z,17,43,2,21.5
136Z,19,37,2,18.5
136Z,20,16,1,16.0
137,5,42,1,42.0
137,6,132,5,26.4
137,7,313,3,104.3
137,8,276,5,55.2
137,9,193,3,64.3
137,10,147,3,49.0
137,11,131,2,65.5
137,12,157,3,52.3
137,13,164,2,82.0
137,14,171,2,85.5
137,15,276,4,69.0
137,16,149,2,74.5
137,17,96,3,32.0
137,18,236,2,118.0
137,19,156,2,78.0
137,20,82,2,41.0
137,21,25,2,12.5
138,6,93,5,18.6
138,7,290,3,96.7
138,8,253,2,126.5
138,9,82,2,41.0
138,10,105,2,52.5
138,11,22,1,22.0
138,12,85,2,42.5
138,13,52,1,52.0
138,14,107,1,107.0
138,16,73,1,73.0
138,17,137,1,137.0
138,18,77,1,77.0
138,19,83,1,83.0
138B,6,34,1,34.0
138B,7,202,1,202.0
138B,8,154,1,154.0
138B,10,74,1,74.0
138B,11,24,1,24.0
138B,13,50,1,50.0
138B,14,1,1,1.0
138B,15,110,1,110.0
138B,16,105,1,105.0
138B,18,67,1,67.0
138B,19,15,1,15.0
138B,20,39,3,13.0
138B,22,32,1,32.0
139,6,31,1,31.0
139,9,12,1,12.0
139,10,11,1,11.0
139,12,4,1,4.0
139,14,2,1,2.0
139,16,18,2,9.0
139,18,22,2,11.0
139,19,11,1,11.0
139,22,18,1,18.0
139A,6,43,2,21.5
139A,7,60,2,30.0
139A,8,38,2,19.0
139A,9,53,3,17.7
139A,10,66,1,66.0
139A,11,43,2,21.5
139A,12,37,3,12.3
139A,13,19,1,19.0
139A,14,48,3,16.0
139A,15,51,2,25.5
139A,16,39,4,9.8
139A,17,30,2,15.0
139A,18,40,2,20.0
139A,19,45,2,22.5
139A,20,36,2,18.0
139A,21,11,1,11.0
139D,6,28,1,28.0
139D,8,84,1,84.0
139D,10,14,1,14.0
139D,14,24,1,24.0
139D,17,19,1,19.0
139D,19,22,1,22.0
139D,22,3,1,3.0
139S,6,42,1,42.0
139S,9,118,1,118.0
139S,12,117,1,117.0
139S,16,33,1,33.0
139S,18,8,1,8.0
139S,21,26,1,26.0
139T,6,317,3,105.7
139T,7,714,4,178.5
139T,8,345,5,69.0
139T,9,238,2,119.0
139T,10,155,3,51.7
139T,11,273,3,91.0
139T,12,251,3,83.7
139T,13,277,5,55.4
139T,14,149,1,149.0
139T,15,284,4,71.0
139T,16,155,1,155.0
139T,17,198,2,99.0
139T,18,161,2,80.5
139T,19,93,2,46.5
139T,20,36,1,36.0
139T,21,17,1,17.0
13AB,6,28,1,28.0
13AB,8,82,1,82.0
13B,5,33,1,33.0
13B,6,49,2,24.5
13B,7,117,2,58.5
13B,8,91,2,45.5
13B,10,17,1,17.0
13B,11,43,1,43.0
13B,13,26,1,26.0
13B,14,69,2,34.5
13B,15,77,1,77.0
13B,16,103,1,103.0
13B,17,44,2,22.0
13B,19,53,2,26.5
13B,21,22,1,22.0
13FY,6,5,1,5.0
13FY,7,82,2,41.0
13FY,8,75,2,37.5
13FY,9,39,2,19.5
13FY,10,22,1,22.0
13FY,11,11,1,11.0
13FY,12,18,1,18.0
13FY,13,4,1,4.0
13FY,14,43,2,21.5
13FY,15,27,1,27.0
13FY,16,29,1,29.0
13FY,17,26,1,26.0
13FY,18,29,1,29.0
13FY,19,13,1,13.0
13FY,20,35,1,35.0
13FY,21,24,2,12.0
13FY,22,2,1,2.0
13H,5,1,1,1.0
13H,6,117,3,39.0
13H,7,133,3,44.3
13H,8,171,2,85.5
13H,9,91,2,45.5
13H,10,84,1,84.0
13H,11,60,1,60.0
13H,12,92,1,92.0
13H,13,121,2,60.5
13H,14,113,2,56.5
13H,16,115,2,57.5
13H,18,27,1,27.0
13H,19,88,1,88.0
13H,20,51,2,25.5
13H,21,27,1,27.0
13M,5,3,1,3.0
13M,6,165,3,55.0
13M,7,254,3,84.7
13M,8,153,3,51.0
13M,9,84,2,42.0
13M,10,56,2,28.0
13M,11,25,2,12.5
13M,14,35,1,35.0
13M,15,178,3,59.3
13M,16,95,1,95.0
13M,17,95,2,47.5
13M,18,29,2,14.5
13M,19,65,1,65.0
13M,20,16,2,8.0
13M,21,35,1,35.0
13TA,6,10,1,10.0
13TA,7,57,2,28.5
13TA,8,48,2,24.0
13TA,9,12,1,12.0
13TA,10,3,1,3.0
13TA,11,6,1,6.0
13TA,14,4,1,4.0
13TA,15,3,1,3.0
13TA,16,3,1,3.0
13TA,18,8,1,8.0
13TA,19,8,1,8.0
13Y,6,47,1,47.0
13Y,7,56,1,56.0
13Y,9,25,1,25.0
13Y,11,70,1,70.0
13Y,12,8,1,8.0
13Y,13,30,1,30.0
13Y,15,31,1,31.0
14,0,106,1,106.0
14,4,3,1,3.0
14,5,191,4,47.8
14,6,493,7,70.4
14,7,714,7,102.0
14,8,852,7,121.7
14,9,654,6,109.0
14,10,501,3,167.0
14,11,376,4,94.0
14,12,370,2,185.0
14,13,358,4,89.5
14,14,475,4,118.8
14,15,657,6,109.5
14,16,770,2,385.0
14,17,557,3,185.7
14,18,613,5,122.6
14,19,616,4,154.0
14,20,393,4,98.2
14,21,302,4,75.5
14,22,322,3,107.3
14,23,213,2,106.5
141A,6,18,2,9.0
141A,7,40,1,40.0
141A,8,21,1,21.0
141A,15,49,1,49.0
141A,16,38,2,19.0
141A,17,12,1,12.0
141K,6,62,4,15.5
141K,7,134,4,33.5
141K,8,143,2,71.5
141K,9,56,2,28.0
141K,10,6,1,6.0
141K,16,127,4,31.8
141K,17,121,2,60.5
141K,18,134,2,67.0
141K,19,105,3,35.0
141M,5,14,1,14.0
141M,6,504,7,72.0
141M,7,881,7,125.9
141M,8,750,5,150.0
141M,9,551,4,137.8
141M,10,492,6,82.0
141M,11,595,8,74.4
141M,12,498,3,166.0
141M,13,541,5,108.2
141M,14,436,2,218.0
141M,15,609,7,87.0
141M,16,556,2,278.0
141M,17,538,4,134.5
141M,18,617,5,123.4
141M,19,612,4,153.0
141M,20,535,5,107.0
141M,21,396,4,99.0
141M,22,350,2,175.0
141M,23,117,3,39.0
142,0,7,1,7.0
142,5,1,1,1.0
142,6,369,11,33.5
142,7,1347,10,134.7
142,8,1139,14,81.4
142,9,579,7,82.7
142,10,353,4,88.2
142,11,432,4,108.0
142,12,402,4,100.5
142,13,451,4,112.8
142,14,384,5,76.8
142,15,709,9,78.8
142,16,783,8,97.9
142,17,1017,12,84.8
142,18,1082,12,90.2
142,19,975,10,97.5
142,20,497,9,55.2
142,21,481,4,120.2
142,22,333,5,66.6
142,23,120,1,120.0
142A,5,62,2,31.0
142A,6,147,2,73.5
142A,7,355,3,118.3
142A,8,265,3,88.3
142A,9,134,2,67.0
142A,11,54,1,54.0
142A,12,71,2,35.5
142A,14,45,1,45.0
142A,15,119,2,59.5
142A,16,148,2,74.0
142A,17,128,2,64.0
142A,18,147,3,49.0
142A,19,105,2,52.5
142A,20,72,1,72.0
142A,21,55,1,55.0
142B,5,188,6,31.3
142B,6,1077,11,97.9
142B,7,1500,10,150.0
142B,8,1360,10,136.0
142B,9,1393,12,116.1
142B,10,865,11,78.6
142B,11,1040,10,104.0
142B,12,1368,10,136.8
142B,13,1116,8,139.5
142B,14,856,7,122.3
142B,15,1036,10,103.6
142B,16,1075,5,215.0
142B,17,1008,7,144.0
142B,18,731,4,182.8
142B,19,497,3,165.7
142B,20,696,8,87.0
142B,21,578,8,72.2
142B,22,404,5,80.8
142E,5,44,1,44.0
142E,6,59,1,59.0
142E,7,37,1,37.0
142E,8,9,1,9.0
142E,9,36,1,36.0
142E,17,106,2,53.0
142ES,6,60,2,30.0
142ES,7,166,2,83.0
142ES,8,139,2,69.5
142ES,9,76,4,19.0
142ES,10,73,2,36.5
142ES,11,86,2,43.0
142ES,12,115,2,57.5
142ES,13,71,2,35.5
142ES,14,92,2,46.0
142ES,15,125,2,62.5
142ES,16,166,2,83.0
142ES,17,86,1,86.0
142ES,18,99,2,49.5
142ES,19,82,1,82.0
142ES,20,51,3,17.0
142ES,22,13,1,13.0
142F,5,174,4,43.5
142F,6,851,19,44.8
142F,7,1415,27,52.4
142F,8,891,16,55.7
142F,9,528,14,37.7
142F,10,544,14,38.9
142F,11,594,13,45.7
142F,12,812,13,62.5
142F,13,772,12,64.3
142F,14,626,12,52.2
142F,15,788,12,65.7
142F,16,865,17,50.9
142F,17,1252,18,69.6
142F,18,991,15,66.1
142F,19,857,13,65.9
142F,20,528,17,31.1
142F,21,476,12,39.7
142F,22,266,7,38.0
142F,23,3,1,3.0
142K,6,196,4,49.0
142K,7,258,3,86.0
142K,8,238,3,79.3
142K,9,77,3,25.7
142K,10,28,1,28.0
142K,11,29,2,14.5
142K,12,55,2,27.5
142K,13,51,1,51.0
142K,14,26,2,13.0
142K,15,48,1,48.0
142K,16,120,5,24.0
142K,17,153,4,38.2
142K,18,221,5,44.2
142K,19,67,2,33.5
142K,20,30,2,15.0
142T,6,132,3,44.0
142T,7,152,3,50.7
142T,8,125,2,62.5
142T,9,146,4,36.5
142T,10,99,2,49.5
142T,11,94,2,47.0
142T,12,148,4,37.0
142T,13,102,2,51.0
142T,14,166,3,55.3
142T,15,173,1,173.0
142T,16,264,2,132.0
142T,17,105,1,105.0
142T,18,167,3,55.7
142T,19,102,1,102.0
142T,20,65,3,21.7
142T,21,41,1,41.0
143,6,131,4,32.8
143,7,290,5,58.0
143,16,63,3,21.0
143,17,129,2,64.5
143,18,125,2,62.5
143,19,103,3,34.3
144,6,18,2,9.0
144,7,111,1,111.0
144,8,86,2,43.0
144,15,2,1,2.0
144,16,22,1,22.0
144,17,133,2,66.5
144,18,146,1,146.0
144A,5,88,2,44.0
144A,6,544,6,90.7
144A,7,760,4,190.0
144A,8,849,6,141.5
144A,9,278,4,69.5
144A,10,284,5,56.8
144A,11,239,4,59.8
144A,12,324,3,108.0
144A,13,342,5,68.4
144A,14,327,3,109.0
144A,15,288,2,144.0
144A,16,489,5,97.8
144A,17,559,4,139.8
144A,18,536,4,134.0
144A,19,496,3,165.3
144A,20,340,6,56.7
144A,21,142,3,47.3
144A,22,22,1,22.0
144B,13,16,1,16.0
144B,15,63,1,63.0
144B,17,10,2,5.0
144B,19,4,1,4.0
144K,7,25,3,8.3
144K,8,55,3,18.3
144K,9,46,4,11.5
144K,10,15,4,3.8
144K,11,17,3,5.7
144K,12,3,3,1.0
144K,13,20,3,6.7
144K,14,15,3,5.0
144K,15,10,3,3.3
144K,16,54,3,18.0
144K,17,35,4,8.8
144K,18,16,3,5.3
144K,19,22,4,5.5
144K,20,5,4,1.2
144K,21,20,2,10.0
144K,22,6,2,3.0
144M,6,154,4,38.5
144M,7,230,4,57.5
144M,8,319,3,106.3
144M,9,131,2,65.5
144M,10,96,2,48.0
144M,11,93,2,46.5
144M,12,107,1,107.0
144M,13,80,1,80.0
144M,14,55,2,27.5
144M,15,92,1,92.0
144M,16,148,3,49.3
144M,17,133,1,133.0
144M,18,87,2,43.5
144M,19,118,2,59.0
144M,20,93,2,46.5
144M,21,69,1,69.0
145,6,119,1,119.0
145,7,250,4,62.5
145,8,169,3,56.3
145,9,106,2,53.0
145,10,39,2,19.5
145,11,38,2,19.0
145,12,33,2,16.5
145,13,77,2,38.5
145,14,45,2,22.5
145,15,34,2,17.0
145,16,72,2,36.0
145,17,135,2,67.5
145,18,97,2,48.5
145,19,11,2,5.5
145,20,47,2,23.5
145,21,62,1,62.0
145T,5,66,1,66.0
145T,6,175,1,175.0
145T,7,85,2,42.5
145T,8,78,1,78.0
145T,9,38,2,19.0
145T,10,40,2,20.0
145T,11,55,2,27.5
145T,12,44,2,22.0
145T,13,78,1,78.0
145T,14,48,1,48.0
145T,15,58,2,29.0
145T,16,96,2,48.0
145T,17,27,2,13.5
145T,18,100,1,100.0
145T,19,74,1,74.0
145T,20,68,3,22.7
145T,21,74,1,74.0
145T,22,53,1,53.0
145T,23,44,1,44.0
146,0,125,1,125.0
146,4,39,2,19.5
146,5,317,3,105.7
146,6,526,6,87.7
146,7,750,8,93.8
146,8,1104,8,138.0
146,9,780,4,195.0
146,10,983,7,140.4
146,11,828,5,165.6
146,12,917,6,152.8
146,13,669,5,133.8
146,14,838,6,139.7
146,15,857,3,285.7
146,16,629,4,157.2
146,17,785,4,196.2
146,18,733,4,183.2
146,19,760,2,380.0
146,20,647,4,161.8
146,21,605,7,86.4
146,22,494,7,70.6
146,23,466,4,116.5
146A,6,184,4,46.0
146A,7,207,1,207.0
146A,16,114,2,57.0
146A,17,201,2,100.5
146A,19,158,1,158.0
146B,5,76,1,76.0
146B,6,224,3,74.7
146B,7,497,1,497.0
146B,8,353,2,176.5
146B,9,335,2,167.5
146B,10,224,1,224.0
146B,11,287,1,287.0
146B,12,179,1,179.0
146B,13,350,1,350.0
146B,14,240,1,240.0
146B,15,178,1,178.0
146B,16,271,1,271.0
146B,18,251,2,125.5
146B,20,160,2,80.0
146B,21,205,2,102.5
146B,22,131,2,65.5
146F,5,7,2,3.5
146F,6,84,1,84.0
146F,7,140,2,70.0
146F,8,188,1,188.0
146F,9,27,1,27.0
146F,11,25,1,25.0
146F,13,30,1,30.0
146F,15,37,1,37.0
146F,17,111,1,111.0
146F,19,31,1,31.0
146F,20,38,2,19.0
146K,7,56,1,56.0
146K,9,12,1,12.0
146K,15,7,1,7.0
146K,16,28,1,28.0
146K,17,45,1,45.0
146M,5,19,1,19.0
146M,6,252,6,42.0
146M,7,523,5,104.6
146M,9,155,2,77.5
146M,10,126,2,63.0
146M,11,133,1,133.0
146M,12,51,1,51.0
146M,13,84,1,84.0
146M,14,107,2,53.5
146M,15,51,2,25.5
146M,16,130,2,65.0
146M,17,236,2,118.0
146M,18,230,3,76.7
146M,19,219,3,73.0
146M,20,154,1,154.0
146M,21,92,1,92.0
146T,0,25,1,25.0
146T,5,167,4,41.8
146T,6,1055,13,81.2
146T,7,1634,10,163.4
146T,8,1395,5,279.0
146T,9,1033,5,206.6
146T,10,955,6,159.2
146T,11,956,10,95.6
146T,12,1029,5,205.8
146T,13,998,9,110.9
146T,14,868,8,108.5
146T,15,821,7,117.3
146T,16,966,6,161.0
146T,17,747,5,149.4
146T,18,933,9,103.7
146T,19,1066,6,177.7
146T,20,867,13,66.7
146T,21,706,7,100.9
146T,22,362,6,60.3
146T,23,192,3,64.0
147,5,133,7,19.0
147,6,943,13,72.5
147,7,1996,12,166.3
147,8,1964,9,218.2
147,9,1126,7,160.9
147,10,1190,10,119.0
147,11,909,6,151.5
147,12,1786,10,178.6
147,13,1121,7,160.1
147,14,1295,11,117.7
147,15,1504,7,214.9
147,16,1451,10,145.1
147,17,1633,10,163.3
147,18,1356,9,150.7
147,19,1447,13,111.3
147,20,1125,6,187.5
147,21,587,7,83.9
147,22,743,4,185.8
147,23,213,2,106.5
14A,0,90,1,90.0
14A,5,123,3,41.0
14A,6,585,4,146.2
14A,7,1464,7,209.1
14A,8,1198,5,239.6
14A,9,1053,3,351.0
14A,10,937,6,156.2
14A,11,885,5,177.0
14A,12,949,6,158.2
14A,13,939,5,187.8
14A,14,714,4,178.5
14A,15,949,4,237.2
14A,16,823,3,274.3
14A,17,739,2,369.5
14A,18,775,4,193.8
14A,19,826,5,165.2
14A,20,634,3,211.3
14A,21,410,4,102.5
14A,22,357,3,119.0
14A,23,213,2,106.5
14AK,6,177,3,59.0
14AK,7,351,2,175.5
14AK,8,300,1,300.0
14AK,9,200,2,100.0
14AK,10,177,1,177.0
14AK,11,212,1,212.0
14AK,12,117,1,117.0
14AK,13,113,1,113.0
14AK,14,200,3,66.7
14AK,15,254,2,127.0
14AK,16,259,1,259.0
14AK,17,400,3,133.3
14AK,18,310,1,310.0
14AK,19,175,1,175.0
14AK,20,101,2,50.5
14AK,21,108,1,108.0
14AK,22,53,1,53.0
14B,0,175,2,87.5
14B,5,208,5,41.6
14B,6,839,10,83.9
14B,7,1988,14,142.0
14B,8,1697,6,282.8
14B,9,1392,6,232.0
14B,10,1209,13,93.0
14B,11,1535,13,118.1
14B,12,1671,11,151.9
14B,13,1566,13,120.5
14B,14,1433,10,143.3
14B,15,1844,14,131.7
14B,16,1927,11,175.2
14B,17,1611,12,134.2
14B,18,1590,8,198.8
14B,19,1360,9,151.1
14B,20,1005,9,111.7
14B,21,835,7,119.3
14B,22,613,7,87.6
14B,23,367,4,91.8
14BK,5,69,2,34.5
14BK,6,516,8,64.5
14BK,7,1803,18,100.2
14BK,8,1332,11,121.1
14BK,9,764,13,58.8
14BK,10,560,13,43.1
14BK,11,661,12,55.1
14BK,12,742,12,61.8
14BK,13,809,10,80.9
14BK,14,796,10,79.6
14BK,15,1050,7,150.0
14BK,16,1111,11,101.0
14BK,17,1089,9,121.0
14BK,18,1349,12,112.4
14BK,19,990,7,141.4
14BK,20,642,10,64.2
14BK,21,533,10,53.3
14BK,22,457,6,76.2
14BK,23,176,3,58.7
14C,6,9,1,9.0
14C,7,94,4,23.5
14C,8,93,2,46.5
14C,9,105,2,52.5
14C,10,74,2,37.0
14C,11,33,1,33.0
14C,12,43,1,43.0
14C,13,67,2,33.5
14C,15,97,3,32.3
14C,16,112,3,37.3
14C,17,81,2,40.5
14C,18,57,2,28.5
14C,19,30,1,30.0
14C,20,6,1,6.0
14C,21,6,1,6.0
14CE,6,87,2,43.5
14CE,7,210,2,105.0
14CE,8,190,1,190.0
14CE,9,49,1,49.0
14CE,15,43,1,43.0
14CE,17,65,1,65.0
14CE,18,177,2,88.5
14D,6,94,4,23.5
14D,7,229,3,76.3
14D,8,241,2,120.5
14D,9,43,2,21.5
14D,14,63,2,31.5
14D,15,125,2,62.5
14D,16,120,3,40.0
14D,17,172,3,57.3
14D,18,135,1,135.0
14D,20,44,1,44.0
14D,21,48,1,48.0
14DK,6,283,5,56.6
14DK,7,812,6,135.3
14DK,8,554,3,184.7
14DK,9,429,2,214.5
14DK,10,317,6,52.8
14DK,11,254,3,84.7
14DK,12,374,5,74.8
14DK,13,352,5,70.4
14DK,14,503,6,83.8
14DK,15,568,6,94.7
14DK,16,527,6,87.8
14DK,17,600,6,100.0
14DK,18,490,4,122.5
14DK,19,396,5,79.2
14DK,20,219,4,54.8
14DK,21,203,3,67.7
14DK,22,183,2,91.5
14E,6,39,1,39.0
14E,15,55,1,55.0
14ES,0,97,1,97.0
14ES,5,58,4,14.5
14ES,6,580,7,82.9
14ES,7,1408,6,234.7
14ES,8,1365,5,273.0
14ES,9,1056,5,211.2
14ES,10,1029,3,343.0
14ES,11,1033,8,129.1
14ES,12,1184,9,131.6
14ES,13,1229,8,153.6
14ES,14,1148,7,164.0
14ES,15,1184,9,131.6
14ES,16,1320,7,188.6
14ES,17,1191,8,148.9
14ES,18,1253,5,250.6
14ES,19,1083,7,154.7
14ES,20,885,7,126.4
14ES,21,576,6,96.0
14ES,22,777,7,111.0
14ES,23,474,3,158.0
14F,6,211,5,42.2
14F,7,710,8,88.8
14F,8,625,5,125.0
14F,9,564,7,80.6
14F,10,338,6,56.3
14F,11,371,7,53.0
14F,12,436,5,87.2
14F,13,456,6,76.0
14F,14,415,6,69.2
14F,15,563,7,80.4
14F,16,585,4,146.2
14F,17,510,6,85.0
14F,18,428,5,85.6
14F,19,498,7,71.1
14F,20,255,4,63.8
14F,21,253,6,42.2
14F,22,184,2,92.0
14F,23,37,1,37.0
14K,5,62,2,31.0
14K,6,185,4,46.2
14K,7,144,3,48.0
14K,8,298,2,149.0
14K,9,107,1,107.0
14K,10,122,1,122.0
14K,12,101,1,101.0
14K,14,135,1,135.0
14K,15,49,1,49.0
14K,16,39,1,39.0
14K,17,51,1,51.0
14KS,5,97,3,32.3
14KS,6,470,5,94.0
14KS,7,858,7,122.6
14KS,8,925,5,185.0
14KS,9,612,6,102.0
14KS,10,634,8,79.2
14KS,11,842,7,120.3
14KS,12,756,9,84.0
14KS,13,851,5,170.2
14KS,14,585,7,83.6
14KS,15,885,6,147.5
14KS,16,921,5,184.2
14KS,17,767,4,191.8
14KS,18,793,6,132.2
14KS,19,664,6,110.7
14KS,20,559,4,139.8
14KS,21,460,4,115.0
14KS,22,248,3,82.7
14M,5,28,1,28.0
14M,6,183,3,61.0
14M,7,583,6,97.2
14M,8,723,3,241.0
14M,9,450,4,112.5
14M,10,587,3,195.7
14M,11,660,6,110.0
14M,12,664,5,132.8
14M,13,605,7,86.4
14M,14,646,2,323.0
14M,15,466,3,155.3
14M,16,548,3,182.7
14M,17,512,4,128.0
14M,18,535,4,133.8
14M,19,434,4,108.5
14M,20,263,3,87.7
14M,21,214,2,107.0
14M,22,136,3,45.3
14M,23,71,1,71.0
14R,0,49,1,49.0
14R,5,100,3,33.3
14R,6,569,11,51.7
14R,7,1950,14,139.3
14R,8,1896,9,210.7
14R,9,1447,7,206.7
14R,10,1074,14,76.7
14R,11,1119,14,79.9
14R,12,1240,12,103.3
14R,13,1396,14,99.7
14R,14,1632,15,108.8
14R,15,1954,15,130.3
14R,16,1763,16,110.2
14R,17,1509,14,107.8
14R,18,1591,10,159.1
14R,19,1498,11,136.2
14R,20,974,12,81.2
14R,21,813,11,73.9
14R,22,582,7,83.1
14R,23,202,3,67.3
14S,5,18,1,18.0
14S,6,176,3,58.7
14S,7,447,6,74.5
14S,8,392,2,196.0
14S,9,226,4,56.5
14S,10,103,1,103.0
14S,11,99,1,99.0
14S,12,50,2,25.0
14S,13,125,1,125.0
14S,14,167,3,55.7
14S,15,200,3,66.7
14S,16,283,4,70.8
14S,17,399,2,199.5
14S,18,314,2,157.0
14S,19,255,1,255.0
14S,20,72,2,36.0
14S,22,54,1,54.0
14T,5,2,1,2.0
14T,6,48,2,24.0
14T,7,156,2,78.0
14T,8,133,1,133.0
14T,15,6,2,3.0
14T,16,136,1,136.0
14T,17,14,1,14.0
14T,18,43,1,43.0
14TM,6,52,2,26.0
14TM,7,112,1,112.0
14TM,8,95,1,95.0
14TM,15,51,1,51.0
14TM,17,40,1,40.0
14TM,19,25,1,25.0
14Y,5,18,1,18.0
14Y,6,180,7,25.7
14Y,7,373,10,37.3
14Y,8,351,7,50.1
14Y,9,241,5,48.2
14Y,10,148,5,29.6
14Y,11,105,3,35.0
14Y,12,118,3,39.3
14Y,13,138,5,27.6
14Y,14,159,3,53.0
14Y,15,224,5,44.8
14Y,16,259,6,43.2
14Y,17,259,4,64.8
14Y,18,292,3,97.3
14Y,19,288,4,72.0
14Y,20,192,4,48.0
14Y,21,105,2,52.5
14Y,22,63,3,21.0
14Y,23,49,1,49.0
14YE,6,136,2,68.0
14YE,7,348,3,116.0
14YE,8,216,2,108.0
14YE,9,55,1,55.0
14YE,14,4,1,4.0
14YE,15,156,1,156.0
14YE,16,188,1,188.0
14YE,17,127,2,63.5
14YK,6,277,2,138.5
14YK,7,293,2,146.5
14YK,8,292,2,146.0
14YK,9,191,3,63.7
14YK,10,193,2,96.5
14YK,11,74,3,24.7
14YK,12,93,1,93.0
14YK,13,237,4,59.2
14YK,14,188,2,94.0
14YK,15,201,2,100.5
14YK,16,256,2,128.0
14YK,17,252,2,126.0
14YK,19,106,1,106.0
14YK,20,117,2,58.5
14YK,21,49,2,24.5
14YK,22,116,1,116.0
14ÇK,5,24,1,24.0
14ÇK,6,292,4,73.0
14ÇK,7,723,8,90.4
14ÇK,8,748,3,249.3
14ÇK,9,412,4,103.0
14ÇK,10,380,5,76.0
14ÇK,11,407,2,203.5
14ÇK,12,409,5,81.8
14ÇK,13,424,4,106.0
14ÇK,14,464,2,232.0
14ÇK,15,600,7,85.7
14ÇK,16,661,3,220.3
14ÇK,17,501,6,83.5
14ÇK,18,745,3,248.3
14ÇK,19,448,5,89.6
14ÇK,20,351,3,117.0
14ÇK,21,128,1,128.0
14ÇK,22,115,1,115.0
14ÇK,23,37,1,37.0
15,6,286,2,143.0
15,7,489,3,163.0
15,8,539,3,179.7
15,9,414,3,138.0
15,10,496,3,165.3
15,11,506,5,101.2
15,12,580,4,145.0
15,13,647,3,215.7
15,14,580,4,145.0
15,15,570,5,114.0
15,16,544,4,136.0
15,17,518,4,129.5
15,18,423,5,84.6
15,19,526,5,105.2
15,20,395,5,79.0
15,21,268,2,134.0
15,22,200,3,66.7
15,23,148,3,49.3
150,5,6,2,3.0
150,6,143,5,28.6
150,7,450,5,90.0
150,8,370,6,61.7
150,9,279,4,69.8
150,10,254,6,42.3
150,11,278,5,55.6
150,12,301,6,50.2
150,13,306,5,61.2
150,14,326,5,65.2
150,15,416,6,69.3
150,16,437,4,109.2
150,17,473,4,118.2
150,18,367,4,91.8
150,19,373,6,62.2
150,20,287,5,57.4
150,21,217,5,43.4
150,22,209,5,41.8
150,23,122,2,61.0
151,5,18,2,9.0
151,6,269,7,38.4
151,7,592,9,65.8
151,8,574,6,95.7
151,9,605,7,86.4
151,10,471,6,78.5
151,11,465,7,66.4
151,12,446,8,55.8
151,13,560,6,93.3
151,14,431,7,61.6
151,15,494,6,82.3
151,16,458,4,114.5
151,17,658,6,109.7
151,18,532,5,106.4
151,19,432,5,86.4
151,20,283,5,56.6
151,21,215,4,53.8
151,22,186,5,37.2
151,23,74,4,18.5
152,0,5,1,5.0
152,6,232,5,46.4
152,7,633,8,79.1
152,8,707,6,117.8
152,9,396,6,66.0
152,10,370,5,74.0
152,11,407,8,50.9
152,12,529,7,75.6
152,13,546,7,78.0
152,14,503,7,71.9
152,15,562,7,80.3
152,16,847,7,121.0
152,17,455,5,91.0
152,18,604,4,151.0
152,19,519,7,74.1
152,20,427,6,71.2
152,21,273,6,45.5
152,22,217,5,43.4
152,23,128,3,42.7
153,7,72,2,36.0
153,8,95,1,95.0
153,9,90,2,45.0
153,10,34,1,34.0
153,11,59,2,29.5
153,12,84,1,84.0
153,13,43,2,21.5
153,14,61,1,61.0
153,15,17,2,8.5
153,16,105,1,105.0
153,17,44,1,44.0
153,18,78,1,78.0
153,19,62,1,62.0
153,20,47,2,23.5
154,6,21,2,10.5
154,7,108,1,108.0
154,8,73,1,73.0
154,9,43,1,43.0
154,10,50,1,50.0
154,11,56,1,56.0
154,12,41,1,41.0
154,13,38,2,19.0
154,14,54,1,54.0
154,15,45,1,45.0
154,16,58,1,58.0
154,17,73,1,73.0
154,18,75,1,75.0
154,19,52,2,26.0
154,20,45,1,45.0
154,21,38,1,38.0
154,22,43,1,43.0
15A,5,9,1,9.0
15A,6,71,2,35.5
15A,7,249,4,62.2
15A,8,147,3,49.0
15A,9,170,2,85.0
15A,10,134,3,44.7
15A,11,209,3,69.7
15A,12,271,2,135.5
15A,13,122,2,61.0
15A,14,208,2,104.0
15A,15,236,3,78.7
15A,16,239,2,119.5
15A,17,231,3,77.0
15A,18,369,3,123.0
15A,19,241,4,60.2
15A,20,89,1,89.0
15A,21,86,3,28.7
15A,22,3,1,3.0
15B,0,128,2,64.0
15B,5,64,4,16.0
15B,6,661,13,50.8
15B,7,1766,17,103.9
15B,8,1959,13,150.7
15B,9,1428,12,119.0
15B,10,1182,13,90.9
15B,11,1248,15,83.2
15B,12,1489,14,106.4
15B,13,1491,10,149.1
15B,14,1675,15,111.7
15B,15,1719,13,132.2
15B,16,1563,14,111.6
15B,17,1458,15,97.2
15B,18,1401,12,116.8
15B,19,1714,13,131.8
15B,20,1263,11,114.8
15B,21,940,12,78.3
15B,22,711,8,88.9
15B,23,566,6,94.3
15BK,0,152,1,152.0
15BK,5,155,4,38.8
15BK,6,815,14,58.2
15BK,7,1687,15,112.5
15BK,8,1743,10,174.3
15BK,9,1464,13,112.6
15BK,10,1277,9,141.9
15BK,11,1436,13,110.5
15BK,12,1588,11,144.4
15BK,13,1500,12,125.0
15BK,14,1654,8,206.8
15BK,15,1620,11,147.3
15BK,16,1634,7,233.4
15BK,17,1463,10,146.3
15BK,18,1633,10,163.3
15BK,19,1280,6,213.3
15BK,20,955,11,86.8
15BK,21,858,8,107.2
15BK,22,757,9,84.1
15BK,23,328,3,109.3
15C,0,13,1,13.0
15C,5,76,3,25.3
15C,6,271,4,67.8
15C,7,494,5,98.8
15C,8,462,5,92.4
15C,9,383,3,127.7
15C,10,232,4,58.0
15C,11,440,4,110.0
15C,12,373,4,93.2
15C,13,297,4,74.2
15C,14,402,5,80.4
15C,15,494,4,123.5
15C,16,454,4,113.5
15C,17,541,3,180.3
15C,18,485,6,80.8
15C,19,477,3,159.0
15C,20,485,8,60.6
15C,21,318,8,39.8
15C,22,370,8,46.2
15C,23,261,5,52.2
15CA,6,58,2,29.0
15CA,7,167,3,55.7
15CA,8,141,1,141.0
15CA,9,88,1,88.0
15CA,10,14,1,14.0
15CA,11,48,1,48.0
15CA,12,65,1,65.0
15CA,13,38,1,38.0
15CA,14,20,1,20.0
15CA,15,55,1,55.0
15CA,16,84,2,42.0
15CA,17,144,2,72.0
15CA,19,69,1,69.0
15CA,20,20,1,20.0
15D,5,72,1,72.0
15D,6,108,3,36.0
15D,7,142,4,35.5
15D,8,200,4,50.0
15D,9,67,3,22.3
15D,10,117,3,39.0
15D,11,56,3,18.7
15D,12,110,3,36.7
15D,13,70,4,17.5
15D,14,84,2,42.0
15D,15,223,4,55.8
15D,16,150,4,37.5
15D,17,188,3,62.7
15D,18,138,3,46.0
15D,19,96,3,32.0
15D,20,50,4,12.5
15D,21,108,2,54.0
15D,22,8,1,8.0
15E,7,63,2,31.5
15E,8,49,2,24.5
15E,10,55,1,55.0
15E,13,46,1,46.0
15E,14,30,1,30.0
15E,15,86,1,86.0
15E,16,98,2,49.0
15E,17,83,2,41.5
15E,19,100,2,50.0
15E,20,16,1,16.0
15E,21,34,1,34.0
15F,0,30,1,30.0
15F,1,47,1,47.0
15F,2,15,1,15.0
15F,3,2,1,2.0
15F,5,96,3,32.0
15F,6,461,6,76.8
15F,7,967,9,107.4
15F,8,1245,3,415.0
15F,9,789,3,263.0
15F,10,684,6,114.0
15F,11,541,4,135.2
15F,12,585,5,117.0
15F,13,589,4,147.2
15F,14,660,6,110.0
15F,15,1114,7,159.1
15F,16,1169,7,167.0
15F,17,1063,5,212.6
15F,18,891,5,178.2
15F,19,538,4,134.5
15F,20,278,3,92.7
15F,21,208,2,104.0
15F,22,154,2,77.0
15H,5,35,1,35.0
15H,6,158,3,52.7
15H,7,281,4,70.2
15H,8,179,1,179.0
15H,9,76,1,76.0
15H,10,59,1,59.0
15H,11,46,1,46.0
15H,12,69,2,34.5
15H,14,110,2,55.0
15H,15,77,1,77.0
15H,16,170,3,56.7
15H,17,181,3,60.3
15H,18,171,2,85.5
15H,19,82,1,82.0
15H,20,124,3,41.3
15H,21,50,1,50.0
15H,22,78,1,78.0
15H,23,13,1,13.0
15K,5,36,1,36.0
15K,6,173,5,34.6
15K,7,338,4,84.5
15K,8,352,3,117.3
15K,9,113,1,113.0
15K,10,108,2,54.0
15K,11,85,3,28.3
15K,12,132,2,66.0
15K,13,165,2,82.5
15K,14,227,3,75.7
15K,15,247,2,123.5
15K,16,369,5,73.8
15K,17,313,4,78.2
15K,18,237,2,118.5
15K,19,264,2,132.0
15K,20,77,3,25.7
15KÇ,5,38,1,38.0
15KÇ,6,192,4,48.0
15KÇ,7,200,4,50.0
15KÇ,8,227,3,75.7
15KÇ,9,187,3,62.3
15KÇ,10,166,3,55.3
15KÇ,11,72,1,72.0
15KÇ,12,11,1,11.0
15KÇ,13,134,2,67.0
15KÇ,14,74,3,24.7
15KÇ,15,173,3,57.7
15KÇ,16,212,3,70.7
15KÇ,17,280,3,93.3
15KÇ,18,129,1,129.0
15KÇ,19,97,1,97.0
15KÇ,20,71,3,23.7
15KÇ,21,136,1,136.0
15KÇ,22,44,1,44.0
15M,6,43,1,43.0
15M,7,120,1,120.0
15M,8,35,1,35.0
15M,10,90,2,45.0
15M,11,71,1,71.0
15M,12,72,1,72.0
15M,13,68,1,68.0
15M,14,112,2,56.0
15M,15,60,1,60.0
15M,16,62,1,62.0
15M,17,40,1,40.0
15M,19,53,1,53.0
15M,20,66,2,33.0
15M,21,53,1,53.0
15N,6,75,2,37.5
15N,8,54,1,54.0
15N,10,50,1,50.0
15N,11,40,1,40.0
15N,12,73,1,73.0
15N,13,24,1,24.0
15N,14,63,1,63.0
15N,15,131,2,65.5
15N,16,72,2,36.0
15N,17,110,2,55.0
15N,18,89,2,44.5
15N,19,56,2,28.0
15N,20,72,2,36.0
15N,21,42,1,42.0
15P,5,63,3,21.0
15P,6,224,9,24.9
15P,7,401,8,50.1
15P,8,247,4,61.8
15P,9,171,4,42.8
15P,10,180,2,90.0
15P,11,169,4,42.2
15P,12,166,2,83.0
15P,13,232,4,58.0
15P,14,258,3,86.0
15P,15,432,5,86.4
15P,16,384,5,76.8
15P,17,445,7,63.6
15P,18,383,5,76.6
15P,19,258,4,64.5
15P,20,191,4,47.8
15P,21,111,2,55.5
15P,22,63,2,31.5
15R,5,34,1,34.0
15R,6,112,4,28.0
15R,7,214,4,53.5
15R,8,242,3,80.7
15R,9,127,1,127.0
15R,10,114,1,114.0
15R,12,118,2,59.0
15R,13,131,2,65.5
15R,14,88,1,88.0
15R,15,179,2,89.5
15R,16,194,3,64.7
15R,17,254,3,84.7
15R,18,237,2,118.5
15R,19,168,4,42.0
15R,20,105,2,52.5
15R,21,82,2,41.0
15R,22,16,1,16.0
15S,6,157,3,52.3
15S,7,372,2,186.0
15S,8,191,2,95.5
15S,9,115,1,115.0
15S,10,262,2,131.0
15S,11,253,2,126.5
15S,12,201,2,100.5
15S,13,66,1,66.0
15S,14,180,2,90.0
15S,15,124,2,62.0
15S,16,158,2,79.0
15S,17,196,2,98.0
15S,18,246,2,123.0
15S,19,228,2,114.0
15S,20,157,2,78.5
15S,21,70,2,35.0
15S,22,65,1,65.0
15SD,5,34,2,17.0
15SD,6,298,5,59.6
15SD,7,383,3,127.7
15SD,8,280,3,93.3
15SD,9,162,1,162.0
15SD,10,124,3,41.3
15SD,11,203,3,67.7
15SD,12,174,2,87.0
15SD,13,149,3,49.7
15SD,14,153,2,76.5
15SD,15,320,2,160.0
15SD,16,107,2,53.5
15SD,17,275,2,137.5
15SD,18,149,2,74.5
15SD,19,221,1,221.0
15SD,20,111,2,55.5
15SD,21,98,2,49.0
15SD,22,23,1,23.0
15SK,5,5,1,5.0
15SK,6,36,2,18.0
15SK,7,504,5,100.8
15SK,8,686,6,114.3
15SK,9,459,4,114.8
15SK,10,333,3,111.0
15SK,11,323,6,53.8
15SK,12,346,2,173.0
15SK,13,329,5,65.8
15SK,14,402,4,100.5
15SK,15,470,3,156.7
15SK,16,338,5,67.6
15SK,17,371,2,185.5
15SK,18,436,3,145.3
15SK,19,292,2,146.0
15SK,20,130,2,65.0
15SK,21,75,2,37.5
15T,0,11,1,11.0
15TK,5,7,1,7.0
15TK,6,298,1,298.0
15TK,7,322,3,107.3
15TK,8,361,3,120.3
15TK,9,301,3,100.3
15TK,10,324,2,162.0
15TK,11,291,3,97.0
15TK,12,346,3,115.3
15TK,13,299,2,149.5
15TK,14,217,2,108.5
15TK,15,457,3,152.3
15TK,16,512,1,512.0
15TK,17,611,2,305.5
15TK,18,428,4,107.0
15TK,19,342,2,171.0
15TK,20,153,2,76.5
15TK,21,144,2,72.0
15TK,22,86,2,43.0
15TK,23,25,1,25.0
15TY,5,47,2,23.5
15TY,6,673,10,67.3
15TY,7,1008,10,100.8
15TY,8,914,7,130.6
15TY,9,740,7,105.7
15TY,10,676,6,112.7
15TY,11,786,7,112.3
15TY,12,799,8,99.9
15TY,13,970,8,121.2
15TY,14,840,6,140.0
15TY,15,1044,6,174.0
15TY,16,900,7,128.6
15TY,17,979,6,163.2
15TY,18,811,3,270.3
15TY,19,652,6,108.7
15TY,20,611,5,122.2
15TY,21,376,5,75.2
15TY,22,176,3,58.7
15U,6,96,2,48.0
15U,7,210,4,52.5
15U,8,116,2,58.0
15U,9,116,1,116.0
15U,10,76,1,76.0
15U,14,93,1,93.0
15U,15,270,4,67.5
15U,16,268,3,89.3
15U,17,104,4,26.0
15U,18,110,1,110.0
15Y,5,28,2,14.0
15Y,6,189,5,37.8
15Y,7,259,3,86.3
15Y,8,139,3,46.3
15Y,9,102,2,51.0
15Y,10,159,1,159.0
15Y,11,132,3,44.0
15Y,12,159,1,159.0
15Y,13,203,3,67.7
15Y,14,146,2,73.0
15Y,15,206,3,68.7
15Y,16,221,3,73.7
15Y,17,96,2,48.0
15Y,18,150,2,75.0
15Y,19,170,1,170.0
15Y,20,138,2,69.0
15Y,21,175,5,35.0
15Y,22,131,5,26.2
15Y,23,59,2,29.5
15YK,6,28,1,28.0
15YK,18,47,1,47.0
15Z,6,25,2,12.5
15Z,7,93,1,93.0
15Z,8,90,1,90.0
15Z,9,84,1,84.0
15Z,10,57,2,28.5
15Z,11,21,1,21.0
15Z,12,48,2,24.0
15Z,13,38,1,38.0
15Z,14,63,1,63.0
15Z,15,47,2,23.5
15Z,16,71,1,71.0
15Z,17,16,1,16.0
15Z,18,76,1,76.0
15Z,20,16,1,16.0
15Z,21,18,1,18.0
15ÇB,6,56,2,28.0
15ÇB,7,101,2,50.5
15ÇB,8,111,1,111.0
15ÇB,9,46,1,46.0
15ÇB,10,9,1,9.0
15ÇB,12,65,1,65.0
15ÇB,13,37,1,37.0
15ÇB,15,59,2,29.5
15ÇB,16,56,1,56.0
15ÇB,17,147,2,73.5
15ÇB,18,148,2,74.0
15ÇB,19,69,1,69.0
15ÇB,20,95,1,95.0
15ÇK,5,28,1,28.0
15ÇK,6,302,6,50.3
15ÇK,7,596,6,99.3
15ÇK,8,564,5,112.8
15ÇK,9,428,4,107.0
15ÇK,10,484,7,69.1
15ÇK,11,304,4,76.0
15ÇK,12,472,4,118.0
15ÇK,13,215,2,107.5
15ÇK,14,310,4,77.5
15ÇK,15,398,1,398.0
15ÇK,16,336,4,84.0
15ÇK,17,320,2,160.0
15ÇK,18,441,3,147.0
15ÇK,19,453,3,151.0
15ÇK,20,261,3,87.0
15ÇK,21,177,2,88.5
15ÇK,22,137,1,137.0
16,5,12,1,12.0
16,6,65,1,65.0
16,7,153,2,76.5
16,9,127,1,127.0
16,10,120,2,60.0
16,11,200,1,200.0
16,12,129,2,64.5
16,13,164,1,164.0
16,14,220,1,220.0
16,15,159,2,79.5
16,16,186,1,186.0
16,17,151,2,75.5
16,18,142,1,142.0
16,19,159,1,159.0
16,20,94,2,47.0
16,21,34,1,34.0
16,22,24,1,24.0
16A,5,44,1,44.0
16A,6,148,1,148.0
16A,7,316,3,105.3
16A,8,314,3,104.7
16A,9,283,3,94.3
16A,10,160,1,160.0
16A,11,153,3,51.0
16A,13,177,3,59.0
16A,14,230,2,115.0
16A,15,192,2,96.0
16A,16,240,2,120.0
16A,17,209,2,104.5
16A,18,222,2,111.0
16A,19,186,2,93.0
16A,20,82,2,41.0
16A,21,72,1,72.0
16A,23,29,1,29.0
16D,7,113,14,8.1
16D,8,50,13,3.8
16D,9,5,10,0.5
16D,10,38,11,3.5
16D,11,44,11,4.0
16D,12,24,11,2.2
16D,13,8,10,0.8
16D,14,52,10,5.2
16D,15,116,11,10.5
16D,16,157,10,15.7
16D,17,58,11,5.3
16D,18,73,10,7.3
16D,19,37,9,4.1
16D,20,111,10,11.1
16D,21,18,9,2.0
16F,5,135,3,45.0
16F,6,602,9,66.9
16F,7,1110,17,65.3
16F,8,1125,13,86.5
16F,9,737,10,73.7
16F,10,699,10,69.9
16F,11,692,9,76.9
16F,12,740,10,74.0
16F,13,743,10,74.3
16F,14,704,9,78.2
16F,15,789,9,87.7
16F,16,926,11,84.2
16F,17,982,9,109.1
16F,18,985,10,98.5
16F,19,1040,13,80.0
16F,20,625,10,62.5
16F,21,479,11,43.5
16F,22,480,5,96.0
16F,23,148,2,74.0
16KH,5,88,1,88.0
16KH,7,197,2,98.5
16KH,9,60,1,60.0
16KH,13,19,1,19.0
16KH,15,80,1,80.0
16KH,17,142,1,142.0
16KH,19,66,1,66.0
16KH,20,83,1,83.0
16KH,21,28,1,28.0
16M,6,99,2,49.5
16M,7,332,3,110.7
16M,8,193,2,96.5
16M,9,104,2,52.0
16M,10,50,1,50.0
16M,11,36,1,36.0
16M,12,50,1,50.0
16M,13,30,1,30.0
16M,14,71,2,35.5
16M,15,106,1,106.0
16M,16,126,2,63.0
16M,17,186,3,62.0
16M,18,132,1,132.0
16M,19,134,2,67.0
16M,21,54,1,54.0
16S,0,26,1,26.0
16S,5,67,3,22.3
16S,6,320,4,80.0
16S,7,889,6,148.2
16S,8,1166,7,166.6
16S,9,621,6,103.5
16S,10,430,3,143.3
16S,11,379,5,75.8
16S,12,293,2,146.5
16S,13,454,6,75.7
16S,14,428,5,85.6
16S,15,685,5,137.0
16S,16,707,4,176.8
16S,17,408,4,102.0
16S,18,541,5,108.2
16S,19,291,3,97.0
16S,20,289,6,48.2
16S,21,234,4,58.5
16S,22,195,4,48.8
16S,23,176,3,58.7
16U,6,54,2,27.0
16U,7,305,2,152.5
16U,8,185,2,92.5
16U,9,133,2,66.5
16U,10,179,2,89.5
16U,11,78,1,78.0
16U,12,103,2,51.5
16U,13,169,1,169.0
16U,14,117,2,58.5
16U,15,151,3,50.3
16U,16,234,3,78.0
16U,17,197,2,98.5
16U,18,361,1,361.0
16U,19,128,2,64.0
16U,20,76,2,38.0
16U,21,103,2,51.5
16U,22,95,2,47.5
17,0,38,1,38.0
17,5,57,2,28.5
17,6,141,2,70.5
17,7,163,4,40.8
17,8,217,1,217.0
17,9,209,2,104.5
17,10,168,2,84.0
17,11,297,3,99.0
17,12,397,3,132.3
17,13,258,1,258.0
17,14,264,3,88.0
17,15,550,3,183.3
17,16,425,2,212.5
17,17,344,3,114.7
17,18,275,3,91.7
17,19,264,2,132.0
17,20,146,1,146.0
17,21,96,3,32.0
17,22,84,1,84.0
17,23,52,1,52.0
17L,6,4,1,4.0
17L,7,7,1,7.0
17L,8,64,2,32.0
17L,9,28,1,28.0
17L,10,14,1,14.0
17L,11,36,1,36.0
17L,12,30,1,30.0
17L,13,14,1,14.0
17L,14,27,1,27.0
17L,15,25,1,25.0
17L,16,71,1,71.0
17L,17,15,1,15.0
17L,18,25,1,25.0
17L,19,14,1,14.0
17L,20,7,1,7.0
17S,6,181,4,45.2
17S,7,472,5,94.4
17S,8,428,4,107.0
17S,9,339,4,84.8
17S,10,436,5,87.2
17S,11,458,3,152.7
17S,12,406,3,135.3
17S,13,345,4,86.2
17S,14,368,3,122.7
17S,15,334,2,167.0
17S,16,432,4,108.0
17S,17,396,3,132.0
17S,18,313,4,78.2
17S,19,305,5,61.0
17S,20,233,4,58.2
17S,21,160,4,40.0
17S,22,94,1,94.0
17S,23,49,1,49.0
18,5,57,1,57.0
18,6,100,2,50.0
18,7,228,3,76.0
18,9,28,2,14.0
18,10,45,2,22.5
18,11,73,2,36.5
18,12,54,1,54.0
18,13,35,1,35.0
18,14,27,2,13.5
18,15,55,1,55.0
18,16,91,2,45.5
18,17,68,2,34.0
18,18,89,2,44.5
18,20,65,1,65.0
18A,5,56,1,56.0
18A,6,149,4,37.2
18A,7,126,5,25.2
18A,8,157,2,78.5
18A,9,12,2,6.0
18A,14,103,4,25.8
18A,15,66,3,22.0
18A,16,84,4,21.0
18A,17,152,3,50.7
18A,18,71,3,23.7
18A,19,22,3,7.3
18E,5,37,1,37.0
18E,6,85,3,28.3
18E,7,159,2,79.5
18E,9,9,1,9.0
18E,10,67,2,33.5
18E,11,82,1,82.0
18E,12,68,1,68.0
18E,13,82,2,41.0
18E,14,44,2,22.0
18E,15,129,1,129.0
18E,16,123,1,123.0
18E,17,103,1,103.0
18E,18,136,1,136.0
18E,19,92,1,92.0
18E,20,21,2,10.5
18E,21,16,1,16.0
18F,5,84,1,84.0
18F,6,185,3,61.7
18F,7,261,1,261.0
18F,8,98,1,98.0
18F,9,92,3,30.7
18F,10,121,1,121.0
18F,13,17,1,17.0
18F,14,43,1,43.0
18F,15,82,1,82.0
18F,16,93,3,31.0
18F,17,157,1,157.0
18F,18,99,2,49.5
18F,19,55,1,55.0
18F,20,59,1,59.0
18K,0,50,1,50.0
18K,5,316,5,63.2
18K,6,830,11,75.5
18K,7,1333,14,95.2
18K,8,1293,11,117.5
18K,9,522,12,43.5
18K,10,738,12,61.5
18K,11,445,9,49.4
18K,12,819,9,91.0
18K,13,587,9,65.2
18K,14,713,10,71.3
18K,15,905,12,75.4
18K,16,1022,12,85.2
18K,17,1049,12,87.4
18K,18,820,10,82.0
18K,19,1030,11,93.6
18K,20,650,7,92.9
18K,21,383,2,191.5
18K,22,356,5,71.2
18K,23,94,2,47.0
18M,5,62,2,31.0
18M,6,110,2,55.0
18M,7,351,4,87.8
18M,8,334,3,111.3
18M,9,113,2,56.5
18M,10,207,3,69.0
18M,11,133,2,66.5
18M,12,95,3,31.7
18M,13,106,1,106.0
18M,14,159,3,53.0
18M,15,282,4,70.5
18M,16,326,4,81.5
18M,17,254,4,63.5
18M,18,216,2,108.0
18M,19,137,3,45.7
18M,20,226,2,113.0
18M,21,137,3,45.7
18M,22,129,1,129.0
18UK,6,112,2,56.0
18UK,7,247,2,123.5
18UK,8,247,1,247.0
18UK,9,100,2,50.0
18UK,10,59,1,59.0
18UK,11,39,1,39.0
18UK,12,44,1,44.0
18UK,13,156,1,156.0
18UK,14,145,1,145.0
18UK,15,156,2,78.0
18UK,16,261,1,261.0
18UK,17,251,3,83.7
18UK,19,68,1,68.0
18UK,20,96,2,48.0
18UK,22,38,1,38.0
18V,6,176,3,58.7
18V,7,99,3,33.0
18V,8,151,2,75.5
18V,9,48,1,48.0
18V,10,86,3,28.7
18V,11,80,1,80.0
18V,12,49,2,24.5
18V,13,92,1,92.0
18V,14,81,3,27.0
18V,15,164,3,54.7
18V,16,186,1,186.0
18V,17,199,3,66.3
18V,19,159,2,79.5
18V,20,81,1,81.0
18V,21,61,2,30.5
18Y,6,62,1,62.0
18Y,7,187,2,93.5
18Y,8,96,1,96.0
18Y,9,54,2,27.0
18Y,10,95,1,95.0
18Y,11,44,1,44.0
18Y,13,44,1,44.0
18Y,14,46,2,23.0
18Y,15,119,1,119.0
18Y,16,83,2,41.5
18Y,17,112,1,112.0
18Y,19,40,1,40.0
18Y,21,22,1,22.0
18Y,22,33,1,33.0
18YS,6,53,3,17.7
18YS,7,165,2,82.5
18YS,8,279,2,139.5
18YS,9,81,2,40.5
18YS,10,12,1,12.0
18YS,11,29,1,29.0
18YS,12,17,2,8.5
18YS,13,34,1,34.0
18YS,14,121,2,60.5
18YS,15,137,1,137.0
18YS,16,145,2,72.5
18YS,18,37,2,18.5
18YS,19,113,1,113.0
18YS,20,29,1,29.0
18Ü,5,155,4,38.8
18Ü,6,521,9,57.9
18Ü,7,850,7,121.4
18Ü,8,703,6,117.2
18Ü,9,428,5,85.6
18Ü,10,452,7,64.6
18Ü,11,284,4,71.0
18Ü,12,413,5,82.6
18Ü,13,536,5,107.2
18Ü,14,428,7,61.1
18Ü,15,631,8,78.9
18Ü,16,806,6,134.3
18Ü,17,559,5,111.8
18Ü,18,621,4,155.2
18Ü,19,403,3,134.3
18Ü,20,280,4,70.0
18Ü,21,175,3,58.3
18Ü,22,214,4,53.5
18Ü,23,185,1,185.0
19,6,289,7,41.3
19,7,1030,12,85.8
19,8,903,9,100.3
19,9,569,7,81.3
19,10,541,8,67.6
19,11,453,8,56.6
19,12,708,7,101.1
19,13,597,9,66.3
19,14,537,7,76.7
19,15,780,7,111.4
19,16,851,10,85.1
19,17,751,8,93.9
19,18,805,7,115.0
19,19,698,7,99.7
19,20,460,9,51.1
19,21,375,6,62.5
19,22,353,4,88.2
19,23,151,3,50.3
19A,5,86,2,43.0
19A,6,254,4,63.5
19A,7,566,7,80.9
19A,8,403,3,134.3
19A,9,210,4,52.5
19A,10,115,2,57.5
19A,11,181,2,90.5
19A,12,218,2,109.0
19A,13,98,2,49.0
19A,14,267,5,53.4
19A,15,212,4,53.0
19A,16,278,5,55.6
19A,17,233,2,116.5
19A,18,220,3,73.3
19A,19,213,2,106.5
19A,20,218,2,109.0
19A,21,77,1,77.0
19B,6,4,1,4.0
19B,8,85,1,85.0
19B,9,57,1,57.0
19B,15,45,1,45.0
19E,5,121,2,60.5
19E,6,493,7,70.4
19E,7,972,10,97.2
19E,8,944,6,157.3
19E,9,604,6,100.7
19E,10,415,6,69.2
19E,11,247,3,82.3
19E,12,449,3,149.7
19E,13,329,5,65.8
19E,14,406,4,101.5
19E,15,474,4,118.5
19E,16,886,7,126.6
19E,17,778,7,111.1
19E,18,745,4,186.2
19E,19,614,5,122.8
19E,20,303,3,101.0
19E,21,229,1,229.0
19EK,0,105,1,105.0
19EK,4,9,1,9.0
19EK,5,238,5,47.6
19EK,6,745,11,67.7
19EK,7,1456,13,112.0
19EK,8,1239,8,154.9
19EK,9,1107,6,184.5
19EK,10,998,10,99.8
19EK,11,1071,10,107.1
19EK,12,1157,8,144.6
19EK,13,1474,11,134.0
19EK,14,1156,7,165.1
19EK,15,1212,9,134.7
19EK,16,1595,9,177.2
19EK,17,1365,10,136.5
19EK,18,1370,8,171.2
19EK,19,1036,10,103.6
19EK,20,928,9,103.1
19EK,21,817,8,102.1
19EK,22,690,8,86.2
19EK,23,415,3,138.3
19ES,6,103,2,51.5
19ES,7,211,3,70.3
19ES,8,324,2,162.0
19ES,9,201,2,100.5
19ES,10,123,2,61.5
19ES,11,139,2,69.5
19ES,12,55,1,55.0
19ES,13,157,2,78.5
19ES,14,19,1,19.0
19ES,15,98,3,32.7
19ES,16,148,2,74.0
19ES,17,177,2,88.5
19ES,18,90,1,90.0
19ES,19,44,1,44.0
19ES,20,45,3,15.0
19ES,21,54,1,54.0
19ES,22,26,1,26.0
19F,0,173,2,86.5
19F,5,224,3,74.7
19F,6,1052,17,61.9
19F,7,2149,25,86.0
19F,8,2753,24,114.7
19F,9,2130,8,266.2
19F,10,1519,18,84.4
19F,11,1866,15,124.4
19F,12,2184,22,99.3
19F,13,2093,21,99.7
19F,14,2142,19,112.7
19F,15,2381,18,132.3
19F,16,2064,23,89.7
19F,17,2116,21,100.8
19F,18,2050,16,128.1
19F,19,1490,16,93.1
19F,20,1416,21,67.4
19F,21,1198,22,54.5
19F,22,1052,17,61.9
19F,23,695,9,77.2
19FB,6,64,1,64.0
19FB,7,102,1,102.0
19K,6,131,3,43.7
19K,7,214,3,71.3
19K,8,157,2,78.5
19K,9,170,2,85.0
19K,10,61,1,61.0
19K,11,80,1,80.0
19K,12,114,2,57.0
19K,13,127,2,63.5
19K,14,136,1,136.0
19K,15,180,2,90.0
19K,16,155,2,77.5
19K,17,92,1,92.0
19K,18,113,1,113.0
19K,19,102,2,51.0
19K,20,70,2,35.0
19K,21,40,1,40.0
19K,22,21,1,21.0
19M,6,106,2,53.0
19M,7,154,2,77.0
19M,8,77,1,77.0
19M,9,53,1,53.0
19M,10,60,2,30.0
19M,12,74,2,37.0
19M,13,122,2,61.0
19M,14,111,2,55.5
19M,15,189,1,189.0
19M,16,177,2,88.5
19M,17,184,1,184.0
19M,18,33,1,33.0
19M,21,59,1,59.0
19M,22,34,1,34.0
19S,0,263,5,52.6
19S,1,145,2,72.5
19S,3,37,2,18.5
19S,4,80,2,40.0
19S,5,430,7,61.4
19S,6,1344,10,134.4
19S,7,2044,12,170.3
19S,8,1806,6,301.0
19S,9,1383,7,197.6
19S,10,1053,7,150.4
19S,11,1244,8,155.5
19S,12,1230,9,136.7
19S,13,1242,7,177.4
19S,14,1190,10,119.0
19S,15,1508,7,215.4
19S,16,1741,7,248.7
19S,17,1438,6,239.7
19S,18,1294,4,323.5
19S,19,979,5,195.8
19S,20,724,10,72.4
19S,21,788,7,112.6
19S,22,645,7,92.1
19S,23,484,1,484.0
19SK,5,1,1,1.0
19SK,6,71,2,35.5
19SK,7,72,1,72.0
19SK,8,76,1,76.0
19SK,9,80,3,26.7
19SK,10,80,3,26.7
19SK,11,87,2,43.5
19SK,12,101,2,50.5
19SK,13,74,3,24.7
19SK,14,81,2,40.5
19SK,15,72,2,36.0
19SK,16,132,2,66.0
19SK,17,81,2,40.5
19SK,18,111,2,55.5
19SK,19,30,2,15.0
19SK,20,55,3,18.3
19SK,21,28,1,28.0
19T,5,59,2,29.5
19T,6,359,6,59.8
19T,7,685,5,137.0
19T,8,812,4,203.0
19T,9,552,3,184.0
19T,10,538,7,76.9
19T,11,555,8,69.4
19T,12,517,7,73.9
19T,13,512,7,73.1
19T,14,554,9,61.6
19T,15,751,8,93.9
19T,16,801,8,100.1
19T,17,602,7,86.0
19T,18,652,9,72.4
19T,19,495,7,70.7
19T,20,337,7,48.1
19T,21,257,5,51.4
19T,22,192,4,48.0
19T,23,77,1,77.0
19V,6,151,2,75.5
19V,7,365,3,121.7
19V,9,48,1,48.0
19V,10,47,1,47.0
19V,15,133,2,66.5
19V,16,140,3,46.7
19V,17,185,2,92.5
19V,18,170,1,170.0
19Y,6,66,3,22.0
19Y,7,203,2,101.5
19Y,8,133,3,44.3
19Y,9,158,2,79.0
19Y,10,126,2,63.0
19Y,11,76,3,25.3
19Y,12,106,1,106.0
19Y,13,132,2,66.0
19Y,14,127,2,63.5
19Y,15,272,1,272.0
19Y,16,126,2,63.0
19Y,17,98,1,98.0
19Y,18,188,3,62.7
19Y,20,74,2,37.0
19Y,21,48,1,48.0
19YK,5,1,1,1.0
19YK,6,198,8,24.8
19YK,7,542,8,67.8
19YK,8,472,4,118.0
19YK,9,192,2,96.0
19YK,14,93,2,46.5
19YK,15,158,2,79.0
19YK,16,208,4,52.0
19YK,17,126,3,42.0
19YK,18,123,3,41.0
19YK,19,182,3,60.7
19YK,20,61,1,61.0
19Z,6,91,1,91.0
19Z,7,126,2,63.0
19Z,8,69,1,69.0
19Z,15,151,2,75.5
19Z,16,84,2,42.0
19Z,19,19,1,19.0
2,6,65,4,16.2
2,7,144,3,48.0
2,8,164,3,54.7
2,9,133,3,44.3
2,10,65,1,65.0
2,11,109,2,54.5
2,12,64,1,64.0
2,13,85,2,42.5
2,14,95,3,31.7
2,15,83,2,41.5
2,16,132,2,66.0
2,17,80,3,26.7
2,18,103,2,51.5
2,19,128,2,64.0
2,20,40,2,20.0
2,21,35,2,17.5
2,22,46,2,23.0
2,23,26,1,26.0
20,5,8,1,8.0
20,6,69,3,23.0
20,7,286,3,95.3
20,8,264,3,88.0
20,9,181,2,90.5
20,10,162,3,54.0
20,11,178,1,178.0
20,12,144,1,144.0
20,13,176,3,58.7
20,14,190,1,190.0
20,15,128,1,128.0
20,16,209,2,104.5
20,17,166,2,83.0
20,18,303,3,101.0
20,19,274,1,274.0
20,20,129,2,64.5
20,21,60,1,60.0
20D,5,27,1,27.0
20D,6,315,6,52.5
20D,7,832,4,208.0
20D,8,377,2,188.5
20D,9,405,3,135.0
20D,10,384,2,192.0
20D,11,238,2,119.0
20D,12,383,2,191.5
20D,13,307,1,307.0
20D,14,185,1,185.0
20D,15,316,2,158.0
20D,16,296,2,148.0
20D,17,361,3,120.3
20D,18,243,1,243.0
20D,19,148,2,74.0
20D,20,154,2,77.0
20D,21,145,1,145.0
20D,22,73,1,73.0
20E,6,195,5,39.0
20E,7,315,5,63.0
20E,8,417,4,104.2
20E,9,238,4,59.5
20E,10,82,3,27.3
20E,11,93,3,31.0
20E,12,104,3,34.7
20E,13,96,3,32.0
20E,14,85,3,28.3
20E,15,102,3,34.0
20E,16,158,3,52.7
20E,17,96,2,48.0
20E,18,181,3,60.3
20E,19,157,4,39.2
20E,20,53,3,17.7
20E,21,60,2,30.0
20E,22,49,3,16.3
20K,5,138,3,46.0
20K,6,661,9,73.4
20K,7,1141,12,95.1
20K,8,1081,9,120.1
20K,9,1062,9,118.0
20K,10,928,10,92.8
20K,11,1052,9,116.9
20K,12,1233,11,112.1
20K,13,1107,7,158.1
20K,14,918,8,114.8
20K,15,1034,6,172.3
20K,16,849,7,121.3
20K,17,926,7,132.3
20K,18,939,6,156.5
20K,19,782,7,111.7
20K,20,479,5,95.8
20K,21,400,5,80.0
20K,22,210,2,105.0
20Ü,5,58,3,19.3
20Ü,6,563,12,46.9
20Ü,7,1160,11,105.5
20Ü,8,895,9,99.4
20Ü,9,693,9,77.0
20Ü,10,654,12,54.5
20Ü,11,715,11,65.0
20Ü,12,824,9,91.6
20Ü,13,746,10,74.6
20Ü,14,776,10,77.6
20Ü,15,877,10,87.7
20Ü,16,971,10,97.1
20Ü,17,934,9,103.8
20Ü,18,916,10,91.6
20Ü,19,736,11,66.9
20Ü,20,606,7,86.6
20Ü,21,390,6,65.0
20Ü,22,331,6,55.2
20Ü,23,169,3,56.3
22,5,13,1,13.0
22,6,318,8,39.8
22,7,636,5,127.2
22,8,880,6,146.7
22,9,533,2,266.5
22,10,440,6,73.3
22,11,445,4,111.2
22,12,505,3,168.3
22,13,679,5,135.8
22,14,765,3,255.0
22,15,525,3,175.0
22,16,630,5,126.0
22,17,583,2,291.5
22,18,492,3,164.0
22,19,423,3,141.0
22,20,269,1,269.0
22,21,48,1,48.0
22RE,6,51,2,25.5
22RE,7,196,2,98.0
22RE,8,164,1,164.0
22RE,9,168,2,84.0
22RE,10,175,1,175.0
22RE,11,76,1,76.0
22RE,12,110,1,110.0
22RE,13,40,1,40.0
22RE,14,100,1,100.0
22RE,15,67,2,33.5
22RE,17,97,1,97.0
22RE,18,199,1,199.0
22RE,19,57,1,57.0
22RE,20,64,1,64.0
22RE,21,79,2,39.5
22RE,23,27,1,27.0
25,6,66,2,33.0
25,7,188,2,94.0
25,8,110,2,55.0
25,9,103,2,51.5
25,10,107,1,107.0
25,11,94,2,47.0
25,12,125,2,62.5
25,13,136,1,136.0
25,14,135,2,67.5
25,15,152,1,152.0
25,16,64,1,64.0
25,18,140,2,70.0
25,19,214,1,214.0
25,20,126,2,63.0
25,21,73,2,36.5
25,22,69,2,34.5
251,5,7,1,7.0
251,6,105,3,35.0
251,7,31,4,7.8
251,8,45,2,22.5
251,9,66,3,22.0
251,10,25,5,5.0
251,11,4,5,0.8
251,12,13,3,4.3
251,13,120,3,40.0
251,14,32,4,8.0
251,15,14,3,4.7
251,16,45,2,22.5
251,17,33,2,16.5
251,18,43,3,14.3
251,19,60,3,20.0
251,20,10,2,5.0
251,21,79,2,39.5
251,22,1,1,1.0
252,6,25,1,25.0
252,8,11,1,11.0
252,15,29,1,29.0
252,17,10,1,10.0
256,6,59,1,59.0
256,7,152,1,152.0
25A,6,94,6,15.7
25A,7,439,5,87.8
25A,8,502,5,100.4
25A,9,224,4,56.0
25A,10,203,2,101.5
25A,11,214,3,71.3
25A,12,276,5,55.2
25A,13,279,4,69.8
25A,14,298,5,59.6
25A,15,467,5,93.4
25A,16,433,4,108.2
25A,17,381,4,95.2
25A,18,421,4,105.2
25A,19,232,4,58.0
25A,20,167,3,55.7
25A,21,250,4,62.5
25A,22,146,3,48.7
25A,23,37,1,37.0
25C,6,11,1,11.0
25C,7,137,2,68.5
25C,9,29,1,29.0
25C,10,50,1,50.0
25C,11,44,1,44.0
25C,13,47,1,47.0
25C,14,54,1,54.0
25C,15,92,1,92.0
25C,16,78,1,78.0
25C,17,25,1,25.0
25C,18,52,1,52.0
25C,19,53,1,53.0
25C,20,61,1,61.0
25C,21,32,1,32.0
25E,6,63,4,15.8
25E,7,253,6,42.2
25E,8,232,6,38.7
25E,9,230,6,38.3
25E,10,207,6,34.5
25E,11,164,5,32.8
25E,12,238,5,47.6
25E,13,231,5,46.2
25E,14,227,5,45.4
25E,15,274,5,54.8
25E,16,248,4,62.0
25E,17,265,5,53.0
25E,18,214,5,42.8
25E,19,168,5,33.6
25E,20,152,4,38.0
25E,21,138,4,34.5
25E,22,39,3,13.0
25E,23,43,1,43.0
25G,0,163,3,54.3
25G,1,191,3,63.7
25G,2,96,1,96.0
25G,3,53,1,53.0
25S1,0,28,1,28.0
25S1,15,61,2,30.5
25S1,16,46,1,46.0
25S1,17,63,1,63.0
25S1,18,49,1,49.0
25S2,6,7,1,7.0
25Y,6,119,4,29.8
25Y,7,130,3,43.3
25Y,8,248,2,124.0
25Y,9,227,4,56.8
25Y,10,149,4,37.2
25Y,11,118,3,39.3
25Y,12,130,3,43.3
25Y,13,204,4,51.0
25Y,14,161,2,80.5
25Y,15,135,2,67.5
25Y,16,174,3,58.0
25Y,17,150,2,75.0
25Y,18,261,4,65.2
25Y,19,155,2,77.5
25Y,20,97,3,32.3
25Y,21,86,2,43.0
25Y,22,60,2,30.0
25Y,23,33,2,16.5
26,6,38,1,38.0
26,8,75,1,75.0
26,9,22,1,22.0
26,10,45,1,45.0
26,11,19,1,19.0
26,12,39,1,39.0
26,13,26,1,26.0
26,14,31,1,31.0
26,16,33,1,33.0
26,18,14,1,14.0
26,20,25,1,25.0
26,21,16,2,8.0
26A,6,10,1,10.0
26A,7,62,2,31.0
26A,8,38,1,38.0
26A,9,54,1,54.0
26A,10,17,1,17.0
26A,11,51,1,51.0
26A,12,31,1,31.0
26A,13,39,1,39.0
26A,15,16,1,16.0
26A,16,42,1,42.0
26A,18,16,1,16.0
26A,19,10,1,10.0
26A,20,22,1,22.0
26B,14,18,1,18.0
26B,18,32,1,32.0
26B,20,4,1,4.0
26B,21,11,1,11.0
27E,5,57,2,28.5
27E,6,376,5,75.2
27E,7,872,8,109.0
27E,8,782,5,156.4
27E,9,492,5,98.4
27E,10,525,5,105.0
27E,11,363,4,90.8
27E,12,581,5,116.2
27E,13,507,5,101.4
27E,14,492,3,164.0
27E,15,424,4,106.0
27E,16,333,4,83.2
27E,17,584,3,194.7
27E,18,458,2,229.0
27E,19,386,3,128.7
27E,20,342,5,68.4
27E,21,277,4,69.2
27E,22,61,4,15.2
27E,23,83,1,83.0
27SE,6,361,5,72.2
27SE,7,899,5,179.8
27SE,8,883,4,220.8
27SE,9,477,3,159.0
27SE,10,519,4,129.8
27SE,11,445,5,89.0
27SE,12,556,3,185.3
27SE,13,497,4,124.2
27SE,14,444,3,148.0
27SE,15,441,2,220.5
27SE,16,428,2,214.0
27SE,17,278,2,139.0
27SE,18,544,2,272.0
27SE,19,340,3,113.3
27SE,20,426,2,213.0
27SE,21,276,7,39.4
27SE,22,273,4,68.2
27SE,23,158,1,158.0
27T,5,45,1,45.0
27T,6,401,7,57.3
27T,7,867,8,108.4
27T,8,694,7,99.1
27T,9,500,6,83.3
27T,10,268,5,53.6
27T,11,316,6,52.7
27T,12,299,4,74.8
27T,13,424,5,84.8
27T,14,361,4,90.2
27T,15,626,6,104.3
27T,16,482,4,120.5
27T,17,259,4,64.8
27T,18,426,3,142.0
27T,19,410,2,205.0
27T,20,287,2,143.5
27T,21,197,3,65.7
27T,22,112,2,56.0
28,5,12,1,12.0
28,6,163,3,54.3
28,7,312,3,104.0
28,8,339,3,113.0
28,9,321,3,107.0
28,10,272,3,90.7
28,11,261,2,130.5
28,12,266,2,133.0
28,13,235,2,117.5
28,14,233,2,116.5
28,15,282,2,141.0
28,16,225,2,112.5
28,17,256,2,128.0
28,18,249,2,124.5
28,19,244,2,122.0
28,20,204,2,102.0
28,21,154,2,77.0
28,22,157,3,52.3
28,23,73,1,73.0
28T,6,179,5,35.8
28T,7,329,4,82.2
28T,8,427,5,85.4
28T,9,264,1,264.0
28T,10,162,2,81.0
28T,11,218,4,54.5
28T,12,287,1,287.0
28T,13,237,2,118.5
28T,14,304,2,152.0
28T,15,325,2,162.5
28T,16,288,2,144.0
28T,17,152,2,76.0
28T,18,346,2,173.0
28T,19,201,2,100.5
28T,20,165,2,82.5
28T,21,183,3,61.0
28T,22,126,4,31.5
28T,23,50,1,50.0
29,5,21,1,21.0
29,6,154,2,77.0
29,7,188,2,94.0
29,8,122,1,122.0
29,9,111,1,111.0
29,10,99,2,49.5
29,11,73,1,73.0
29,12,72,2,36.0
29,13,76,1,76.0
29,14,70,2,35.0
29,15,73,1,73.0
29,16,75,1,75.0
29,17,51,1,51.0
29,19,60,1,60.0
29,20,72,2,36.0
29,21,65,2,32.5
29,22,54,2,27.0
29A,6,19,1,19.0
29A,8,52,1,52.0
29B,6,131,3,43.7
29B,7,175,5,35.0
29B,8,119,3,39.7
29B,9,83,4,20.8
29B,10,55,3,18.3
29B,11,76,2,38.0
29B,12,47,2,23.5
29B,13,63,3,21.0
29B,14,76,3,25.3
29B,15,105,2,52.5
29B,16,59,3,19.7
29B,17,104,1,104.0
29B,18,22,3,7.3
29B,19,109,2,54.5
29B,20,20,3,6.7
29B,21,74,3,24.7
29B,22,30,1,30.0
29C,5,99,2,49.5
29C,6,326,9,36.2
29C,7,836,9,92.9
29C,8,840,6,140.0
29C,9,648,5,129.6
29C,10,457,7,65.3
29C,11,400,5,80.0
29C,12,486,6,81.0
29C,13,254,5,50.8
29C,14,602,6,100.3
29C,15,647,6,107.8
29C,16,376,5,75.2
29C,17,386,7,55.1
29C,18,514,4,128.5
29C,19,401,4,100.2
29C,20,223,4,55.8
29C,21,312,6,52.0
29C,22,339,4,84.8
29C,23,198,2,99.0
29D,5,33,1,33.0
29D,6,808,7,115.4
29D,7,1253,9,139.2
29D,8,1564,4,391.0
29D,9,1114,5,222.8
29D,10,734,5,146.8
29D,11,778,5,155.6
29D,12,937,5,187.4
29D,13,1001,4,250.2
29D,14,830,6,138.3
29D,15,1169,6,194.8
29D,16,904,3,301.3
29D,17,671,4,167.8
29D,18,522,3,174.0
29D,19,808,4,202.0
29D,20,537,3,179.0
29D,21,425,6,70.8
29D,22,406,6,67.7
29D,23,256,3,85.3
29E,6,47,1,47.0
29E,7,145,2,72.5
29E,8,163,2,81.5
29E,9,87,2,43.5
29E,10,72,2,36.0
29E,11,60,1,60.0
29E,12,61,1,61.0
29E,13,51,2,25.5
29E,14,66,2,33.0
29E,15,123,2,61.5
29E,16,80,2,40.0
29E,17,72,1,72.0
29E,18,114,1,114.0
29E,19,113,2,56.5
29E,20,92,2,46.0
29E,21,60,2,30.0
29E,22,26,1,26.0
29GM,6,30,2,15.0
29GM,7,95,2,47.5
29GM,8,74,2,37.0
29GM,9,14,3,4.7
29GM,10,35,1,35.0
29GM,11,27,2,13.5
29GM,12,37,2,18.5
29GM,13,56,1,56.0
29GM,14,72,2,36.0
29GM,15,98,3,32.7
29GM,16,26,1,26.0
29GM,17,20,1,20.0
29GM,18,31,2,15.5
29GM,19,12,2,6.0
29GM,20,12,2,6.0
29M2,6,2,2,1.0
29M2,7,94,2,47.0
29M2,8,67,2,33.5
29M2,9,13,1,13.0
29P,6,58,1,58.0
29P,7,115,2,57.5
29P,9,14,1,14.0
29P,15,7,1,7.0
29P,17,14,1,14.0
29P,19,57,1,57.0
3,6,36,1,36.0
3,7,36,1,36.0
3,8,110,1,110.0
3,15,18,1,18.0
3,16,18,1,18.0
3,17,31,1,31.0
3,18,26,1,26.0
3,19,57,1,57.0
300,5,54,2,27.0
300,20,67,2,33.5
300B,6,52,1,52.0
300B,8,82,1,82.0
300B,15,38,1,38.0
300B,17,12,1,12.0
300C,5,29,2,14.5
300C,6,139,2,69.5
300C,7,150,2,75.0
300C,8,238,2,119.0
300C,9,147,1,147.0
300C,10,163,2,81.5
300C,11,124,1,124.0
300C,12,128,2,64.0
300C,13,45,1,45.0
300C,14,56,1,56.0
300C,15,93,1,93.0
300C,16,43,1,43.0
300C,17,148,2,74.0
300C,18,148,2,74.0
300C,19,98,1,98.0
300C,20,40,1,40.0
300D,6,45,1,45.0
300D,7,95,1,95.0
300D,8,101,1,101.0
300D,9,35,1,35.0
300D,11,58,1,58.0
300D,13,30,1,30.0
300D,15,35,2,17.5
300D,16,81,1,81.0
300D,17,105,1,105.0
300D,19,28,1,28.0
300G,5,25,1,25.0
300G,6,156,3,52.0
300G,7,302,4,75.5
300G,8,348,3,116.0
300G,9,159,2,79.5
300G,10,178,2,89.0
300G,11,222,2,111.0
300G,12,200,2,100.0
300G,13,186,3,62.0
300G,14,214,2,107.0
300G,15,192,4,48.0
300G,16,182,2,91.0
300G,17,231,3,77.0
300G,18,211,2,105.5
300G,19,121,2,60.5
300G,20,124,2,62.0
300G,21,134,1,134.0
300G,22,28,1,28.0
300M,17,11,1,11.0
300M,19,40,1,40.0
300S,6,18,1,18.0
300S,7,50,1,50.0
300S,11,28,1,28.0
300S,13,35,1,35.0
300S,15,11,1,11.0
300S,17,45,1,45.0
303A,0,142,2,71.0
303A,1,31,1,31.0
303A,4,72,5,14.4
303A,5,303,11,27.5
303A,6,992,20,49.6
303A,7,2062,29,71.1
303A,8,2327,26,89.5
303A,9,1535,21,73.1
303A,10,1367,17,80.4
303A,11,1280,17,75.3
303A,12,1309,16,81.8
303A,13,1236,15,82.4
303A,14,1248,16,78.0
303A,15,1599,20,80.0
303A,16,1895,23,82.4
303A,17,1627,17,95.7
303A,18,1495,19,78.7
303A,19,1079,13,83.0
303A,20,826,12,68.8
303A,21,606,9,67.3
303A,22,505,7,72.1
303A,23,326,3,108.7
303B,5,25,2,12.5
303B,6,91,2,45.5
303B,7,66,1,66.0
303B,9,98,3,32.7
303B,10,80,2,40.0
303B,11,88,2,44.0
303B,12,71,1,71.0
303B,13,60,1,60.0
303B,14,65,2,32.5
303B,15,72,2,36.0
303B,16,68,1,68.0
303B,17,57,2,28.5
303B,18,38,1,38.0
303B,19,26,1,26.0
303B,20,18,2,9.0
30A,6,285,6,47.5
30A,7,640,7,91.4
30A,8,632,7,90.3
30A,9,592,9,65.8
30A,10,391,6,65.2
30A,11,399,6,66.5
30A,12,525,5,105.0
30A,13,481,6,80.2
30A,14,487,5,97.4
30A,15,535,5,107.0
30A,16,503,5,100.6
30A,17,481,4,120.2
30A,18,612,5,122.4
30A,19,427,5,85.4
30A,20,226,6,37.7
30A,21,382,6,63.7
30A,22,356,4,89.0
30A,23,122,3,40.7
30D,5,7,1,7.0
30D,6,191,4,47.8
30D,7,615,4,153.8
30D,8,527,3,175.7
30D,9,359,3,119.7
30D,10,331,4,82.8
30D,11,370,5,74.0
30D,12,388,6,64.7
30D,13,320,3,106.7
30D,14,288,3,96.0
30D,15,316,4,79.0
30D,16,348,3,116.0
30D,17,240,4,60.0
30D,18,236,3,78.7
30D,19,218,4,54.5
30D,20,176,3,58.7
30D,21,246,2,123.0
30D,22,97,1,97.0
30M,0,25,1,25.0
30M,6,284,10,28.4
30M,7,947,14,67.6
30M,8,1481,12,123.4
30M,9,939,11,85.4
30M,10,703,8,87.9
30M,11,732,8,91.5
30M,12,667,8,83.4
30M,13,896,7,128.0
30M,14,823,8,102.9
30M,15,875,8,109.4
30M,16,863,7,123.3
30M,17,998,9,110.9
30M,18,862,8,107.8
30M,19,779,7,111.3
30M,20,504,7,72.0
30M,21,487,8,60.9
30M,22,526,7,75.1
30M,23,362,7,51.7
31,5,63,2,31.5
31,6,453,8,56.6
31,7,877,8,109.6
31,8,865,6,144.2
31,9,726,5,145.2
31,10,665,13,51.2
31,11,674,11,61.3
31,12,617,7,88.1
31,13,456,11,41.5
31,14,603,6,100.5
31,15,685,9,76.1
31,16,552,8,69.0
31,17,577,7,82.4
31,18,755,9,83.9
31,19,675,8,84.4
31,20,587,8,73.4
31,21,483,7,69.0
31,22,319,4,79.8
31,23,215,3,71.7
319,0,63,1,63.0
319,5,90,3,30.0
319,6,650,12,54.2
319,7,1573,15,104.9
319,8,1557,14,111.2
319,9,1115,13,85.8
319,10,1101,13,84.7
319,11,1047,13,80.5
319,12,960,12,80.0
319,13,1001,13,77.0
319,14,1088,11,98.9
319,15,1201,12,100.1
319,16,1186,12,98.8
319,17,1190,12,99.2
319,18,1216,11,110.5
319,19,1014,13,78.0
319,20,729,10,72.9
319,21,556,10,55.6
319,22,507,9,56.3
319,23,318,6,53.0
31E,5,17,1,17.0
31E,6,265,2,132.5
31E,7,490,3,163.3
31E,8,510,2,255.0
31E,9,272,1,272.0
31E,10,246,2,123.0
31E,11,267,1,267.0
31E,12,201,2,100.5
31E,13,307,2,153.5
31E,14,310,1,310.0
31E,15,268,1,268.0
31E,16,259,1,259.0
31E,17,143,1,143.0
31E,19,219,2,109.5
31E,20,107,1,107.0
31E,21,128,1,128.0
31K,6,59,3,19.7
31K,7,313,6,52.2
31K,8,419,8,52.4
31K,9,39,1,39.0
31K,16,39,5,7.8
31K,17,182,6,30.3
31K,18,432,7,61.7
31K,19,299,8,37.4
31K,20,38,2,19.0
31Y,6,863,18,47.9
31Y,7,1016,16,63.5
31Y,8,1028,10,102.8
31Y,9,540,16,33.8
31Y,10,304,6,50.7
31Y,11,314,7,44.9
31Y,12,382,8,47.8
31Y,13,265,6,44.2
31Y,14,218,6,36.3
31Y,15,402,5,80.4
31Y,16,562,6,93.7
31Y,17,655,8,81.9
31Y,18,697,5,139.4
31Y,19,710,10,71.0
31Y,20,562,9,62.4
31Y,21,328,7,46.9
31Y,22,247,5,49.4
31Y,23,95,1,95.0
32,6,151,3,50.3
32,7,352,3,117.3
32,8,248,2,124.0
32,9,169,2,84.5
32,10,186,1,186.0
32,11,275,2,137.5
32,12,208,1,208.0
32,13,172,3,57.3
32,14,205,2,102.5
32,15,280,2,140.0
32,16,204,2,102.0
32,17,284,2,142.0
32,18,305,2,152.5
32,19,171,1,171.0
32,20,168,2,84.0
32,21,218,4,54.5
32,22,89,2,44.5
32,23,29,1,29.0
320,6,250,9,27.8
320,7,954,10,95.4
320,8,587,6,97.8
320,9,333,5,66.6
320,10,230,6,38.3
320,11,273,7,39.0
320,12,399,6,66.5
320,13,342,6,57.0
320,14,368,7,52.6
320,15,533,6,88.8
320,16,546,5,109.2
320,17,478,7,68.3
320,18,643,6,107.2
320,19,552,6,92.0
320,20,319,5,63.8
320,21,183,4,45.8
320,22,77,2,38.5
320A,5,133,3,44.3
320A,6,392,5,78.4
320A,7,1041,8,130.1
320A,8,970,5,194.0
320A,9,567,5,113.4
320A,10,607,11,55.2
320A,11,688,5,137.6
320A,12,592,6,98.7
320A,13,746,6,124.3
320A,14,717,5,143.4
320A,15,675,5,135.0
320A,16,742,6,123.7
320A,17,861,4,215.2
320A,18,654,7,93.4
320A,19,761,5,152.2
320A,20,476,5,95.2
320A,21,397,5,79.4
320A,22,245,2,122.5
320A,23,134,2,67.0
320Y,6,69,1,69.0
320Y,7,141,2,70.5
320Y,8,137,1,137.0
320Y,16,50,2,25.0
320Y,17,90,1,90.0
320Y,18,169,1,169.0
32A,6,108,4,27.0
32A,7,377,3,125.7
32A,8,330,2,165.0
32A,9,193,2,96.5
32A,10,114,2,57.0
32A,11,164,2,82.0
32A,12,148,2,74.0
32A,13,64,2,32.0
32A,14,122,1,122.0
32A,15,249,3,83.0
32A,16,183,2,91.5
32A,17,107,1,107.0
32A,18,184,2,92.0
32A,19,220,1,220.0
32A,20,66,2,33.0
32A,21,71,1,71.0
32M,6,175,3,58.3
32M,7,246,6,41.0
32M,8,290,4,72.5
32M,9,108,2,54.0
32M,10,76,3,25.3
32M,11,72,5,14.4
32M,12,136,2,68.0
32M,13,96,3,32.0
32M,14,70,2,35.0
32M,15,73,4,18.2
32M,16,139,2,69.5
32M,17,129,4,32.2
32M,18,245,4,61.2
32M,19,86,4,21.5
32M,20,62,3,20.7
32M,21,10,2,5.0
32M,22,41,1,41.0
32T,6,141,2,70.5
32T,7,370,4,92.5
32T,8,322,2,161.0
32T,9,245,1,245.0
32T,10,214,2,107.0
32T,11,181,2,90.5
32T,12,192,1,192.0
32T,13,288,2,144.0
32T,14,213,3,71.0
32T,15,303,3,101.0
32T,16,352,3,117.3
32T,17,242,1,242.0
32T,18,349,2,174.5
32T,19,246,2,123.0
32T,20,140,2,70.0
32T,21,77,3,25.7
32T,22,127,3,42.3
32T,23,101,1,101.0
33,5,15,1,15.0
33,6,287,2,143.5
33,7,459,4,114.8
33,8,364,2,182.0
33,9,256,2,128.0
33,10,225,1,225.0
33,11,250,3,83.3
33,12,266,2,133.0
33,13,180,1,180.0
33,14,238,4,59.5
33,15,127,3,42.3
33,16,199,4,49.8
33,17,325,4,81.2
33,18,319,3,106.3
33,19,246,3,82.0
33,20,152,3,50.7
33,21,82,4,20.5
33,22,84,2,42.0
33,23,68,1,68.0
336,5,207,3,69.0
336,6,834,6,139.0
336,7,931,7,133.0
336,8,759,4,189.8
336,9,620,3,206.7
336,10,505,2,252.5
336,11,590,2,295.0
336,12,383,3,127.7
336,13,413,5,82.6
336,14,590,6,98.3
336,15,582,6,97.0
336,16,634,6,105.7
336,17,636,10,63.6
336,18,699,7,99.9
336,19,690,9,76.7
336,20,393,3,131.0
336,21,230,4,57.5
336,22,229,3,76.3
336A,6,93,1,93.0
336A,7,115,1,115.0
336A,8,114,1,114.0
336A,10,117,1,117.0
336A,11,44,1,44.0
336A,16,38,1,38.0
336A,18,19,1,19.0
336A,19,80,1,80.0
336A,21,5,1,5.0
336E,5,195,3,65.0
336E,6,735,12,61.2
336E,7,1694,9,188.2
336E,8,1169,8,146.1
336E,9,988,6,164.7
336E,10,987,6,164.5
336E,11,748,6,124.7
336E,12,969,8,121.1
336E,13,1139,7,162.7
336E,14,904,5,180.8
336E,15,877,6,146.2
336E,16,1095,11,99.5
336E,17,1030,11,93.6
336E,18,1048,11,95.3
336E,19,1146,10,114.6
336E,20,861,12,71.8
336E,21,556,12,46.3
336E,22,538,5,107.6
336E,23,342,5,68.4
336G,0,3,1,3.0
336G,5,50,2,25.0
336G,6,314,6,52.3
336G,7,705,6,117.5
336G,8,813,10,81.3
336G,9,404,5,80.8
336G,10,314,6,52.3
336G,11,336,6,56.0
336G,12,434,6,72.3
336G,13,264,6,44.0
336G,14,354,6,59.0
336G,15,380,7,54.3
336G,16,456,8,57.0
336G,17,461,7,65.9
336G,18,603,8,75.4
336G,19,339,7,48.4
336G,20,325,6,54.2
336G,21,231,7,33.0
336G,22,179,6,29.8
336G,23,130,4,32.5
336H,5,51,1,51.0
336H,6,550,7,78.6
336H,7,1020,8,127.5
336H,8,965,6,160.8
336H,9,684,5,136.8
336H,10,364,6,60.7
336H,11,336,5,67.2
336H,12,488,8,61.0
336H,13,429,4,107.2
336H,14,342,7,48.9
336H,15,315,4,78.8
336H,16,741,8,92.6
336H,17,555,5,111.0
336H,18,672,8,84.0
336H,19,462,5,92.4
336H,20,333,5,66.6
336H,21,243,4,60.8
336K,5,25,1,25.0
336K,6,286,4,71.5
336K,7,259,5,51.8
336K,8,418,7,59.7
336K,9,185,3,61.7
336K,10,254,4,63.5
336K,11,137,4,34.2
336K,12,244,3,81.3
336K,13,231,3,77.0
336K,14,245,3,81.7
336K,15,319,5,63.8
336K,16,560,3,186.7
336K,17,363,4,90.8
336K,18,319,5,63.8
336K,19,360,3,120.0
336K,20,164,1,164.0
336K,21,84,3,28.0
336M,5,76,1,76.0
336M,6,234,3,78.0
336M,7,377,4,94.2
336M,8,281,3,93.7
336M,9,157,3,52.3
336M,10,156,4,39.0
336M,11,182,2,91.0
336M,12,128,4,32.0
336M,13,113,3,37.7
336M,14,102,1,102.0
336M,15,134,3,44.7
336M,16,96,2,48.0
336M,17,194,3,64.7
336M,18,264,1,264.0
336M,19,287,3,95.7
336M,20,182,3,60.7
336M,21,133,3,44.3
336M,22,136,2,68.0
336M,23,94,1,94.0
336MC,5,26,1,26.0
336MC,6,216,4,54.0
336MC,7,381,6,63.5
336MC,8,389,3,129.7
336MC,9,271,4,67.8
336MC,10,217,5,43.4
336MC,11,291,3,97.0
336MC,12,300,4,75.0
336MC,13,214,5,42.8
336MC,14,369,4,92.2
336MC,15,277,4,69.2
336MC,16,627,5,125.4
336MC,17,398,4,99.5
336MC,18,412,4,103.0
336MC,19,341,5,68.2
336MC,20,226,3,75.3
336MC,21,63,1,63.0
336T,5,54,1,54.0
336T,6,197,7,28.1
336T,7,453,3,151.0
336T,8,494,5,98.8
336T,9,298,5,59.6
336T,10,321,4,80.2
336T,11,332,2,166.0
336T,12,346,4,86.5
336T,13,400,5,80.0
336T,14,272,3,90.7
336T,15,384,5,76.8
336T,16,409,3,136.3
336T,17,519,2,259.5
336T,18,308,2,154.0
336T,19,266,3,88.7
336T,20,293,5,58.6
336T,21,164,2,82.0
336T,22,81,1,81.0
336Y,16,33,1,33.0
336Y,17,14,1,14.0
336Y,19,29,1,29.0
33B,5,61,1,61.0
33B,6,276,6,46.0
33B,7,501,3,167.0
33B,8,323,5,64.6
33B,9,298,3,99.3
33B,10,171,1,171.0
33B,11,142,4,35.5
33B,12,253,3,84.3
33B,13,200,4,50.0
33B,14,158,5,31.6
33B,15,178,3,59.3
33B,16,148,6,24.7
33B,17,193,3,64.3
33B,18,226,5,45.2
33B,19,352,5,70.4
33B,20,117,5,23.4
33B,21,55,4,13.8
33B,22,26,1,26.0
33E,6,30,1,30.0
33E,7,25,2,12.5
33ES,6,29,1,29.0
33ES,7,149,2,74.5
33ES,8,82,1,82.0
33ES,9,28,1,28.0
33ES,16,18,1,18.0
33ES,17,39,1,39.0
33ES,18,87,2,43.5
33M,6,64,2,32.0
33M,7,137,2,68.5
33M,8,104,3,34.7
33M,9,11,1,11.0
33M,10,55,2,27.5
33M,11,50,2,25.0
33M,12,182,1,182.0
33M,13,97,2,48.5
33M,14,51,1,51.0
33M,15,104,1,104.0
33M,16,30,1,30.0
33M,17,76,2,38.0
33M,18,114,1,114.0
33M,19,43,2,21.5
33M,20,61,2,30.5
33M,21,40,1,40.0
33M,22,52,1,52.0
33TE,6,137,3,45.7
33TE,7,175,3,58.3
33TE,8,91,3,30.3
33TE,16,59,1,59.0
33TE,17,103,1,103.0
33TE,18,87,1,87.0
33TE,19,66,1,66.0
33TM,6,58,2,29.0
33TM,7,43,2,21.5
33Y,6,56,2,28.0
33Y,7,109,2,54.5
33Y,8,128,1,128.0
33Y,9,53,1,53.0
33Y,11,70,1,70.0
33Y,13,44,1,44.0
33Y,14,61,1,61.0
33Y,15,44,1,44.0
33Y,16,46,1,46.0
33Y,17,72,2,36.0
33Y,18,56,3,18.7
33Y,19,144,2,72.0
33Y,20,47,1,47.0
33Y,21,37,2,18.5
33Y,22,67,1,67.0
34,0,7852,1,7852.0
34,5,5253,13,404.1
34,6,26440,37,714.6
34,7,63023,13,4847.9
34,8,67426,8,8428.2
34,9,43991,9,4887.9
34,12,38194,3,12731.3
34,13,37560,7,5365.7
34,14,37191,12,3099.2
34,15,41515,4,10378.8
34,16,49089,1,49089.0
34,17,65415,7,9345.0
34,18,74871,8,9358.9
34,19,52205,3,17401.7
34,20,31879,12,2656.6
34,21,23858,6,3976.3
34,22,20360,4,5090.0
34,23,12385,20,619.2
34A,5,528,2,264.0
34A,7,15792,3,5264.0
34A,8,18891,20,944.6
34A,9,11453,11,1041.2
34A,11,6841,1,6841.0
34A,12,6790,1,6790.0
34A,15,6678,2,3339.0
34A,16,7733,11,703.0
34A,17,9703,7,1386.1
34A,20,5026,1,5026.0
34A,22,3923,5,784.6
34A,23,2756,11,250.5
34B,18,1,4,0.2
34B,23,1,83,0.0
34C,1,1,1,1.0
34C,6,1,30,0.0
34C,7,1,27,0.0
34C,8,2,22,0.1
34C,9,1,27,0.0
34C,10,1,29,0.0
34C,11,3,25,0.1
34C,12,1,29,0.0
34C,13,2,31,0.1
34C,15,1,37,0.0
34C,16,3,64,0.0
34C,17,1,39,0.0
34C,18,4,32,0.1
34C,19,1,33,0.0
34C,21,1,18,0.1
34G,0,8,51,0.2
34G,1,2,19,0.1
34G,2,1,18,0.1
34G,5,2,38,0.1
34G,6,9,122,0.1
34G,7,8,131,0.1
34G,8,8,79,0.1
34G,9,14,63,0.2
34G,10,19,68,0.3
34G,11,18,71,0.3
34G,12,21,75,0.3
34G,13,16,72,0.2
34G,14,16,60,0.3
34G,15,16,57,0.3
34G,16,11,78,0.1
34G,17,8,41,0.2
34G,18,9,60,0.2
34G,19,17,53,0.3
34G,20,7,26,0.3
34G,21,6,46,0.1
34G,22,4,33,0.1
34G,23,3,400,0.0
34Z,8,1,1,1.0
34Z,14,1,15,0.1
34Z,15,2,21,0.1
34Z,16,1,47,0.0
34Z,17,1,50,0.0
35,6,300,5,60.0
35,7,804,4,201.0
35,8,1060,5,212.0
35,9,468,7,66.9
35,10,400,12,33.3
35,11,370,13,28.5
35,12,447,15,29.8
35,13,380,11,34.5
35,14,415,11,37.7
35,15,572,12,47.7
35,16,538,13,41.4
35,17,480,13,36.9
35,18,539,14,38.5
35,19,449,12,37.4
35,20,261,8,32.6
35,21,132,3,44.0
35A,6,84,9,9.3
35A,7,244,12,20.3
35A,8,280,12,23.3
35A,9,200,9,22.2
35A,10,68,2,34.0
35C,5,21,1,21.0
35C,6,333,4,83.2
35C,7,807,10,80.7
35C,8,1019,9,113.2
35C,9,936,8,117.0
35C,10,718,5,143.6
35C,11,733,6,122.2
35C,12,764,6,127.3
35C,13,763,5,152.6
35C,14,744,4,186.0
35C,15,879,6,146.5
35C,16,743,6,123.8
35C,17,801,8,100.1
35C,18,819,4,204.8
35C,19,789,6,131.5
35C,20,393,6,65.5
35C,21,409,9,45.4
35C,22,417,7,59.6
35C,23,228,3,76.0
35D,6,215,8,26.9
35D,7,481,8,60.1
35D,8,561,9,62.3
35D,9,422,8,52.8
35D,10,381,7,54.4
35D,11,537,7,76.7
35D,12,467,8,58.4
35D,13,487,7,69.6
35D,14,459,8,57.4
35D,15,553,8,69.1
35D,16,429,7,61.3
35D,17,465,7,66.4
35D,18,484,9,53.8
35D,19,351,7,50.1
35D,20,179,5,35.8
35D,21,144,4,36.0
36,6,145,2,72.5
36,7,166,2,83.0
36,8,155,2,77.5
36,9,72,1,72.0
36,10,61,2,30.5
36,11,109,2,54.5
36,12,204,1,204.0
36,13,173,2,86.5
36,14,83,1,83.0
36,15,112,1,112.0
36,16,152,2,76.0
36,17,108,1,108.0
36,18,155,2,77.5
36,19,179,1,179.0
36,20,36,1,36.0
36,21,28,1,28.0
36A,5,43,1,43.0
36A,6,175,1,175.0
36A,7,167,1,167.0
36A,8,208,1,208.0
36A,10,46,1,46.0
36A,11,94,1,94.0
36A,12,206,1,206.0
36A,14,87,1,87.0
36A,15,216,1,216.0
36A,17,117,1,117.0
36A,19,93,1,93.0
36A,22,41,1,41.0
36AS,6,51,1,51.0
36AS,7,71,1,71.0
36AS,9,37,1,37.0
36AS,11,40,1,40.0
36AS,16,89,1,89.0
36AS,17,69,1,69.0
36AS,20,24,1,24.0
36AS,21,24,1,24.0
36AY,5,44,1,44.0
36AY,6,278,5,55.6
36AY,7,398,4,99.5
36AY,8,510,3,170.0
36AY,9,230,4,57.5
36AY,10,161,2,80.5
36AY,11,126,4,31.5
36AY,12,160,3,53.3
36AY,13,97,1,97.0
36AY,14,142,4,35.5
36AY,15,182,3,60.7
36AY,16,140,2,70.0
36AY,17,181,3,60.3
36AY,18,143,2,71.5
36AY,19,198,3,66.0
36AY,20,81,1,81.0
36AY,21,137,3,45.7
36AY,22,48,2,24.0
36B,5,45,1,45.0
36B,6,8,1,8.0
36B,8,59,1,59.0
36B,9,79,1,79.0
36B,11,14,1,14.0
36B,12,28,1,28.0
36B,14,20,1,20.0
36B,15,35,1,35.0
36B,16,85,1,85.0
36B,18,29,1,29.0
36B,19,75,1,75.0
36B,21,6,1,6.0
36C,6,81,3,27.0
36C,7,79,3,26.3
36C,8,160,3,53.3
36C,9,45,4,11.2
36C,10,113,3,37.7
36C,11,50,4,12.5
36C,12,74,4,18.5
36C,13,38,4,9.5
36C,14,40,2,20.0
36C,15,49,3,16.3
36C,16,104,3,34.7
36C,17,77,2,38.5
36C,18,59,2,29.5
36C,19,36,1,36.0
36C,20,41,2,20.5
36C,21,45,4,11.2
36CB,5,6,1,6.0
36CB,6,29,2,14.5
36CB,7,65,2,32.5
36CB,8,107,1,107.0
36CB,9,60,2,30.0
36CB,10,11,1,11.0
36CB,11,20,1,20.0
36CB,12,31,2,15.5
36CB,13,33,1,33.0
36CB,14,24,1,24.0
36CB,15,69,4,17.2
36CB,16,88,2,44.0
36CB,17,24,2,12.0
36CB,18,41,3,13.7
36CB,19,69,2,34.5
36CB,20,29,1,29.0
36CB,21,6,1,6.0
36CY,5,3,1,3.0
36CY,6,85,1,85.0
36CY,7,76,1,76.0
36CY,8,85,1,85.0
36CY,9,63,1,63.0
36CY,10,43,1,43.0
36CY,11,53,2,26.5
36CY,12,41,1,41.0
36CY,13,38,1,38.0
36CY,15,42,1,42.0
36CY,16,46,1,46.0
36CY,17,54,1,54.0
36CY,18,41,1,41.0
36CY,19,54,1,54.0
36CY,20,52,1,52.0
36D,5,19,1,19.0
36D,6,118,2,59.0
36D,7,258,3,86.0
36D,8,346,2,173.0
36D,9,73,3,24.3
36D,11,66,2,33.0
36D,13,69,2,34.5
36D,15,101,1,101.0
36D,16,226,2,113.0
36D,17,139,3,46.3
36D,18,111,1,111.0
36D,19,127,3,42.3
36D,20,58,1,58.0
36D,22,22,1,22.0
36ES,5,148,3,49.3
36ES,6,452,7,64.6
36ES,7,893,7,127.6
36ES,8,622,6,103.7
36ES,9,496,4,124.0
36ES,10,313,3,104.3
36ES,11,426,3,142.0
36ES,12,340,4,85.0
36ES,13,433,3,144.3
36ES,14,349,3,116.3
36ES,15,412,4,103.0
36ES,16,547,4,136.8
36ES,17,484,4,121.0
36ES,18,545,3,181.7
36ES,19,418,3,139.3
36ES,20,189,3,63.0
36ES,21,152,6,25.3
36ES,22,136,4,34.0
36ES,23,113,2,56.5
36F,6,53,1,53.0
36F,7,315,5,63.0
36F,8,267,3,89.0
36F,9,255,4,63.8
36F,10,160,1,160.0
36F,11,130,3,43.3
36F,12,152,3,50.7
36F,13,204,2,102.0
36F,14,87,1,87.0
36F,15,169,1,169.0
36F,16,2,2,1.0
36F,17,47,2,23.5
36F,18,96,2,48.0
36F,19,185,3,61.7
36F,20,47,3,15.7
36F,21,72,3,24.0
36F,22,36,2,18.0
36G,5,55,2,27.5
36G,6,376,4,94.0
36G,7,397,2,198.5
36G,8,280,2,140.0
36G,9,220,1,220.0
36G,10,167,1,167.0
36G,11,134,2,67.0
36G,12,195,2,97.5
36G,13,224,3,74.7
36G,14,216,2,108.0
36G,15,243,2,121.5
36G,16,299,2,149.5
36G,17,156,4,39.0
36G,18,465,1,465.0
36G,19,380,3,126.7
36G,20,123,1,123.0
36G,21,168,1,168.0
36G,22,150,1,150.0
36HT,5,13,1,13.0
36HT,6,173,1,173.0
36HT,7,237,2,118.5
36HT,8,176,1,176.0
36HT,9,185,3,61.7
36HT,10,72,2,36.0
36HT,12,127,3,42.3
36HT,14,127,4,31.8
36HT,15,291,2,145.5
36HT,16,298,3,99.3
36HT,17,185,1,185.0
36HT,18,71,2,35.5
36HT,19,105,3,35.0
36HT,20,66,1,66.0
36HT,21,76,2,38.0
36HT,22,2,1,2.0
36KE,6,204,4,51.0
36KE,7,201,3,67.0
36KE,8,196,4,49.0
36KE,10,28,3,9.3
36KE,12,69,1,69.0
36KE,13,57,2,28.5
36KE,14,113,1,113.0
36KE,15,105,3,35.0
36KE,16,67,3,22.3
36KE,17,148,2,74.0
36KE,18,175,4,43.8
36KE,19,72,3,24.0
36KE,20,53,1,53.0
36KE,21,30,1,30.0
36L,5,187,2,93.5
36L,6,727,8,90.9
36L,7,1111,7,158.7
36L,8,836,5,167.2
36L,9,504,7,72.0
36L,10,484,5,96.8
36L,11,460,6,76.7
36L,12,457,4,114.2
36L,13,697,6,116.2
36L,14,527,6,87.8
36L,15,828,6,138.0
36L,16,797,5,159.4
36L,17,1057,7,151.0
36L,18,787,6,131.2
36L,19,685,8,85.6
36L,20,550,7,78.6
36L,21,517,11,47.0
36L,22,529,8,66.1
36L,23,189,5,37.8
36M,6,29,2,14.5
36M,8,46,2,23.0
36S,6,4,1,4.0
36S,7,46,1,46.0
36S,8,51,1,51.0
36S,9,7,1,7.0
36S,11,16,1,16.0
36S,12,25,1,25.0
36S,13,12,1,12.0
36S,14,10,1,10.0
36S,15,63,1,63.0
36S,17,5,1,5.0
36S,18,7,1,7.0
36S,19,4,1,4.0
36S,21,6,1,6.0
36T,0,134,1,134.0
36T,5,34,3,11.3
36T,6,557,8,69.6
36T,7,1041,7,148.7
36T,8,1083,4,270.8
36T,9,672,3,224.0
36T,10,560,3,186.7
36T,11,640,3,213.3
36T,12,943,4,235.8
36T,13,699,4,174.8
36T,14,595,3,198.3
36T,15,860,2,430.0
36T,16,1039,3,346.3
36T,17,798,4,199.5
36T,18,1010,4,252.5
36T,19,1041,4,260.2
36T,20,616,3,205.3
36T,21,678,5,135.6
36T,22,438,3,146.0
36T,23,324,2,162.0
36TC,5,116,2,58.0
36TC,6,272,5,54.4
36TC,7,315,6,52.5
36TC,8,253,2,126.5
36TC,9,135,3,45.0
36TC,10,55,2,27.5
36TC,11,187,3,62.3
36TC,12,67,4,16.8
36TC,13,166,1,166.0
36TC,14,161,2,80.5
36TC,15,163,4,40.8
36TC,16,276,3,92.0
36TC,17,316,3,105.3
36TC,18,214,4,53.5
36TC,19,325,2,162.5
36TC,20,180,3,60.0
36TC,21,180,4,45.0
36TC,22,61,2,30.5
36TC,23,31,1,31.0
36V,5,43,2,21.5
36V,6,460,6,76.7
36V,7,549,3,183.0
36V,8,615,3,205.0
36V,9,504,2,252.0
36V,10,207,2,103.5
36V,11,286,4,71.5
36V,12,403,2,201.5
36V,13,374,2,187.0
36V,14,324,5,64.8
36V,15,408,4,102.0
36V,16,479,6,79.8
36V,17,408,5,81.6
36V,18,393,4,98.2
36V,19,334,5,66.8
36V,20,272,4,68.0
36V,21,244,4,61.0
36V,22,150,2,75.0
36V,23,98,1,98.0
36Y,6,182,5,36.4
36Y,7,66,1,66.0
36Y,8,77,2,38.5
36YS,6,35,1,35.0
36YS,7,26,1,26.0
36YS,8,26,1,26.0
36YS,10,15,1,15.0
36YS,11,31,1,31.0
36YS,12,23,1,23.0
36YS,13,3,1,3.0
36YS,15,48,1,48.0
36YS,16,8,1,8.0
36YS,17,59,1,59.0
36YS,19,16,1,16.0
36YS,20,19,1,19.0
36Z,6,508,9,56.4
36Z,7,414,8,51.8
36Z,8,457,5,91.4
36Z,9,170,5,34.0
36Z,10,196,4,49.0
36Z,11,294,5,58.8
36Z,12,234,3,78.0
36Z,13,95,3,31.7
36Z,14,185,6,30.8
36Z,15,348,6,58.0
36Z,16,549,10,54.9
36Z,17,420,4,105.0
36Z,18,299,7,42.7
36Z,19,381,5,76.2
36Z,20,312,3,104.0
36Z,21,218,3,72.7
36Z,22,179,1,179.0
37M,6,59,5,11.8
37M,7,186,3,62.0
37M,8,418,4,104.5
37M,9,323,3,107.7
37M,10,122,4,30.5
37M,11,292,3,97.3
37M,12,272,3,90.7
37M,13,238,3,79.3
37M,14,224,3,74.7
37M,15,276,2,138.0
37M,16,294,3,98.0
37M,17,227,4,56.8
37M,18,173,4,43.2
37M,19,290,4,72.5
37M,20,133,2,66.5
37M,21,157,4,39.2
37M,22,89,3,29.7
37T,6,16,2,8.0
37T,7,261,4,65.2
37T,8,246,2,123.0
37T,9,61,2,30.5
37T,10,46,2,23.0
37T,11,52,1,52.0
37T,12,129,1,129.0
37T,13,72,1,72.0
37T,14,68,2,34.0
37T,15,180,2,90.0
37T,16,147,4,36.8
37T,17,247,5,49.4
37T,18,258,5,51.6
37T,19,367,4,91.8
37T,20,147,2,73.5
37T,21,90,3,30.0
37T,22,90,1,90.0
37T,23,85,2,42.5
37Y,5,18,1,18.0
37Y,6,345,3,115.0
37Y,7,596,2,298.0
37Y,8,487,2,243.5
37Y,9,408,2,204.0
37Y,10,369,1,369.0
37Y,11,415,3,138.3
37Y,12,345,1,345.0
37Y,13,552,2,276.0
37Y,14,487,2,243.5
37Y,15,395,2,197.5
37Y,16,332,3,110.7
37Y,17,459,2,229.5
37Y,18,389,4,97.2
37Y,19,283,4,70.8
37Y,20,315,2,157.5
37Y,21,261,4,65.2
37Y,22,193,3,64.3
37Y,23,160,1,160.0
38,5,53,1,53.0
38,6,383,3,127.7
38,7,736,4,184.0
38,8,719,3,239.7
38,9,433,2,216.5
38,10,281,4,70.2
38,11,383,2,191.5
38,12,511,2,255.5
38,13,376,3,125.3
38,14,278,1,278.0
38,15,451,2,225.5
38,16,337,2,168.5
38,17,379,2,189.5
38,18,336,2,168.0
38,19,371,2,185.5
38,20,290,2,145.0
38,21,213,2,106.5
38,22,131,1,131.0
38B,5,222,3,74.0
38B,6,894,9,99.3
38B,7,1501,10,150.1
38B,8,1411,6,235.2
38B,9,1199,5,239.8
38B,10,1054,7,150.6
38B,11,865,7,123.6
38B,12,1106,4,276.5
38B,13,979,6,163.2
38B,14,866,7,123.7
38B,15,964,5,192.8
38B,16,1020,5,204.0
38B,17,1042,5,208.4
38B,18,1239,10,123.9
38B,19,969,9,107.7
38B,20,851,9,94.6
38B,21,756,8,94.5
38B,22,570,6,95.0
38B,23,380,3,126.7
38E,5,115,1,115.0
38E,6,521,4,130.2
38E,7,697,4,174.2
38E,8,636,3,212.0
38E,9,490,3,163.3
38E,10,480,3,160.0
38E,11,390,3,130.0
38E,12,639,2,319.5
38E,13,489,3,163.0
38E,14,576,5,115.2
38E,15,722,4,180.5
38E,16,578,6,96.3
38E,17,750,4,187.5
38E,18,642,6,107.0
38E,19,674,4,168.5
38E,20,391,5,78.2
38E,21,324,5,64.8
38E,22,280,2,140.0
38E,23,97,1,97.0
38G,6,31,2,15.5
38G,7,124,1,124.0
38G,9,14,1,14.0
38G,10,18,1,18.0
38G,11,45,1,45.0
38G,12,80,2,40.0
38G,13,59,1,59.0
38G,14,144,1,144.0
38G,15,128,2,64.0
38G,17,138,2,69.0
38G,18,63,2,31.5
38G,20,57,2,28.5
38G,21,21,2,10.5
38G,22,45,1,45.0
38H,5,2,1,2.0
38H,6,40,1,40.0
38H,11,8,1,8.0
38H,12,56,1,56.0
38H,13,14,1,14.0
38H,15,21,1,21.0
38H,21,4,1,4.0
38KT,13,28,1,28.0
38KT,14,22,1,22.0
38KT,16,37,1,37.0
38KT,17,24,1,24.0
38KT,18,37,1,37.0
38KT,20,25,1,25.0
38M,5,28,1,28.0
38M,6,31,1,31.0
38M,7,64,1,64.0
38M,15,11,1,11.0
38M,16,44,1,44.0
38T,6,5,1,5.0
38T,9,11,1,11.0
38T,12,14,1,14.0
38T,14,24,1,24.0
38T,15,9,1,9.0
38T,18,23,1,23.0
38Z,5,81,2,40.5
38Z,6,234,3,78.0
38Z,7,348,3,116.0
38Z,8,394,2,197.0
38Z,10,115,2,57.5
38Z,11,248,1,248.0
38Z,13,192,2,96.0
38Z,14,127,2,63.5
38Z,15,253,1,253.0
38Z,16,202,1,202.0
38Z,17,316,1,316.0
38Z,18,235,1,235.0
38Z,19,228,1,228.0
38Z,20,201,1,201.0
39,5,29,1,29.0
39,7,110,2,55.0
39,9,60,1,60.0
39,14,51,1,51.0
39,15,27,1,27.0
39,17,22,1,22.0
39,19,70,1,70.0
39A,6,93,1,93.0
39A,7,69,1,69.0
39A,8,75,1,75.0
39A,10,17,1,17.0
39A,11,62,1,62.0
39A,12,65,1,65.0
39A,14,87,1,87.0
39A,15,103,1,103.0
39A,17,84,1,84.0
39A,18,223,2,111.5
39D,5,41,1,41.0
39D,6,15,1,15.0
39D,7,68,1,68.0
39D,14,19,1,19.0
39D,16,34,2,17.0
39D,17,55,1,55.0
39O,6,43,1,43.0
39O,7,80,1,80.0
39O,8,79,1,79.0
39O,15,89,1,89.0
39O,16,19,1,19.0
39Y,16,67,1,67.0
39Y,19,54,1,54.0
39Y,20,95,1,95.0
39Y,21,43,1,43.0
39Y,22,66,1,66.0
3A,6,84,2,42.0
3A,12,67,1,67.0
3A,13,49,1,49.0
3A,14,49,1,49.0
3A,15,52,1,52.0
3A,17,44,1,44.0
3A,18,57,1,57.0
3A,19,27,1,27.0
3B,6,46,1,46.0
3B,7,39,1,39.0
3B,9,31,1,31.0
3B,11,6,1,6.0
3B,13,43,1,43.0
3B,14,20,1,20.0
3B,16,46,1,46.0
3B,17,41,1,41.0
3B,19,37,1,37.0
3B,20,26,1,26.0
3B,21,17,1,17.0
4,5,18,1,18.0
4,6,254,4,63.5
4,7,455,6,75.8
4,8,536,3,178.7
4,9,339,3,113.0
4,10,502,4,125.5
4,11,336,3,112.0
4,12,448,4,112.0
4,13,460,2,230.0
4,14,458,3,152.7
4,15,567,4,141.8
4,16,579,2,289.5
4,17,508,4,127.0
4,18,437,3,145.7
4,19,410,3,136.7
4,20,338,4,84.5
4,21,263,1,263.0
4,22,194,2,97.0
40,0,51,2,25.5
40,1,65,1,65.0
400A,5,113,3,37.7
400A,6,374,16,23.4
400A,7,1107,27,41.0
400A,8,1346,31,43.4
400A,9,915,23,39.8
400A,10,665,19,35.0
400A,11,694,14,49.6
400A,12,727,14,51.9
400A,13,683,12,56.9
400A,14,667,15,44.5
400A,15,725,15,48.3
400A,16,938,20,46.9
400A,17,807,18,44.8
400A,18,769,19,40.5
400A,19,672,15,44.8
400A,20,472,10,47.2
400A,21,301,8,37.6
400A,22,185,4,46.2
400A,23,41,1,41.0
401,0,24,1,24.0
401,4,7,3,2.3
401,5,94,9,10.4
401,6,511,17,30.1
401,7,1176,31,37.9
401,8,1156,27,42.8
401,9,783,22,35.6
401,10,630,21,30.0
401,11,575,17,33.8
401,12,752,15,50.1
401,13,575,14,41.1
401,14,555,16,34.7
401,15,544,15,36.3
401,16,783,20,39.2
401,17,875,21,41.7
401,18,716,19,37.7
401,19,606,18,33.7
401,20,372,10,37.2
401,21,283,9,31.4
401,22,202,5,40.4
401,23,59,2,29.5
401T,5,81,2,40.5
401T,6,308,8,38.5
401T,7,601,13,46.2
401T,8,666,8,83.2
401T,9,484,11,44.0
401T,10,386,9,42.9
401T,11,334,11,30.4
401T,12,463,9,51.4
401T,13,457,9,50.8
401T,14,688,10,68.8
401T,15,394,12,32.8
401T,16,620,9,68.9
401T,17,569,13,43.8
401T,18,423,9,47.0
401T,19,435,10,43.5
401T,20,257,6,42.8
401T,21,153,6,25.5
401T,22,143,2,71.5
402,6,85,3,28.3
402,7,107,3,35.7
402,8,90,3,30.0
402,9,74,1,74.0
402,10,61,2,30.5
402,11,52,3,17.3
402,12,37,1,37.0
402,13,55,2,27.5
402,14,41,2,20.5
402,15,31,2,15.5
402,16,41,2,20.5
402,17,81,3,27.0
402,18,31,1,31.0
402,19,18,1,18.0
402,20,14,1,14.0
403,5,19,1,19.0
403,6,57,1,57.0
403,7,200,3,66.7
403,8,114,2,57.0
403,9,57,2,28.5
403,10,87,1,87.0
403,11,71,2,35.5
403,12,28,1,28.0
403,13,33,2,16.5
403,14,46,2,23.0
403,15,107,2,53.5
403,16,84,2,42.0
403,17,56,2,28.0
403,18,49,2,24.5
403,19,33,1,33.0
403,20,29,1,29.0
404,5,15,1,15.0
404,7,46,2,23.0
404,8,107,3,35.7
404,9,50,1,50.0
404,11,65,2,32.5
404,12,43,1,43.0
404,13,40,1,40.0
404,14,43,2,21.5
404,15,55,1,55.0
404,16,78,2,39.0
404,17,25,2,12.5
404,18,61,2,30.5
404,19,32,2,16.0
404,20,46,1,46.0
404,21,13,1,13.0
40B,6,155,5,31.0
40B,7,322,5,64.4
40B,8,411,5,82.2
40B,9,285,4,71.2
40B,10,163,4,40.8
40B,11,201,5,40.2
40B,12,295,4,73.8
40B,13,355,4,88.8
40B,14,322,5,64.4
40B,15,289,3,96.3
40B,16,351,4,87.8
40B,17,374,3,124.7
40B,18,386,3,128.7
40B,19,259,4,64.8
40B,20,267,3,89.0
40B,21,179,4,44.8
40B,22,220,4,55.0
40B,23,204,3,68.0
40T,0,75,1,75.0
40T,6,309,6,51.5
40T,7,768,7,109.7
40T,8,977,6,162.8
40T,9,826,4,206.5
40T,10,402,5,80.4
40T,11,520,4,130.0
40T,12,456,4,114.0
40T,13,559,5,111.8
40T,14,723,6,120.5
40T,15,1011,5,202.2
40T,16,928,3,309.3
40T,17,757,4,189.2
40T,18,693,4,173.2
40T,19,539,5,107.8
40T,20,454,4,113.5
40T,21,468,4,117.0
40T,22,347,4,86.8
40T,23,250,4,62.5
418,0,17,1,17.0
418,4,11,3,3.7
418,5,193,8,24.1
418,6,971,21,46.2
418,7,1429,25,57.2
418,8,1834,22,83.4
418,9,1040,20,52.0
418,10,814,15,54.3
418,11,797,15,53.1
418,12,1088,15,72.5
418,13,984,18,54.7
418,14,1009,17,59.4
418,15,1145,17,67.4
418,16,1771,17,104.2
418,17,1609,17,94.6
418,18,1335,15,89.0
418,19,986,15,65.7
418,20,657,13,50.5
418,21,537,12,44.8
418,22,346,10,34.6
418,23,161,6,26.8
41A,6,66,3,22.0
41A,7,162,2,81.0
41A,8,208,2,104.0
41A,9,106,2,53.0
41A,10,108,2,54.0
41A,11,75,1,75.0
41A,12,38,1,38.0
41A,13,76,2,38.0
41A,14,85,1,85.0
41A,15,74,1,74.0
41A,16,104,2,52.0
41A,17,65,2,32.5
41A,18,110,1,110.0
41A,19,69,1,69.0
41A,20,28,1,28.0
41AT,5,53,1,53.0
41AT,6,481,7,68.7
41AT,7,1016,9,112.9
41AT,8,1085,10,108.5
41AT,9,889,9,98.8
41AT,10,910,7,130.0
41AT,11,922,6,153.7
41AT,12,904,5,180.8
41AT,13,987,7,141.0
41AT,14,865,5,173.0
41AT,15,971,5,194.2
41AT,16,729,3,243.0
41AT,17,683,5,136.6
41AT,18,791,5,158.2
41AT,19,673,2,336.5
41AT,20,588,4,147.0
41AT,21,508,5,101.6
41AT,22,572,5,114.4
41AT,23,278,3,92.7
41C,6,695,7,99.3
41C,7,1502,11,136.5
41C,8,1482,10,148.2
41C,9,979,9,108.8
41C,10,668,9,74.2
41C,11,863,9,95.9
41C,12,927,9,103.0
41C,13,939,9,104.3
41C,14,1105,9,122.8
41C,15,1535,8,191.9
41C,16,1261,10,126.1
41C,17,1366,8,170.8
41C,18,1626,6,271.0
41C,19,968,7,138.3
41C,20,554,6,92.3
41C,21,442,4,110.5
41C,22,281,2,140.5
41C,23,104,3,34.7
41E,5,48,1,48.0
41E,6,375,7,53.6
41E,7,1103,6,183.8
41E,8,1126,6,187.7
41E,9,810,5,162.0
41E,10,680,6,113.3
41E,11,889,5,177.8
41E,12,874,5,174.8
41E,13,803,5,160.6
41E,14,662,5,132.4
41E,15,1105,4,276.2
41E,16,751,2,375.5
41E,17,550,4,137.5
41E,18,657,3,219.0
41E,19,612,3,204.0
41E,20,510,3,170.0
41E,21,527,6,87.8
41E,22,295,6,49.2
41E,23,163,3,54.3
41N,7,66,3,22.0
41N,8,81,3,27.0
41N,9,297,5,59.4
41N,10,249,6,41.5
41N,11,284,5,56.8
41N,12,414,5,82.8
41N,13,471,5,94.2
41N,14,450,3,150.0
41N,15,262,3,87.3
41N,16,199,2,99.5
41N,17,183,3,61.0
41N,18,187,2,93.5
41N,19,98,3,32.7
41N,20,95,3,31.7
41N,21,49,2,24.5
41N,22,15,1,15.0
41SF,6,188,4,47.0
41SF,7,338,3,112.7
41SF,8,305,3,101.7
41SF,9,248,4,62.0
41SF,10,194,3,64.7
41SF,11,90,4,22.5
41SF,12,154,3,51.3
41SF,13,155,4,38.8
41SF,14,120,2,60.0
41SF,15,343,3,114.3
41SF,16,192,2,96.0
41SF,17,191,3,63.7
41SF,18,137,3,45.7
41SF,19,119,4,29.8
41SF,20,113,3,37.7
41SF,21,119,5,23.8
41SF,22,96,2,48.0
41SM,6,86,2,43.0
41SM,7,132,1,132.0
41SM,8,100,3,33.3
41SM,9,48,2,24.0
41SM,10,14,2,7.0
41SM,11,21,1,21.0
41SM,12,16,2,8.0
41SM,13,1,1,1.0
41SM,14,2,1,2.0
41SM,15,63,2,31.5
41SM,16,18,2,9.0
41SM,17,38,2,19.0
41SM,18,30,2,15.0
41SM,19,16,1,16.0
41SM,20,5,1,5.0
41SM,21,8,2,4.0
41SM,22,43,1,43.0
41ST,5,6,1,6.0
41ST,6,503,11,45.7
41ST,7,1672,14,119.4
41ST,8,1778,10,177.8
41ST,9,1417,10,141.7
41ST,10,1215,9,135.0
41ST,11,1238,11,112.5
41ST,12,1423,12,118.6
41ST,13,1375,9,152.8
41ST,14,1160,12,96.7
41ST,15,1396,10,139.6
41ST,16,1143,12,95.2
41ST,17,1372,10,137.2
41ST,18,1345,11,122.3
41ST,19,917,8,114.6
41ST,20,777,10,77.7
41ST,21,503,7,71.9
41ST,22,367,6,61.2
41ST,23,171,2,85.5
42,6,9,1,9.0
42,8,52,1,52.0
42,15,29,1,29.0
42,17,37,1,37.0
429A,0,56,2,28.0
429A,4,28,2,14.0
429A,5,248,7,35.4
429A,6,926,23,40.3
429A,7,1459,31,47.1
429A,8,1559,25,62.4
429A,9,957,18,53.2
429A,10,698,20,34.9
429A,11,783,22,35.6
429A,12,828,16,51.8
429A,13,824,14,58.9
429A,14,703,16,43.9
429A,15,941,21,44.8
429A,16,1111,18,61.7
429A,17,1048,24,43.7
429A,18,955,20,47.8
429A,19,1035,28,37.0
429A,20,691,19,36.4
429A,21,530,15,35.3
429A,22,416,12,34.7
429A,23,229,4,57.2
42HM,6,110,6,18.3
42HM,7,480,11,43.6
42HM,8,506,12,42.2
42HM,9,314,7,44.9
42HM,10,304,7,43.4
42HM,11,243,7,34.7
42HM,12,370,7,52.9
42HM,13,365,7,52.1
42HM,14,333,8,41.6
42HM,15,588,11,53.5
42HM,16,540,9,60.0
42HM,17,479,12,39.9
42HM,18,492,9,54.7
42HM,19,361,10,36.1
42HM,20,235,10,23.5
42HM,21,236,7,33.7
42HM,22,177,5,35.4
42HM,23,62,4,15.5
42K,6,14,1,14.0
42K,7,25,1,25.0
42K,8,47,1,47.0
42K,9,26,1,26.0
42K,10,33,1,33.0
42K,11,46,1,46.0
42K,12,39,1,39.0
42K,13,57,1,57.0
42K,14,41,1,41.0
42K,15,38,1,38.0
42K,17,32,1,32.0
42K,18,57,1,57.0
42K,19,66,1,66.0
42K,20,33,1,33.0
42K,21,34,1,34.0
42KT,6,93,3,31.0
42KT,7,199,3,66.3
42KT,8,143,2,71.5
42KT,9,99,3,33.0
42KT,10,106,1,106.0
42KT,11,123,2,61.5
42KT,12,145,3,48.3
42KT,13,136,2,68.0
42KT,14,110,2,55.0
42KT,15,184,2,92.0
42KT,16,138,3,46.0
42KT,18,157,1,157.0
42KT,19,142,3,47.3
42KT,20,97,2,48.5
42KT,21,73,2,36.5
42KT,22,17,1,17.0
42KT,23,14,1,14.0
42M,5,33,1,33.0
42M,6,97,1,97.0
42M,7,143,2,71.5
42M,8,121,1,121.0
42M,9,47,1,47.0
42M,16,41,1,41.0
42M,17,62,2,31.0
42M,18,24,1,24.0
42M,19,57,1,57.0
42T,6,115,4,28.8
42T,7,364,5,72.8
42T,8,319,4,79.8
42T,9,295,4,73.8
42T,10,228,4,57.0
42T,11,242,5,48.4
42T,12,280,4,70.0
42T,13,270,4,67.5
42T,14,293,4,73.2
42T,15,360,3,120.0
42T,16,257,2,128.5
42T,18,258,3,86.0
42T,19,188,3,62.7
42T,20,84,2,42.0
42T,21,71,1,71.0
42T,22,127,3,42.3
42T,23,49,1,49.0
42Z,6,76,3,25.3
42Z,7,162,2,81.0
42Z,8,92,1,92.0
42Z,10,27,2,13.5
42Z,11,45,1,45.0
42Z,12,32,1,32.0
42Z,13,24,1,24.0
42Z,14,23,1,23.0
42Z,15,51,1,51.0
42Z,16,115,2,57.5
42Z,17,118,2,59.0
42Z,18,136,2,68.0
42Z,20,49,1,49.0
42Z,21,2,1,2.0
43R,6,148,4,37.0
43R,7,673,4,168.2
43R,8,723,2,361.5
43R,9,544,3,181.3
43R,10,399,4,99.8
43R,11,452,3,150.7
43R,12,431,3,143.7
43R,13,382,1,382.0
43R,14,478,4,119.5
43R,15,429,1,429.0
43R,16,467,3,155.7
43R,17,389,1,389.0
43R,18,349,2,174.5
43R,19,300,2,150.0
43R,20,242,2,121.0
43R,21,172,1,172.0
448,0,26,1,26.0
448,5,115,8,14.4
448,6,366,14,26.1
448,7,862,20,43.1
448,8,1098,18,61.0
448,9,645,17,37.9
448,10,533,14,38.1
448,11,584,13,44.9
448,12,622,16,38.9
448,13,616,11,56.0
448,14,618,13,47.5
448,15,696,16,43.5
448,16,1077,18,59.8
448,17,801,17,47.1
448,18,780,14,55.7
448,19,635,13,48.8
448,20,445,11,40.5
448,21,319,8,39.9
448,22,235,5,47.0
448,23,104,3,34.7
458,0,22,1,22.0
458,5,171,6,28.5
458,6,328,7,46.9
458,7,821,13,63.2
458,8,1213,10,121.3
458,9,516,8,64.5
458,10,357,6,59.5
458,11,451,6,75.2
458,12,624,8,78.0
458,13,493,9,54.8
458,14,437,11,39.7
458,15,608,10,60.8
458,16,755,10,75.5
458,17,621,12,51.8
458,18,567,12,47.2
458,19,577,10,57.7
458,20,396,11,36.0
458,21,299,11,27.2
458,22,266,6,44.3
458,23,146,4,36.5
46T,6,210,6,35.0
46T,7,496,6,82.7
46T,8,520,4,130.0
46T,9,349,6,58.2
46T,10,261,5,52.2
46T,11,322,4,80.5
46T,12,250,3,83.3
46T,13,200,4,50.0
46T,14,261,3,87.0
46T,15,306,4,76.5
46T,16,279,3,93.0
46T,17,294,5,58.8
46T,18,287,3,95.7
46T,19,200,3,66.7
46T,20,147,1,147.0
46T,21,119,3,39.7
46T,22,184,4,46.0
46T,23,103,1,103.0
46Ç,6,71,3,23.7
46Ç,7,246,2,123.0
46Ç,8,314,3,104.7
46Ç,9,280,2,140.0
46Ç,10,171,1,171.0
46Ç,11,164,3,54.7
46Ç,12,300,1,300.0
46Ç,13,211,2,105.5
46Ç,14,268,3,89.3
46Ç,15,264,2,132.0
46Ç,16,220,2,110.0
46Ç,17,288,2,144.0
46Ç,18,212,1,212.0
46Ç,19,229,2,114.5
46Ç,20,199,5,39.8
46Ç,21,125,3,41.7
46Ç,22,98,3,32.7
47E,7,48,1,48.0
47E,9,35,1,35.0
47E,11,27,1,27.0
47E,14,44,1,44.0
47E,15,84,1,84.0
47E,16,58,1,58.0
47E,17,27,1,27.0
47E,19,30,1,30.0
47E,20,49,1,49.0
47E,21,16,1,16.0
47E,22,70,1,70.0
47F,6,27,1,27.0
47F,7,84,2,42.0
47F,8,16,1,16.0
47F,9,89,1,89.0
47F,10,83,1,83.0
47F,11,104,1,104.0
47F,12,76,1,76.0
47F,13,20,1,20.0
47F,14,12,1,12.0
47F,15,25,1,25.0
47F,16,42,1,42.0
47F,17,18,1,18.0
47F,18,31,1,31.0
47F,20,8,1,8.0
47F,21,12,1,12.0
47L,5,40,1,40.0
47L,6,427,6,71.2
47L,7,668,4,167.0
47L,8,933,4,233.2
47L,9,575,4,143.8
47L,10,349,4,87.2
47L,11,425,5,85.0
47L,12,469,4,117.2
47L,13,422,5,84.4
47L,14,376,3,125.3
47L,15,555,5,111.0
47L,16,557,6,92.8
47L,17,528,5,105.6
47L,18,643,4,160.8
47L,19,456,5,91.2
47L,20,383,4,95.8
47L,21,223,3,74.3
47L,22,225,4,56.2
47L,23,146,2,73.0
48,5,16,1,16.0
48,6,221,4,55.2
48,7,501,6,83.5
48,8,486,7,69.4
48,9,355,6,59.2
48,10,156,3,52.0
48,11,193,4,48.2
48,12,145,4,36.2
48,13,184,2,92.0
48,14,181,4,45.2
48,15,271,3,90.3
48,16,311,4,77.8
48,17,274,3,91.3
48,18,199,3,66.3
48,19,245,3,81.7
48,20,124,4,31.0
48,21,126,2,63.0
48,22,147,3,49.0
48,23,38,1,38.0
48A,5,37,1,37.0
48A,6,243,2,121.5
48A,7,407,5,81.4
48A,8,428,2,214.0
48A,9,319,3,106.3
48A,10,157,2,78.5
48A,11,195,2,97.5
48A,12,156,2,78.0
48A,13,170,1,170.0
48A,14,119,2,59.5
48A,15,193,3,64.3
48A,16,273,3,91.0
48A,17,306,3,102.0
48A,18,394,3,131.3
48A,19,253,2,126.5
48A,20,118,1,118.0
48A,21,80,2,40.0
48A,22,110,3,36.7
48A,23,47,2,23.5
48D,7,85,1,85.0
48D,9,30,1,30.0
48D,10,22,1,22.0
48D,11,24,1,24.0
48D,12,26,1,26.0
48D,13,25,1,25.0
48D,14,25,1,25.0
48D,15,35,2,17.5
48D,17,27,1,27.0
48D,18,64,1,64.0
48D,19,113,1,113.0
48D,20,106,1,106.0
48D,21,43,1,43.0
48G,6,30,2,15.0
48G,7,29,2,14.5
48G,8,40,2,20.0
48G,9,35,1,35.0
48G,10,11,1,11.0
48G,11,25,1,25.0
48G,12,28,1,28.0
48G,13,25,1,25.0
48G,15,31,1,31.0
48G,16,29,2,14.5
48G,17,67,2,33.5
48G,18,30,2,15.0
48G,19,30,2,15.0
48G,20,14,1,14.0
48G,21,10,1,10.0
48H,5,26,1,26.0
48H,6,130,2,65.0
48H,7,323,3,107.7
48H,8,269,2,134.5
48H,9,135,1,135.0
48H,10,137,2,68.5
48H,11,112,2,56.0
48H,12,108,1,108.0
48H,13,180,2,90.0
48H,14,128,2,64.0
48H,15,243,2,121.5
48H,16,163,1,163.0
48H,17,145,2,72.5
48H,18,198,2,99.0
48H,19,92,1,92.0
48H,20,148,2,74.0
48H,21,97,3,32.3
48H,22,60,2,30.0
48K,6,2,2,1.0
48K,7,62,1,62.0
48K,8,82,1,82.0
48K,9,57,1,57.0
48K,10,23,1,23.0
48K,11,65,1,65.0
48K,12,65,1,65.0
48K,13,40,1,40.0
48K,14,43,1,43.0
48K,15,33,1,33.0
48K,16,110,1,110.0
48K,17,44,1,44.0
48K,18,49,1,49.0
48K,19,63,2,31.5
48K,20,27,1,27.0
48K,21,3,1,3.0
48KA,5,4,1,4.0
48KA,6,136,2,68.0
48KA,7,239,2,119.5
48KA,8,192,3,64.0
48KA,9,110,2,55.0
48KA,10,126,3,42.0
48KA,11,140,3,46.7
48KA,12,162,2,81.0
48KA,13,72,1,72.0
48KA,14,125,3,41.7
48KA,15,87,2,43.5
48KA,16,59,2,29.5
48KA,17,213,3,71.0
48KA,18,150,2,75.0
48KA,19,140,3,46.7
48KA,20,120,3,40.0
48KA,21,97,3,32.3
48KA,22,88,3,29.3
48L,6,126,5,25.2
48L,7,141,6,23.5
48L,8,155,5,31.0
48L,9,111,4,27.8
48L,10,78,4,19.5
48L,11,50,6,8.3
48L,12,99,3,33.0
48L,13,79,5,15.8
48L,14,79,3,26.3
48L,15,102,4,25.5
48L,16,179,4,44.8
48L,17,202,4,50.5
48L,18,218,2,109.0
48L,19,123,3,41.0
48L,20,85,4,21.2
48L,21,50,4,12.5
48L,22,16,1,16.0
48L,23,12,1,12.0
48M,6,165,1,165.0
48M,7,140,1,140.0
48M,8,194,1,194.0
48M,9,102,1,102.0
48M,10,52,1,52.0
48M,11,25,1,25.0
48M,12,49,1,49.0
48M,13,124,1,124.0
48M,15,72,1,72.0
48M,16,47,1,47.0
48M,17,67,1,67.0
48M,18,65,1,65.0
48M,20,30,1,30.0
48M,21,44,1,44.0
48M,22,3,1,3.0
48N,5,32,1,32.0
48N,6,234,3,78.0
48N,7,817,7,116.7
48N,8,821,4,205.2
48N,9,435,4,108.8
48N,10,396,3,132.0
48N,11,382,4,95.5
48N,12,388,4,97.0
48N,13,393,4,98.2
48N,14,415,2,207.5
48N,15,520,3,173.3
48N,16,602,4,150.5
48N,17,599,3,199.7
48N,18,732,4,183.0
48N,19,522,2,261.0
48N,20,357,2,178.5
48N,21,204,4,51.0
48N,22,181,3,60.3
48N,23,90,1,90.0
48P,6,23,3,7.7
48P,7,97,2,48.5
48P,8,70,2,35.0
48P,9,45,2,22.5
48P,10,43,2,21.5
48P,11,20,2,10.0
48P,12,49,2,24.5
48P,13,32,3,10.7
48P,14,31,2,15.5
48P,15,38,1,38.0
48P,16,60,2,30.0
48P,17,95,2,47.5
48P,18,48,2,24.0
48P,19,27,2,13.5
48P,20,15,2,7.5
48P,21,14,2,7.0
48P,22,18,2,9.0
48S,6,20,1,20.0
48S,7,70,1,70.0
48S,8,62,1,62.0
48T,6,131,3,43.7
48T,7,350,4,87.5
48T,8,392,2,196.0
48T,9,133,3,44.3
48T,10,134,2,67.0
48T,11,202,3,67.3
48T,12,143,3,47.7
48T,13,170,3,56.7
48T,14,180,5,36.0
48T,15,300,3,100.0
48T,16,183,4,45.8
48T,17,389,4,97.2
48T,18,389,4,97.2
48T,19,144,4,36.0
48T,20,169,4,42.2
48T,21,108,3,36.0
48T,22,108,4,27.0
48T,23,76,1,76.0
48U,7,15,1,15.0
48U,8,9,2,4.5
48U,9,4,2,2.0
48U,10,12,2,6.0
48U,11,6,1,6.0
48U,12,12,2,6.0
48U,13,4,1,4.0
48U,14,24,3,8.0
48U,15,6,2,3.0
48U,16,12,2,6.0
48U,17,11,1,11.0
48U,18,11,1,11.0
48U,19,5,1,5.0
48U,20,20,2,10.0
49,0,32,1,32.0
49,5,82,1,82.0
49,6,304,3,101.3
49,7,622,2,311.0
49,8,324,1,324.0
49,9,340,2,170.0
49,10,215,1,215.0
49,11,192,1,192.0
49,12,150,1,150.0
49,13,151,1,151.0
49,14,137,1,137.0
49,15,154,1,154.0
49,16,192,1,192.0
49,17,237,1,237.0
49,18,302,1,302.0
49,19,253,2,126.5
49,20,270,1,270.0
49,21,194,2,97.0
49,22,125,3,41.7
49,23,120,3,40.0
49A,5,19,1,19.0
49A,7,97,1,97.0
49A,10,56,1,56.0
49G,0,26,2,13.0
49G,5,140,2,70.0
49G,6,338,2,169.0
49G,7,670,3,223.3
49G,8,533,2,266.5
49G,9,472,3,157.3
49G,10,426,2,213.0
49G,11,407,2,203.5
49G,12,496,2,248.0
49G,13,393,2,196.5
49G,14,239,1,239.0
49G,15,395,5,79.0
49G,16,281,1,281.0
49G,17,223,1,223.0
49G,18,379,2,189.5
49G,19,353,1,353.0
49G,20,259,3,86.3
49G,21,203,3,67.7
49G,22,200,4,50.0
49G,23,172,3,57.3
49GB,5,37,2,18.5
49GB,6,563,8,70.4
49GB,7,751,6,125.2
49GB,8,692,3,230.7
49GB,9,418,2,209.0
49GB,10,140,2,70.0
49GB,11,111,1,111.0
49GB,12,29,1,29.0
49GB,13,25,1,25.0
49GB,14,81,1,81.0
49GB,15,292,2,146.0
49GB,16,351,5,70.2
49GB,17,392,3,130.7
49GB,18,413,1,413.0
49GB,19,248,2,124.0
49GB,20,197,1,197.0
49GB,21,29,1,29.0
49K,6,39,1,39.0
49K,7,91,1,91.0
49K,15,27,1,27.0
49K,16,27,1,27.0
49T,8,35,1,35.0
49T,11,74,1,74.0
49T,13,52,1,52.0
49T,15,32,1,32.0
49T,16,40,1,40.0
49T,18,43,1,43.0
49T,19,22,1,22.0
49T,20,48,1,48.0
49T,21,23,1,23.0
49T,22,19,1,19.0
49T,23,60,1,60.0
49Y,5,58,1,58.0
49Y,7,83,1,83.0
49Y,16,66,1,66.0
49Y,17,37,1,37.0
49Z,0,2,1,2.0
49Z,5,42,1,42.0
49Z,6,461,6,76.8
49Z,7,633,6,105.5
49Z,8,737,4,184.2
49Z,9,301,3,100.3
49Z,10,141,3,47.0
49Z,11,202,2,101.0
49Z,12,151,1,151.0
49Z,13,180,2,90.0
49Z,14,150,2,75.0
49Z,15,325,6,54.2
49Z,16,426,7,60.9
49Z,17,426,6,71.0
49Z,18,528,6,88.0
49Z,19,390,4,97.5
49Z,20,246,5,49.2
49Z,21,95,5,19.0
49Z,22,119,5,23.8
49Z,23,29,4,7.2
5,6,35,1,35.0
5,7,22,1,22.0
5,8,36,1,36.0
5,16,27,1,27.0
5,17,17,1,17.0
5,18,29,1,29.0
500L,5,30,1,30.0
500L,6,62,4,15.5
500L,7,481,11,43.7
500L,8,378,9,42.0
500L,9,256,6,42.7
500L,10,246,4,61.5
500L,11,97,3,32.3
500L,12,47,3,15.7
500L,13,81,4,20.2
500L,14,111,3,37.0
500L,15,151,6,25.2
500L,16,129,7,18.4
500L,17,265,8,33.1
500L,18,394,7,56.3
500L,20,166,3,55.3
500L,21,95,2,47.5
500T,0,215,1,215.0
500T,4,56,6,9.3
500T,5,735,19,38.7
500T,6,2163,19,113.8
500T,7,3327,15,221.8
500T,8,3469,12,289.1
500T,9,2586,12,215.5
500T,10,1890,16,118.1
500T,11,2164,16,135.2
500T,12,2456,19,129.3
500T,13,2430,17,142.9
500T,14,2366,20,118.3
500T,15,2626,16,164.1
500T,16,2605,9,289.4
500T,17,2223,16,138.9
500T,18,2236,10,223.6
500T,19,1593,11,144.8
500T,20,1495,18,83.1
500T,21,1193,10,119.3
500T,22,836,7,119.4
500T,23,542,4,135.5
50A,5,57,2,28.5
50A,6,523,7,74.7
50A,7,1036,5,207.2
50A,8,747,4,186.8
50A,9,603,5,120.6
50A,10,683,5,136.6
50A,11,682,5,136.4
50A,12,873,5,174.6
50A,13,735,3,245.0
50A,14,518,4,129.5
50A,15,653,3,217.7
50A,16,683,4,170.8
50A,17,597,3,199.0
50A,18,866,4,216.5
50A,19,714,4,178.5
50A,20,495,3,165.0
50A,21,338,4,84.5
50AC,5,82,2,41.0
50AC,6,388,6,64.7
50AC,7,841,5,168.2
50AC,8,715,4,178.8
50AC,9,449,4,112.2
50AC,10,377,4,94.2
50AC,11,353,4,88.2
50AC,12,492,3,164.0
50AC,13,399,4,99.8
50AC,14,445,4,111.2
50AC,15,507,3,169.0
50AC,16,495,4,123.8
50AC,17,506,3,168.7
50AC,18,564,4,141.0
50AC,19,547,3,182.3
50AC,20,325,4,81.2
50AC,21,271,3,90.3
50AC,22,192,3,64.0
50AC,23,81,1,81.0
50B,6,267,4,66.8
50B,7,591,5,118.2
50B,8,636,5,127.2
50B,9,453,4,113.2
50B,10,430,5,86.0
50B,11,490,3,163.3
50B,12,302,2,151.0
50B,13,239,3,79.7
50B,14,343,6,57.2
50B,15,422,6,70.3
50B,16,332,4,83.0
50B,17,268,4,67.0
50B,18,467,5,93.4
50B,19,321,5,64.2
50B,20,229,4,57.2
50B,21,179,4,44.8
50B,22,154,5,30.8
50B,23,63,2,31.5
50C,6,61,2,30.5
50C,7,137,2,68.5
50C,8,140,2,70.0
50C,9,109,2,54.5
50C,10,65,2,32.5
50C,11,62,2,31.0
50C,12,74,1,74.0
50C,13,100,2,50.0
50C,14,87,3,29.0
50C,15,103,1,103.0
50C,16,71,2,35.5
50C,17,57,2,28.5
50C,18,131,1,131.0
50C,19,90,2,45.0
50C,20,47,2,23.5
50C,21,29,3,9.7
50C,22,37,2,18.5
50D,5,3,2,1.5
50D,6,277,12,23.1
50D,7,1166,16,72.9
50D,8,1144,14,81.7
50D,9,1001,12,83.4
50D,10,723,13,55.6
50D,11,723,11,65.7
50D,12,911,14,65.1
50D,13,943,12,78.6
50D,14,828,12,69.0
50D,15,874,14,62.4
50D,16,1050,11,95.5
50D,17,794,9,88.2
50D,18,1013,12,84.4
50D,19,735,12,61.2
50D,20,545,13,41.9
50D,21,323,7,46.1
50D,22,269,6,44.8
50D,23,158,2,79.0
50E,6,474,11,43.1
50E,7,841,15,56.1
50E,8,1001,14,71.5
50E,9,883,11,80.3
50E,10,621,8,77.6
50E,11,563,7,80.4
50E,12,708,6,118.0
50E,13,667,6,111.2
50E,14,505,7,72.1
50E,15,590,6,98.3
50E,16,582,4,145.5
50E,17,652,5,130.4
50E,18,484,3,161.3
50E,19,306,4,76.5
50E,20,256,4,64.0
50E,21,139,4,34.8
50E,22,85,3,28.3
50E,23,37,1,37.0
50G,6,246,6,41.0
50G,7,858,10,85.8
50G,8,643,10,64.3
50G,9,538,7,76.9
50G,10,359,8,44.9
50G,11,513,7,73.3
50G,12,430,9,47.8
50G,13,485,8,60.6
50G,14,366,8,45.8
50G,15,511,8,63.9
50G,16,658,7,94.0
50G,17,598,6,99.7
50G,18,475,8,59.4
50G,19,377,7,53.9
50G,20,331,6,55.2
50G,21,288,6,48.0
50G,22,311,7,44.4
50G,23,88,3,29.3
50K,6,345,6,57.5
50K,7,597,6,99.5
50K,8,435,5,87.0
50K,9,343,5,68.6
50K,10,233,4,58.2
50K,11,269,4,67.2
50K,12,399,6,66.5
50K,13,437,5,87.4
50K,14,429,6,71.5
50K,15,485,6,80.8
50K,16,430,6,71.7
50K,17,413,5,82.6
50K,18,382,6,63.7
50K,19,334,6,55.7
50K,20,265,5,53.0
50K,21,268,6,44.7
50K,22,116,2,58.0
50K,23,16,1,16.0
50L,6,73,3,24.3
50L,7,178,4,44.5
50L,8,153,3,51.0
50L,9,117,4,29.2
50L,10,93,3,31.0
50L,11,138,4,34.5
50L,12,121,4,30.2
50L,13,147,4,36.8
50L,14,113,3,37.7
50L,15,96,4,24.0
50L,16,142,3,47.3
50L,17,156,3,52.0
50L,18,117,3,39.0
50L,19,95,4,23.8
50L,20,73,2,36.5
50L,21,83,4,20.8
50L,22,74,4,18.5
50L,23,42,1,42.0
50N,6,233,3,77.7
50N,7,207,1,207.0
50N,8,373,2,186.5
50N,9,204,2,102.0
50N,10,126,2,63.0
50N,11,210,2,105.0
50N,12,252,3,84.0
50N,13,324,1,324.0
50N,14,297,3,99.0
50N,15,313,2,156.5
50N,16,260,2,130.0
50N,17,394,3,131.3
50N,18,310,2,155.0
50N,19,351,2,175.5
50N,20,170,2,85.0
50N,21,126,3,42.0
50N,22,254,5,50.8
50N,23,46,1,46.0
50P,5,23,2,11.5
50P,6,263,4,65.8
50P,7,936,8,117.0
50P,8,919,3,306.3
50P,9,550,4,137.5
50P,10,696,6,116.0
50P,11,767,2,383.5
50P,12,663,4,165.8
50P,13,700,4,175.0
50P,14,853,4,213.2
50P,15,777,6,129.5
50P,16,731,7,104.4
50P,17,704,7,100.6
50P,18,788,6,131.3
50P,19,474,5,94.8
50P,20,486,7,69.4
50P,21,412,5,82.4
50P,22,349,4,87.2
50P,23,94,2,47.0
50R,6,219,3,73.0
50R,7,407,5,81.4
50R,8,406,5,81.2
50R,9,246,5,49.2
50R,10,91,5,18.2
50R,11,94,5,18.8
50R,12,155,5,31.0
50R,13,90,5,18.0
50R,14,196,5,39.2
50R,15,179,2,89.5
50R,16,169,4,42.2
50R,17,152,4,38.0
50R,18,192,3,64.0
50R,19,139,4,34.8
50R,20,89,5,17.8
50R,21,74,4,18.5
50R,22,49,3,16.3
50R,23,21,1,21.0
50S,6,218,5,43.6
50S,7,678,7,96.9
50S,8,608,6,101.3
50S,9,420,5,84.0
50S,10,362,5,72.4
50S,11,380,4,95.0
50S,12,312,4,78.0
50S,13,366,5,73.2
50S,14,510,4,127.5
50S,15,294,4,73.5
50S,16,398,4,99.5
50S,17,264,3,88.0
50S,18,350,3,116.7
50S,19,227,3,75.7
50S,20,150,4,37.5
50S,21,107,6,17.8
50S,22,70,5,14.0
50S,23,18,1,18.0
50T,6,7,1,7.0
50T,7,38,3,12.7
50T,8,24,2,12.0
50T,9,33,3,11.0
50T,10,11,2,5.5
50T,11,17,2,8.5
50T,12,10,4,2.5
50T,13,26,2,13.0
50T,14,17,2,8.5
50T,15,19,2,9.5
50T,16,39,3,13.0
50T,17,58,3,19.3
50T,18,119,3,39.7
50T,19,43,2,21.5
50T,20,20,3,6.7
50T,21,19,3,6.3
50T,22,3,1,3.0
50V,6,173,4,43.2
50V,7,549,4,137.2
50V,8,537,2,268.5
50V,9,283,3,94.3
50V,10,363,3,121.0
50V,11,329,2,164.5
50V,12,341,3,113.7
50V,13,314,2,157.0
50V,14,219,2,109.5
50V,15,408,3,136.0
50V,16,378,3,126.0
50V,17,419,3,139.7
50V,18,529,2,264.5
50V,19,548,3,182.7
50V,20,185,3,61.7
50V,21,133,3,44.3
50V,22,147,3,49.0
50V,23,38,1,38.0
50Y,6,114,5,22.8
50Y,7,507,7,72.4
50Y,8,367,8,45.9
50Y,9,415,7,59.3
50Y,10,312,7,44.6
50Y,11,430,7,61.4
50Y,12,453,7,64.7
50Y,13,488,6,81.3
50Y,14,414,7,59.1
50Y,15,433,6,72.2
50Y,16,350,6,58.3
50Y,17,293,6,48.8
50Y,18,282,5,56.4
50Y,19,228,5,45.6
50Y,20,322,7,46.0
50Y,21,215,7,30.7
50Y,22,150,5,30.0
50Y,23,98,2,49.0
522,4,19,1,19.0
522,5,385,5,77.0
522,6,833,10,83.3
522,7,1136,11,103.3
522,8,1225,8,153.1
522,9,881,7,125.9
522,10,885,10,88.5
522,11,795,8,99.4
522,12,1111,10,111.1
522,13,1054,6,175.7
522,14,988,9,109.8
522,15,1071,7,153.0
522,16,911,6,151.8
522,17,939,7,134.1
522,18,808,6,134.7
522,19,965,5,193.0
522,20,759,5,151.8
522,21,464,5,92.8
522,22,475,3,158.3
522,23,372,3,124.0
522B,5,120,2,60.0
522B,6,285,2,142.5
522B,7,334,3,111.3
522B,8,272,3,90.7
522B,9,196,2,98.0
522B,10,259,4,64.8
522B,11,306,4,76.5
522B,12,249,3,83.0
522B,13,209,4,52.2
522B,14,353,3,117.7
522B,15,294,3,98.0
522B,16,300,4,75.0
522B,17,145,2,72.5
522B,18,253,3,84.3
522B,19,281,3,93.7
522B,20,183,2,91.5
522B,21,173,3,57.7
522B,22,171,2,85.5
522B,23,55,1,55.0
522ST,0,165,1,165.0
522ST,1,5,1,5.0
522ST,4,31,2,15.5
522ST,5,502,7,71.7
522ST,6,852,10,85.2
522ST,7,1015,12,84.6
522ST,8,1421,10,142.1
522ST,9,1095,9,121.7
522ST,10,920,12,76.7
522ST,11,1260,10,126.0
522ST,12,1413,10,141.3
522ST,13,1296,11,117.8
522ST,14,1205,10,120.5
522ST,15,1242,11,112.9
522ST,16,1360,10,136.0
522ST,17,1092,9,121.3
522ST,18,1299,9,144.3
522ST,19,1083,7,154.7
522ST,20,940,4,235.0
522ST,21,641,6,106.8
522ST,22,544,5,108.8
522ST,23,307,3,102.3
54E,6,96,2,48.0
54E,7,280,2,140.0
54E,8,242,2,121.0
54E,9,124,2,62.0
54E,10,139,1,139.0
54E,11,104,1,104.0
54E,12,89,2,44.5
54E,14,148,2,74.0
54E,15,185,1,185.0
54E,16,98,1,98.0
54E,17,159,1,159.0
54E,18,166,2,83.0
54E,19,120,1,120.0
54E,20,92,4,23.0
54E,21,50,2,25.0
54E,22,50,1,50.0
54HT,6,213,6,35.5
54HT,7,467,8,58.4
54HT,8,567,7,81.0
54HT,9,232,6,38.7
54HT,10,176,6,29.3
54HT,11,248,6,41.3
54HT,12,260,6,43.3
54HT,13,313,5,62.6
54HT,14,356,5,71.2
54HT,15,375,6,62.5
54HT,16,320,5,64.0
54HT,17,285,4,71.2
54HT,18,252,4,63.0
54HT,19,227,3,75.7
54HT,20,144,3,48.0
54HT,21,61,2,30.5
54K,5,95,1,95.0
54K,6,428,5,85.6
54K,7,854,6,142.3
54K,8,874,5,174.8
54K,9,833,4,208.2
54K,10,533,3,177.7
54K,11,589,3,196.3
54K,12,474,3,158.0
54K,13,680,3,226.7
54K,14,398,3,132.7
54K,15,461,2,230.5
54K,16,555,2,277.5
54K,17,349,3,116.3
54K,18,503,3,167.7
54K,19,348,2,174.0
54K,20,172,5,34.4
54K,21,255,6,42.5
54K,22,234,5,46.8
54K,23,79,1,79.0
54KT,6,41,1,41.0
54P,7,94,2,47.0
54P,8,22,1,22.0
54P,9,82,1,82.0
54P,11,76,1,76.0
54P,12,78,1,78.0
54P,14,26,1,26.0
54P,16,38,1,38.0
54P,19,47,1,47.0
54P,21,40,1,40.0
54T,6,32,1,32.0
54T,8,142,1,142.0
54T,9,27,1,27.0
54Ç,6,103,3,34.3
54Ç,7,376,4,94.0
54Ç,8,261,3,87.0
54Ç,9,201,3,67.0
54Ç,10,142,3,47.3
54Ç,11,157,3,52.3
54Ç,12,253,2,126.5
54Ç,13,174,2,87.0
54Ç,14,245,2,122.5
54Ç,15,263,3,87.7
54Ç,16,263,2,131.5
54Ç,17,205,1,205.0
54Ç,18,158,2,79.0
54Ç,19,196,2,98.0
54Ç,20,137,5,27.4
54Ç,21,202,4,50.5
54Ç,22,110,2,55.0
54ÖR,6,250,4,62.5
54ÖR,7,390,3,130.0
54ÖR,8,439,4,109.8
54ÖR,9,469,2,234.5
54ÖR,10,283,2,141.5
54ÖR,11,240,3,80.0
54ÖR,12,308,3,102.7
54ÖR,13,388,2,194.0
54ÖR,14,391,2,195.5
54ÖR,15,337,2,168.5
54ÖR,16,327,2,163.5
54ÖR,17,349,2,174.5
54ÖR,18,318,2,159.0
54ÖR,19,334,2,167.0
54ÖR,20,256,3,85.3
54ÖR,21,209,5,41.8
54ÖR,22,96,2,48.0
55,5,57,1,57.0
55,6,505,5,101.0
55,7,1059,6,176.5
55,8,887,7,126.7
55,9,804,5,160.8
55,10,733,5,146.6
55,11,848,5,169.6
55,12,798,5,159.6
55,13,854,5,170.8
55,14,917,5,183.4
55,15,1031,5,206.2
55,16,864,5,172.8
55,17,968,5,193.6
55,18,837,5,167.4
55,19,714,4,178.5
55,20,503,7,71.9
55,21,399,8,49.9
55,22,305,5,61.0
55,23,44,1,44.0
559C,0,65,2,32.5
559C,6,161,4,40.2
559C,7,435,5,87.0
559C,8,737,4,184.2
559C,9,407,5,81.4
559C,10,481,5,96.2
559C,11,446,5,89.2
559C,12,349,4,87.2
559C,13,359,5,71.8
559C,14,323,2,161.5
559C,15,554,5,110.8
559C,16,546,3,182.0
559C,17,478,4,119.5
559C,18,437,4,109.2
559C,19,358,2,179.0
559C,20,177,3,59.0
559C,21,177,4,44.2
559C,22,241,3,80.3
559C,23,154,3,51.3
55B,6,117,2,58.5
55B,7,228,2,114.0
55B,8,317,2,158.5
55B,9,289,2,144.5
55B,10,208,2,104.0
55B,11,166,2,83.0
55B,12,146,2,73.0
55B,13,204,1,204.0
55B,14,233,2,116.5
55B,15,288,2,144.0
55B,16,247,2,123.5
55B,17,270,2,135.0
55B,18,286,2,143.0
55B,19,269,2,134.5
55B,20,186,2,93.0
55B,21,114,2,57.0
55B,22,154,2,77.0
55ET,5,20,1,20.0
55ET,7,102,1,102.0
55ET,9,50,1,50.0
55ET,11,7,2,3.5
55ET,13,21,1,21.0
55ET,14,32,1,32.0
55ET,15,17,1,17.0
55ET,17,31,1,31.0
55ET,18,21,1,21.0
55ET,20,14,1,14.0
55ET,22,55,1,55.0
55T,0,50,1,50.0
55T,6,412,8,51.5
55T,7,1076,11,97.8
55T,8,909,8,113.6
55T,9,707,7,101.0
55T,10,518,6,86.3
55T,11,565,5,113.0
55T,12,640,6,106.7
55T,13,543,5,108.6
55T,14,568,6,94.7
55T,15,723,5,144.6
55T,16,512,5,102.4
55T,17,717,6,119.5
55T,18,652,8,81.5
55T,19,617,9,68.6
55T,20,547,10,54.7
55T,21,429,9,47.7
55T,22,471,8,58.9
55T,23,214,3,71.3
55V,6,46,2,23.0
55V,7,25,1,25.0
55Y,5,11,1,11.0
55Y,6,80,1,80.0
55Y,7,150,1,150.0
55Y,8,89,1,89.0
55Y,14,17,1,17.0
55Y,15,65,1,65.0
55Y,17,37,1,37.0
55Y,18,115,1,115.0
57UL,6,40,2,20.0
57UL,7,76,2,38.0
57UL,8,93,1,93.0
57UL,9,36,2,18.0
57UL,10,51,2,25.5
57UL,11,30,2,15.0
57UL,12,30,2,15.0
57UL,13,18,1,18.0
57UL,14,52,1,52.0
57UL,15,59,2,29.5
57UL,16,37,1,37.0
57UL,17,49,1,49.0
57UL,18,57,2,28.5
57UL,19,18,1,18.0
57UL,20,23,1,23.0
57UL,21,26,2,13.0
58A,5,36,1,36.0
58A,6,244,4,61.0
58A,7,676,5,135.2
58A,8,843,3,281.0
58A,9,470,4,117.5
58A,10,292,4,73.0
58A,11,385,4,96.2
58A,12,378,2,189.0
58A,13,452,3,150.7
58A,14,424,4,106.0
58A,15,593,3,197.7
58A,16,586,3,195.3
58A,17,554,3,184.7
58A,18,455,2,227.5
58A,19,358,2,179.0
58A,20,391,7,55.9
58A,21,239,4,59.8
58A,22,295,5,59.0
58A,23,90,1,90.0
58N,6,261,6,43.5
58N,7,804,5,160.8
58N,8,944,6,157.3
58N,9,680,4,170.0
58N,10,511,5,102.2
58N,11,373,5,74.6
58N,12,440,5,88.0
58N,13,480,4,120.0
58N,14,567,4,141.8
58N,15,583,4,145.8
58N,16,586,3,195.3
58N,17,579,3,193.0
58N,18,645,3,215.0
58N,19,442,3,147.3
58N,20,211,2,105.5
58N,21,294,4,73.5
58N,22,206,2,103.0
58UL,8,21,1,21.0
58UL,9,52,1,52.0
58UL,10,32,1,32.0
58UL,11,40,1,40.0
58UL,13,58,1,58.0
58UL,14,27,1,27.0
58UL,15,48,1,48.0
58UL,16,126,1,126.0
58UL,18,24,1,24.0
58UL,21,36,2,18.0
59A,6,215,3,71.7
59A,7,525,4,131.2
59A,8,646,3,215.3
59A,9,290,3,96.7
59A,10,153,2,76.5
59A,11,165,4,41.2
59A,12,257,2,128.5
59A,13,225,3,75.0
59A,14,245,2,122.5
59A,15,309,3,103.0
59A,16,347,3,115.7
59A,17,335,1,335.0
59A,18,205,2,102.5
59A,19,247,2,123.5
59A,20,151,2,75.5
59A,21,118,5,23.6
59A,22,218,4,54.5
59A,23,24,1,24.0
59CH,7,75,3,25.0
59CH,8,82,3,27.3
59CH,9,36,1,36.0
59CH,10,37,2,18.5
59CH,11,40,2,20.0
59CH,12,30,1,30.0
59CH,13,25,1,25.0
59CH,14,55,2,27.5
59CH,15,38,1,38.0
59CH,16,53,1,53.0
59CH,17,20,1,20.0
59CH,18,52,1,52.0
59CH,19,9,1,9.0
59CH,21,20,2,10.0
59CH,22,21,1,21.0
59HS,7,150,2,75.0
59HS,8,114,2,57.0
59HS,9,68,2,34.0
59HS,10,11,1,11.0
59HS,11,24,1,24.0
59HS,12,11,2,5.5
59HS,13,29,1,29.0
59HS,14,17,1,17.0
59HS,15,117,2,58.5
59HS,16,59,2,29.5
59HS,17,160,2,80.0
59HS,18,66,1,66.0
59HS,19,75,2,37.5
59HS,20,8,2,4.0
59HS,21,26,1,26.0
59K,13,18,1,18.0
59K,15,21,1,21.0
59K,17,45,1,45.0
59K,20,15,1,15.0
59K,21,8,1,8.0
59N,6,180,6,30.0
59N,7,488,5,97.6
59N,8,721,6,120.2
59N,9,436,5,87.2
59N,10,323,5,64.6
59N,11,265,5,53.0
59N,12,228,4,57.0
59N,13,331,6,55.2
59N,14,202,3,67.3
59N,15,349,4,87.2
59N,16,217,2,108.5
59N,17,213,3,71.0
59N,18,239,1,239.0
59N,19,231,3,77.0
59N,20,150,4,37.5
59N,21,167,5,33.4
59N,22,97,3,32.3
59N,23,44,2,22.0
59R,6,186,3,62.0
59R,7,194,2,97.0
59R,8,188,2,94.0
59R,9,194,2,97.0
59R,10,85,2,42.5
59R,11,104,2,52.0
59R,12,89,2,44.5
59R,13,103,3,34.3
59R,14,140,1,140.0
59R,15,184,2,92.0
59R,16,115,1,115.0
59R,17,85,2,42.5
59R,18,63,1,63.0
59R,19,68,1,68.0
59R,20,127,2,63.5
59R,21,79,3,26.3
59RH,6,11,2,5.5
59RH,7,93,4,23.2
59RH,8,45,2,22.5
59RH,15,4,1,4.0
59RH,16,39,2,19.5
59RH,17,26,3,8.7
59RH,18,94,2,47.0
59RK,6,57,2,28.5
59RK,7,241,2,120.5
59RK,8,126,3,42.0
59RK,9,104,2,52.0
59RK,10,49,2,24.5
59RK,11,42,2,21.0
59RK,12,78,3,26.0
59RK,13,38,1,38.0
59RK,14,46,1,46.0
59RK,15,59,2,29.5
59RK,16,13,1,13.0
59RK,17,115,2,57.5
59RK,18,16,2,8.0
59RK,19,71,1,71.0
59RK,20,46,3,15.3
59RK,21,71,3,23.7
59RK,23,69,2,34.5
59RS,6,330,5,66.0
59RS,7,338,4,84.5
59RS,8,473,4,118.2
59RS,9,280,5,56.0
59RS,10,219,4,54.8
59RS,11,171,4,42.8
59RS,12,176,4,44.0
59RS,13,228,5,45.6
59RS,14,204,3,68.0
59RS,15,257,4,64.2
59RS,16,180,3,60.0
59RS,17,203,1,203.0
59RS,18,112,2,56.0
59RS,19,94,2,47.0
59RS,20,94,4,23.5
59RS,22,51,2,25.5
6,6,253,5,50.6
6,7,611,5,122.2
6,8,476,4,119.0
6,9,407,4,101.8
6,10,376,5,75.2
6,11,382,5,76.4
6,12,523,5,104.6
6,13,456,5,91.2
6,14,435,4,108.8
6,15,399,4,99.8
6,16,412,3,137.3
6,17,273,3,91.0
6,18,303,2,151.5
6,19,261,5,52.2
6,20,179,4,44.8
6,21,113,2,56.5
6,22,52,1,52.0
62,0,97,1,97.0
62,5,40,1,40.0
62,6,661,9,73.4
62,7,2045,14,146.1
62,8,2029,11,184.5
62,9,1407,10,140.7
62,10,774,7,110.6
62,11,884,8,110.5
62,12,1038,8,129.8
62,13,1049,9,116.6
62,14,1249,8,156.1
62,15,1143,7,163.3
62,16,1165,6,194.2
62,17,1540,7,220.0
62,18,1538,7,219.7
62,19,1267,6,211.2
62,20,833,5,166.6
62,21,565,8,70.6
62,22,592,7,84.6
62,23,306,4,76.5
622,0,30,1,30.0
622,5,398,6,66.3
622,6,895,13,68.8
622,7,1216,11,110.5
622,8,921,6,153.5
622,9,679,9,75.4
622,10,547,7,78.1
622,11,595,7,85.0
622,12,642,8,80.2
622,13,574,7,82.0
622,14,589,8,73.6
622,15,783,8,97.9
622,16,775,8,96.9
622,17,621,8,77.6
622,18,427,5,85.4
622,19,423,4,105.8
622,20,402,8,50.2
622,21,350,5,70.0
622,22,298,5,59.6
62G,6,171,2,85.5
62G,7,538,3,179.3
62G,8,463,2,231.5
62G,9,390,2,195.0
62G,10,231,1,231.0
62G,11,178,3,59.3
62G,12,321,1,321.0
62G,13,267,2,133.5
62G,14,247,3,82.3
62G,15,335,4,83.8
62G,16,407,1,407.0
62G,17,279,3,93.0
62G,18,454,2,227.0
62G,19,232,2,116.0
62G,20,148,1,148.0
62G,21,179,4,44.8
62G,22,140,2,70.0
62G,23,55,1,55.0
62H,6,2,1,2.0
62H,7,55,1,55.0
62H,8,86,1,86.0
62H,9,43,1,43.0
62H,10,19,1,19.0
62H,12,24,1,24.0
62H,13,38,1,38.0
62H,14,10,1,10.0
62H,15,30,1,30.0
62H,17,17,1,17.0
62H,19,30,1,30.0
62H,20,11,1,11.0
62H,21,33,1,33.0
62H,22,37,1,37.0
63,5,53,2,26.5
63,6,322,7,46.0
63,7,1039,7,148.4
63,8,1161,6,193.5
63,9,914,6,152.3
63,10,653,5,130.6
63,11,769,5,153.8
63,12,727,6,121.2
63,13,769,6,128.2
63,14,802,5,160.4
63,15,942,7,134.6
63,16,1097,5,219.4
63,17,704,4,176.0
63,18,712,4,178.0
63,19,802,4,200.5
63,20,359,3,119.7
63,21,293,6,48.8
63,22,332,4,83.0
63,23,157,2,78.5
64Ç,6,58,1,58.0
64Ç,7,97,2,48.5
64Ç,9,51,1,51.0
64Ç,11,13,1,13.0
64Ç,14,54,1,54.0
64Ç,15,40,1,40.0
64Ç,16,44,2,22.0
64Ç,18,74,1,74.0
64Ç,20,39,1,39.0
64Ç,22,17,2,8.5
65A,6,181,3,60.3
65A,7,327,2,163.5
65A,8,385,1,385.0
65A,9,116,2,58.0
65A,11,155,2,77.5
65A,13,100,2,50.0
65A,14,41,2,20.5
65A,15,64,1,64.0
65A,16,187,2,93.5
65A,17,288,2,144.0
65A,18,305,2,152.5
65A,19,161,3,53.7
65A,20,118,2,59.0
65A,21,54,1,54.0
65A,22,85,1,85.0
65A,23,13,1,13.0
65G,0,57,1,57.0
65G,5,160,3,53.3
65G,6,461,7,65.9
65G,7,981,10,98.1
65G,8,1161,5,232.2
65G,9,722,4,180.5
65G,10,668,7,95.4
65G,11,699,4,174.8
65G,12,701,5,140.2
65G,13,751,5,150.2
65G,14,748,5,149.6
65G,15,751,5,150.2
65G,16,741,4,185.2
65G,17,541,4,135.2
65G,18,732,4,183.0
65G,19,592,4,148.0
65G,20,562,4,140.5
65G,21,328,6,54.7
65G,22,213,4,53.2
65G,23,74,2,37.0
66,6,324,4,81.0
66,7,689,6,114.8
66,8,554,5,110.8
66,9,633,3,211.0
66,10,472,3,157.3
66,11,435,2,217.5
66,12,416,3,138.7
66,13,410,2,205.0
66,14,427,5,85.4
66,15,410,4,102.5
66,16,366,2,183.0
66,17,242,4,60.5
66,18,315,2,157.5
66,19,341,4,85.2
66,20,198,2,99.0
66,21,127,3,42.3
66Z,6,23,1,23.0
66Z,7,51,1,51.0
66Z,8,75,1,75.0
66Z,9,45,1,45.0
7,6,24,2,12.0
7,7,231,1,231.0
7,14,2,1,2.0
7,15,137,1,137.0
7,17,92,2,46.0
70D,6,40,1,40.0
70D,7,76,2,38.0
70D,8,75,1,75.0
70D,9,75,1,75.0
70FE,6,207,5,41.4
70FE,7,427,7,61.0
70FE,8,668,7,95.4
70FE,9,401,4,100.2
70FE,10,467,5,93.4
70FE,11,301,4,75.2
70FE,12,399,4,99.8
70FE,13,311,5,62.2
70FE,14,290,7,41.4
70FE,15,253,6,42.2
70FE,16,253,6,42.2
70FE,17,385,6,64.2
70FE,18,234,7,33.4
70FE,19,329,7,47.0
70FE,20,192,6,32.0
70FE,21,88,5,17.6
70FE,22,104,2,52.0
70FY,6,40,1,40.0
70FY,7,87,1,87.0
70FY,8,82,1,82.0
70KE,14,43,1,43.0
70KE,16,56,1,56.0
70KE,17,17,1,17.0
70KE,19,28,1,28.0
70KE,20,16,1,16.0
70KE,21,17,1,17.0
70KY,6,221,5,44.2
70KY,7,361,9,40.1
70KY,8,568,7,81.1
70KY,9,367,4,91.8
70KY,10,235,6,39.2
70KY,11,262,6,43.7
70KY,12,323,4,80.8
70KY,13,361,5,72.2
70KY,14,403,5,80.6
70KY,15,371,5,74.2
70KY,16,398,5,79.6
70KY,17,327,5,65.4
70KY,18,436,5,87.2
70KY,19,329,6,54.8
70KY,20,288,6,48.0
70KY,21,250,6,41.7
70KY,22,161,4,40.2
70KY,23,46,1,46.0
71T,6,133,2,66.5
71T,7,236,1,236.0
71T,8,63,1,63.0
71T,9,112,1,112.0
71T,10,86,1,86.0
71T,11,80,1,80.0
71T,12,126,1,126.0
71T,13,180,1,180.0
71T,14,55,1,55.0
71T,16,95,1,95.0
71T,17,87,1,87.0
71T,18,76,1,76.0
71T,19,94,1,94.0
72T,6,123,5,24.6
72T,7,426,5,85.2
72T,8,525,3,175.0
72T,9,443,2,221.5
72T,10,342,2,171.0
72T,11,192,3,64.0
72T,12,490,3,163.3
72T,13,397,2,198.5
72T,14,457,2,228.5
72T,15,482,2,241.0
72T,16,349,2,174.5
72T,17,260,2,130.0
72T,18,416,3,138.7
72T,19,349,2,174.5
72T,20,188,1,188.0
72T,21,94,3,31.3
72T,22,95,2,47.5
72YT,6,4,1,4.0
72YT,9,49,1,49.0
72YT,17,42,1,42.0
73,5,83,2,41.5
73,6,434,5,86.8
73,7,760,5,152.0
73,8,824,4,206.0
73,9,410,4,102.5
73,10,349,4,87.2
73,11,402,3,134.0
73,12,371,3,123.7
73,13,355,4,88.8
73,14,467,4,116.8
73,15,473,2,236.5
73,16,299,2,149.5
73,17,435,4,108.8
73,18,485,2,242.5
73,19,635,4,158.8
73,20,313,1,313.0
73,21,131,3,43.7
73,22,87,3,29.0
73,23,99,2,49.5
73B,16,36,1,36.0
73B,17,70,1,70.0
73B,18,40,1,40.0
73B,19,41,1,41.0
73F,7,55,1,55.0
73F,10,51,1,51.0
73F,20,47,1,47.0
73H,6,134,3,44.7
73H,7,302,9,33.6
73H,8,393,7,56.1
73H,9,337,7,48.1
73H,10,270,5,54.0
73H,11,278,5,55.6
73H,12,300,5,60.0
73H,13,254,6,42.3
73H,14,295,6,49.2
73H,15,338,6,56.3
73H,16,305,5,61.0
73H,17,313,5,62.6
73H,18,175,4,43.8
73H,19,169,4,42.2
73H,20,97,5,19.4
73H,21,64,3,21.3
73Y,6,6,1,6.0
73Y,7,94,4,23.5
73Y,8,118,2,59.0
73Y,9,10,1,10.0
73Y,15,12,1,12.0
73Y,16,60,2,30.0
73Y,17,49,2,24.5
73Y,18,49,2,24.5
74,6,16,2,8.0
74,7,70,1,70.0
74,16,17,2,8.5
74,18,51,1,51.0
74A,7,45,1,45.0
74A,8,49,1,49.0
74A,9,84,1,84.0
74A,10,59,1,59.0
74A,11,64,1,64.0
74A,12,66,1,66.0
74A,13,83,1,83.0
74A,15,60,1,60.0
74A,16,43,1,43.0
74A,17,22,1,22.0
74A,19,41,1,41.0
74A,21,37,1,37.0
75O,6,36,2,18.0
75O,7,11,1,11.0
75O,9,10,1,10.0
75O,17,4,1,4.0
75O,19,30,1,30.0
76,5,53,1,53.0
76,6,114,1,114.0
76,7,195,1,195.0
76,8,160,1,160.0
76,9,212,1,212.0
76,10,116,1,116.0
76,11,162,1,162.0
76,12,137,2,68.5
76,13,137,1,137.0
76,14,221,1,221.0
76,15,219,1,219.0
76,16,133,1,133.0
76,17,121,1,121.0
76,19,129,1,129.0
76,21,21,1,21.0
76A,6,77,1,77.0
76A,9,17,1,17.0
76A,13,36,1,36.0
76A,17,16,1,16.0
76A,19,53,1,53.0
76D,0,243,1,243.0
76D,5,326,5,65.2
76D,6,781,12,65.1
76D,7,991,12,82.6
76D,8,846,8,105.8
76D,9,772,11,70.2
76D,10,656,12,54.7
76D,11,817,10,81.7
76D,12,937,11,85.2
76D,13,870,10,87.0
76D,14,777,10,77.7
76D,15,782,9,86.9
76D,16,824,10,82.4
76D,17,858,9,95.3
76D,18,1085,11,98.6
76D,19,901,8,112.6
76D,20,671,10,67.1
76D,21,627,7,89.6
76D,22,635,7,90.7
76D,23,350,5,70.0
76G,5,16,1,16.0
76G,6,224,3,74.7
76G,7,410,6,68.3
76G,8,299,3,99.7
76G,9,191,3,63.7
76G,10,139,2,69.5
76G,11,92,2,46.0
76G,12,137,1,137.0
76G,13,241,2,120.5
76G,14,131,1,131.0
76G,15,200,2,100.0
76G,16,193,3,64.3
76G,17,166,2,83.0
76G,18,217,2,108.5
76G,19,141,2,70.5
76G,20,55,1,55.0
76G,21,96,1,96.0
76O,5,218,5,43.6
76O,6,860,9,95.6
76O,7,1365,8,170.6
76O,8,1292,5,258.4
76O,9,864,7,123.4
76O,10,819,8,102.4
76O,11,875,8,109.4
76O,12,1161,7,165.9
76O,13,1199,8,149.9
76O,14,1199,6,199.8
76O,15,1267,7,181.0
76O,16,1280,5,256.0
76O,17,1031,5,206.2
76O,18,1182,7,168.9
76O,19,1134,4,283.5
76O,20,698,5,139.6
76O,21,618,3,206.0
76O,22,540,3,180.0
76O,23,115,1,115.0
76TM,6,87,3,29.0
76TM,7,82,2,41.0
76TM,8,121,1,121.0
76TM,9,105,4,26.2
76TM,10,101,3,33.7
76TM,11,37,2,18.5
76TM,12,100,4,25.0
76TM,13,43,2,21.5
76TM,14,46,2,23.0
76TM,15,27,1,27.0
76TM,16,159,3,53.0
76TM,17,114,3,38.0
76TM,18,96,3,32.0
76TM,19,38,2,19.0
76TM,20,86,2,43.0
76TM,21,32,2,16.0
76V,5,6,1,6.0
76V,6,101,2,50.5
76V,7,100,1,100.0
76V,9,126,1,126.0
76V,10,112,1,112.0
76V,11,97,1,97.0
76V,13,66,1,66.0
76V,14,104,1,104.0
76V,15,121,1,121.0
76V,16,159,1,159.0
76V,18,105,1,105.0
76V,19,102,1,102.0
76V,20,81,1,81.0
76V,22,86,1,86.0
76Y,5,66,1,66.0
76Y,6,175,5,35.0
76Y,7,90,1,90.0
76Y,8,220,1,220.0
76Y,9,139,1,139.0
76Y,10,224,1,224.0
76Y,11,93,1,93.0
76Y,12,106,2,53.0
76Y,13,92,1,92.0
76Y,14,122,1,122.0
76Y,15,210,1,210.0
76Y,16,208,1,208.0
76Y,17,166,1,166.0
76Y,20,79,1,79.0
77,6,253,8,31.6
77,7,1061,6,176.8
77,8,898,6,149.7
77,9,757,5,151.4
77,10,500,3,166.7
77,11,493,4,123.2
77,12,537,3,179.0
77,13,498,4,124.5
77,14,570,4,142.5
77,15,516,4,129.0
77,16,616,4,154.0
77,17,527,3,175.7
77,18,569,3,189.7
77,19,477,4,119.2
77,20,460,4,115.0
77,21,243,3,81.0
77,22,209,4,52.2
77,23,81,2,40.5
77A,6,266,8,33.2
77A,7,780,5,156.0
77A,8,756,5,151.2
77A,9,472,5,94.4
77A,10,373,4,93.2
77A,11,331,3,110.3
77A,12,308,3,102.7
77A,13,363,4,90.8
77A,14,434,4,108.5
77A,15,449,4,112.2
77A,16,428,4,107.0
77A,17,449,3,149.7
77A,18,376,4,94.0
77A,19,442,4,110.5
77A,20,291,4,72.8
77A,21,188,3,62.7
77A,22,50,1,50.0
77Ç,6,57,3,19.0
77Ç,7,108,4,27.0
77Ç,8,158,4,39.5
77Ç,9,41,2,20.5
77Ç,10,69,2,34.5
77Ç,11,62,4,15.5
77Ç,12,71,2,35.5
77Ç,13,72,2,36.0
77Ç,14,51,2,25.5
77Ç,15,69,2,34.5
77Ç,16,97,4,24.2
77Ç,17,111,2,55.5
77Ç,18,76,2,38.0
77Ç,19,47,2,23.5
77Ç,20,19,1,19.0
77Ç,21,45,2,22.5
78,5,96,3,32.0
78,6,520,7,74.3
78,7,945,6,157.5
78,8,884,4,221.0
78,9,657,2,328.5
78,10,548,6,91.3
78,11,608,3,202.7
78,12,629,4,157.2
78,13,527,3,175.7
78,14,704,4,176.0
78,15,663,3,221.0
78,16,885,4,221.2
78,17,656,4,164.0
78,18,791,4,197.8
78,19,707,3,235.7
78,20,494,2,247.0
78,21,346,5,69.2
78,22,226,3,75.3
78,23,141,2,70.5
78B,6,68,2,34.0
78B,7,139,3,46.3
78B,8,96,2,48.0
78B,9,123,3,41.0
78B,15,8,1,8.0
78B,16,98,3,32.7
78B,17,69,2,34.5
78B,18,105,2,52.5
78B,19,69,2,34.5
78C,6,761,13,58.5
78C,7,1445,13,111.2
78C,8,1039,7,148.4
78C,9,548,6,91.3
78C,10,155,3,51.7
78C,11,185,3,61.7
78C,12,190,2,95.0
78C,13,296,3,98.7
78C,14,195,4,48.8
78C,15,459,7,65.6
78C,16,935,9,103.9
78C,17,610,7,87.1
78C,18,930,8,116.2
78C,19,756,9,84.0
78C,20,300,5,60.0
78C,21,171,3,57.0
78E,6,110,5,22.0
78E,7,383,6,63.8
78E,8,459,6,76.5
78E,9,324,4,81.0
78E,10,347,7,49.6
78E,11,219,4,54.8
78E,12,430,5,86.0
78E,13,499,2,249.5
78E,14,266,3,88.7
78E,15,422,2,211.0
78E,16,394,3,131.3
78E,17,352,3,117.3
78E,18,268,3,89.3
78E,19,278,2,139.0
78E,20,126,3,42.0
78E,21,107,2,53.5
78F,5,10,1,10.0
78F,6,160,4,40.0
78F,7,712,6,118.7
78F,8,920,3,306.7
78F,9,294,2,147.0
78F,10,161,2,80.5
78F,11,211,4,52.8
78F,12,284,3,94.7
78F,13,410,3,136.7
78F,14,180,2,90.0
78F,15,479,2,239.5
78F,16,491,1,491.0
78F,17,547,4,136.8
78F,18,382,2,191.0
78F,19,384,4,96.0
78F,20,224,2,112.0
78F,21,158,4,39.5
78G,6,142,3,47.3
78G,7,331,4,82.8
78G,8,244,3,81.3
78G,9,136,3,45.3
78G,10,99,2,49.5
78G,11,104,1,104.0
78G,12,180,4,45.0
78G,13,138,2,69.0
78G,14,183,2,91.5
78G,15,214,3,71.3
78G,16,410,2,205.0
78G,17,203,2,101.5
78G,18,235,1,235.0
78G,19,77,1,77.0
78G,20,64,2,32.0
78H,6,101,3,33.7
78H,7,217,2,108.5
78H,8,211,2,105.5
78H,9,126,1,126.0
78H,16,9,1,9.0
78H,17,156,2,78.0
78H,18,165,1,165.0
78H,19,57,1,57.0
78ZB,6,118,1,118.0
78ZB,7,127,2,63.5
78ZB,9,124,3,41.3
78ZB,11,123,2,61.5
78ZB,12,292,1,292.0
78ZB,13,209,1,209.0
78ZB,14,229,2,114.5
78ZB,16,195,1,195.0
78ZB,17,196,1,196.0
78ZB,19,202,2,101.0
78ZB,20,127,1,127.0
79B,6,406,7,58.0
79B,7,753,4,188.2
79B,8,848,6,141.3
79B,9,413,2,206.5
79B,10,278,2,139.0
79B,11,291,3,97.0
79B,12,477,3,159.0
79B,13,449,2,224.5
79B,14,446,3,148.7
79B,15,661,2,330.5
79B,16,674,1,674.0
79B,17,573,3,191.0
79B,18,408,3,136.0
79B,19,369,1,369.0
79B,20,344,4,86.0
79B,21,237,3,79.0
79B,22,173,3,57.7
79C,6,86,2,43.0
79C,7,172,2,86.0
79C,8,123,3,41.0
79C,9,71,2,35.5
79C,10,81,2,40.5
79C,11,68,2,34.0
79C,12,135,3,45.0
79C,13,60,2,30.0
79C,14,56,2,28.0
79C,15,125,2,62.5
79C,16,202,2,101.0
79C,17,101,2,50.5
79C,18,113,2,56.5
79C,19,72,1,72.0
79C,20,67,2,33.5
79C,21,31,2,15.5
79E,5,43,1,43.0
79E,6,333,5,66.6
79E,7,537,7,76.7
79E,8,519,5,103.8
79E,9,374,5,74.8
79E,10,226,1,226.0
79E,11,306,3,102.0
79E,12,262,2,131.0
79E,13,244,2,122.0
79E,14,186,2,93.0
79E,15,291,3,97.0
79E,16,409,2,204.5
79E,17,325,5,65.0
79E,18,308,4,77.0
79E,19,348,3,116.0
79E,20,203,3,67.7
79E,21,127,2,63.5
79E,22,83,1,83.0
79E,23,33,1,33.0
79F,5,64,1,64.0
79F,6,178,4,44.5
79F,7,351,5,70.2
79F,8,264,2,132.0
79F,9,217,4,54.2
79F,10,242,2,121.0
79F,11,70,3,23.3
79F,12,91,2,45.5
79F,13,237,3,79.0
79F,15,164,3,54.7
79F,16,166,3,55.3
79F,17,178,2,89.0
79F,18,199,2,99.5
79F,19,134,1,134.0
79F,20,89,4,22.2
79F,22,30,1,30.0
79FY,7,152,5,30.4
79FY,8,31,3,10.3
79FY,9,46,4,11.5
79FY,10,78,4,19.5
79FY,11,27,4,6.8
79FY,12,29,2,14.5
79FY,13,32,3,10.7
79FY,14,11,3,3.7
79FY,15,93,3,31.0
79FY,16,137,2,68.5
79FY,17,112,3,37.3
79FY,18,47,3,15.7
79FY,19,84,3,28.0
79FY,20,68,3,22.7
79FY,21,71,3,23.7
79FY,22,78,1,78.0
79G,6,164,2,82.0
79G,7,680,5,136.0
79G,8,554,4,138.5
79G,9,357,3,119.0
79G,10,193,3,64.3
79G,11,295,2,147.5
79G,12,175,5,35.0
79G,13,234,2,117.0
79G,14,314,2,157.0
79G,15,274,1,274.0
79G,16,266,1,266.0
79G,17,360,3,120.0
79G,18,364,3,121.3
79G,19,372,3,124.0
79G,20,325,3,108.3
79G,21,183,3,61.0
79G,22,146,2,73.0
79GE,6,97,3,32.3
79GE,7,334,2,167.0
79GE,15,11,2,5.5
79GE,16,241,3,80.3
79GE,17,201,3,67.0
79GE,18,143,2,71.5
79K,0,14,1,14.0
79K,6,157,6,26.2
79K,7,256,4,64.0
79K,8,313,3,104.3
79K,9,141,4,35.2
79K,10,103,3,34.3
79K,11,82,3,27.3
79K,12,95,1,95.0
79K,13,105,3,35.0
79K,14,150,3,50.0
79K,15,273,3,91.0
79K,16,200,2,100.0
79K,17,190,3,63.3
79K,18,306,6,51.0
79K,19,367,3,122.3
79K,20,212,3,70.7
79K,21,139,3,46.3
79K,22,206,4,51.5
79K,23,42,2,21.0
79KM,5,63,1,63.0
79KM,6,221,3,73.7
79KM,7,685,4,171.2
79KM,8,437,4,109.2
79KM,9,277,4,69.2
79KM,10,160,5,32.0
79KM,11,307,3,102.3
79KM,12,269,5,53.8
79KM,13,254,4,63.5
79KM,14,210,5,42.0
79KM,15,605,4,151.2
79KM,16,453,4,113.2
79KM,17,348,4,87.0
79KM,18,384,3,128.0
79KM,19,246,4,61.5
79KM,20,379,3,126.3
79KM,21,280,4,70.0
79KM,22,136,2,68.0
79KM,23,92,2,46.0
79KT,5,5,1,5.0
79KT,6,192,3,64.0
79KT,7,419,2,209.5
79KT,8,421,2,210.5
79KT,9,303,2,151.5
79KT,10,59,2,29.5
79KT,11,150,3,50.0
79KT,12,158,1,158.0
79KT,13,102,3,34.0
79KT,14,131,2,65.5
79KT,15,165,1,165.0
79KT,16,200,1,200.0
79KT,17,367,3,122.3
79KT,18,230,3,76.7
79KT,19,240,1,240.0
79KT,21,76,2,38.0
79KT,22,73,1,73.0
79T,5,3,1,3.0
79T,7,114,2,57.0
79T,8,112,2,56.0
79T,9,59,1,59.0
79T,11,112,2,56.0
79T,12,74,1,74.0
79T,13,103,1,103.0
79T,14,108,2,54.0
79T,16,209,1,209.0
79T,17,66,2,33.0
79T,18,92,1,92.0
79T,20,93,2,46.5
79T,21,75,3,25.0
79T,22,70,1,70.0
79Y,6,102,3,34.0
79Y,7,208,2,104.0
79Y,8,181,3,60.3
79Y,9,73,2,36.5
79Y,10,46,2,23.0
79Y,11,66,2,33.0
79Y,12,165,4,41.2
79Y,13,254,2,127.0
79Y,14,204,1,204.0
79Y,15,290,2,145.0
79Y,16,378,2,189.0
79Y,17,260,4,65.0
79Y,19,213,3,71.0
79Y,20,192,2,96.0
79Y,21,170,2,85.0
79Y,22,103,1,103.0
8,7,16,1,16.0
8,8,34,2,17.0
8,9,29,2,14.5
8,10,22,2,11.0
8,11,7,1,7.0
8,12,19,2,9.5
8,13,31,1,31.0
8,15,18,1,18.0
8,16,19,1,19.0
8,17,56,1,56.0
8,18,25,1,25.0
8,19,39,2,19.5
80,6,34,1,34.0
80,8,48,1,48.0
80T,6,270,6,45.0
80T,7,568,6,94.7
80T,8,537,6,89.5
80T,9,416,5,83.2
80T,10,341,5,68.2
80T,11,348,4,87.0
80T,12,327,5,65.4
80T,13,324,4,81.0
80T,14,345,6,57.5
80T,15,332,3,110.7
80T,16,347,3,115.7
80T,17,354,6,59.0
80T,18,462,9,51.3
80T,19,395,12,32.9
80T,20,260,7,37.1
80T,21,184,6,30.7
80T,22,80,3,26.7
82,5,25,1,25.0
82,6,267,4,66.8
82,7,513,6,85.5
82,8,562,4,140.5
82,9,406,6,67.7
82,10,385,3,128.3
82,11,344,3,114.7
82,12,284,5,56.8
82,13,309,3,103.0
82,14,262,2,131.0
82,15,395,4,98.8
82,16,283,2,141.5
82,17,277,3,92.3
82,18,335,3,111.7
82,19,359,3,119.7
82,20,164,6,27.3
82,21,142,4,35.5
82,22,39,1,39.0
85C,6,69,2,34.5
85C,7,300,8,37.5
85C,8,367,8,45.9
85C,9,211,3,70.3
85C,10,300,5,60.0
85C,11,197,6,32.8
85C,12,212,4,53.0
85C,13,222,6,37.0
85C,14,232,5,46.4
85C,15,266,7,38.0
85C,16,190,4,47.5
85C,17,120,7,17.1
85C,18,174,5,34.8
85C,19,139,6,23.2
85C,20,115,5,23.0
85C,21,89,4,22.2
85C,22,116,4,29.0
85C,23,3,1,3.0
85T,5,5,1,5.0
85T,6,106,3,35.3
85T,8,188,3,62.7
85T,16,47,1,47.0
85T,17,97,4,24.2
85T,18,141,1,141.0
86V,6,361,8,45.1
86V,7,866,14,61.9
86V,8,1223,13,94.1
86V,9,782,12,65.2
86V,10,639,9,71.0
86V,11,672,9,74.7
86V,12,782,9,86.9
86V,13,588,9,65.3
86V,14,701,7,100.1
86V,15,704,9,78.2
86V,16,829,9,92.1
86V,17,737,10,73.7
86V,18,720,10,72.0
86V,19,933,11,84.8
86V,20,554,9,61.6
86V,21,309,7,44.1
86V,22,160,5,32.0
86V,23,138,4,34.5
87,5,33,1,33.0
87,6,91,4,22.8
87,7,510,7,72.9
87,8,583,5,116.6
87,9,386,4,96.5
87,10,274,4,68.5
87,11,340,4,85.0
87,12,403,3,134.3
87,13,314,3,104.7
87,14,470,5,94.0
87,15,366,3,122.0
87,16,408,3,136.0
87,17,479,4,119.8
87,18,524,3,174.7
87,19,437,4,109.2
87,20,319,3,106.3
87,21,198,7,28.3
87,22,148,5,29.6
87,23,158,3,52.7
88,5,3,1,3.0
88,6,469,4,117.2
88,7,681,7,97.3
88,8,766,6,127.7
88,9,489,8,61.1
88,10,291,3,97.0
88,11,297,2,148.5
88,12,306,6,51.0
88,13,389,3,129.7
88,14,427,3,142.3
88,15,349,3,116.3
88,16,434,5,86.8
88,17,732,7,104.6
88,18,672,4,168.0
88,19,550,8,68.8
88,20,354,5,70.8
88,21,277,5,55.4
88,22,136,2,68.0
88A,5,21,1,21.0
88A,6,382,4,95.5
88A,7,694,3,231.3
88A,8,434,2,217.0
88A,9,305,1,305.0
88A,10,205,4,51.2
88A,11,197,2,98.5
88A,12,203,4,50.8
88A,13,223,2,111.5
88A,14,183,2,91.5
88A,15,223,2,111.5
88A,16,212,3,70.7
88A,17,267,4,66.8
88A,18,306,3,102.0
88A,19,285,2,142.5
88A,20,120,3,40.0
88A,21,147,3,49.0
88A,22,74,1,74.0
88A,23,72,1,72.0
89,6,39,2,19.5
89,7,50,2,25.0
89,8,54,2,27.0
89,9,64,2,32.0
89,10,103,2,51.5
89,11,41,1,41.0
89,12,65,3,21.7
89,13,1,1,1.0
89,16,17,4,4.2
89,17,61,1,61.0
89,18,89,2,44.5
89,19,23,2,11.5
89,20,44,3,14.7
89,21,40,1,40.0
89,22,20,1,20.0
89A,5,6,1,6.0
89A,6,251,4,62.8
89A,7,583,2,291.5
89A,8,410,5,82.0
89A,9,385,4,96.2
89A,10,192,3,64.0
89A,11,261,2,130.5
89A,12,271,2,135.5
89A,13,257,2,128.5
89A,14,295,4,73.8
89A,15,230,1,230.0
89A,16,450,5,90.0
89A,17,400,4,100.0
89A,18,433,3,144.3
89A,19,302,3,100.7
89A,20,199,3,66.3
89A,21,174,3,58.0
89A,22,88,2,44.0
89B,5,26,1,26.0
89B,6,401,6,66.8
89B,7,733,11,66.6
89B,8,740,7,105.7
89B,9,341,6,56.8
89B,10,408,6,68.0
89B,11,294,6,49.0
89B,12,280,5,56.0
89B,13,237,6,39.5
89B,14,373,5,74.6
89B,15,459,5,91.8
89B,16,384,4,96.0
89B,17,326,7,46.6
89B,18,299,5,59.8
89B,19,265,4,66.2
89B,20,155,4,38.8
89B,21,176,5,35.2
89B,22,142,3,47.3
89B,23,62,1,62.0
89BS,6,30,1,30.0
89BS,7,121,3,40.3
89BS,8,158,2,79.0
89BS,16,136,2,68.0
89BS,17,45,2,22.5
89BS,18,100,2,50.0
89C,0,146,1,146.0
89C,1,88,1,88.0
89C,5,186,4,46.5
89C,6,502,5,100.4
89C,7,723,3,241.0
89C,8,489,1,489.0
89C,9,532,3,177.3
89C,10,493,1,493.0
89C,11,521,5,104.2
89C,12,651,3,217.0
89C,13,617,4,154.2
89C,14,426,6,71.0
89C,15,531,5,106.2
89C,16,660,5,132.0
89C,17,579,2,289.5
89C,18,598,2,299.0
89C,19,489,4,122.2
89C,20,379,2,189.5
89C,21,293,5,58.6
89C,22,276,5,55.2
89C,23,276,2,138.0
89F,6,108,4,27.0
89F,7,325,6,54.2
89F,8,320,5,64.0
89F,9,136,3,45.3
89F,15,43,1,43.0
89F,16,456,8,57.0
89F,17,380,3,126.7
89F,18,289,6,48.2
89K,5,4,1,4.0
89K,6,112,4,28.0
89K,7,540,9,60.0
89K,8,633,7,90.4
89K,9,406,6,67.7
89K,10,515,6,85.8
89K,11,561,6,93.5
89K,12,509,7,72.7
89K,13,607,7,86.7
89K,14,598,6,99.7
89K,15,720,5,144.0
89K,16,674,8,84.2
89K,17,706,5,141.2
89K,18,598,7,85.4
89K,19,515,4,128.8
89K,20,282,3,94.0
89K,21,152,3,50.7
89K,22,148,1,148.0
89K,23,91,1,91.0
89M,5,17,1,17.0
89M,6,311,4,77.8
89M,7,442,5,88.4
89M,8,509,1,509.0
89M,9,68,3,22.7
89M,10,82,1,82.0
89M,11,72,2,36.0
89M,12,89,2,44.5
89M,13,74,2,37.0
89M,15,195,4,48.8
89M,16,272,3,90.7
89M,17,219,3,73.0
89M,18,333,2,166.5
89M,19,162,2,81.0
89M,20,129,2,64.5
89M,21,59,2,29.5
89S,6,295,7,42.1
89S,7,532,10,53.2
89S,8,368,7,52.6
89S,9,310,7,44.3
89S,10,250,9,27.8
89S,11,290,6,48.3
89S,12,285,6,47.5
89S,13,239,6,39.8
89S,14,178,5,35.6
89S,15,309,6,51.5
89S,16,193,4,48.2
89S,17,162,3,54.0
89S,18,201,4,50.2
89S,19,233,4,58.2
89S,20,228,6,38.0
89S,21,250,6,41.7
89S,22,136,4,34.0
89S,23,70,1,70.0
89T,6,100,2,50.0
89T,7,89,1,89.0
89T,8,131,1,131.0
89T,10,28,1,28.0
89T,11,42,1,42.0
89T,12,60,2,30.0
89T,14,20,1,20.0
89T,16,80,1,80.0
89T,18,147,2,73.5
89T,19,124,1,124.0
89T,20,104,1,104.0
89T,21,46,1,46.0
89T,22,80,2,40.0
89YB,7,308,1,308.0
89YB,15,163,1,163.0
89YB,16,213,1,213.0
89YB,20,27,1,27.0
8A,5,22,1,22.0
8A,6,397,7,56.7
8A,7,1295,20,64.8
8A,8,1431,14,102.2
8A,9,1158,13,89.1
8A,10,877,11,79.7
8A,11,875,13,67.3
8A,12,961,11,87.4
8A,13,897,11,81.5
8A,14,816,13,62.8
8A,15,1173,10,117.3
8A,16,1111,12,92.6
8A,17,1149,11,104.5
8A,18,1211,13,93.2
8A,19,849,7,121.3
8A,20,557,9,61.9
8A,21,491,8,61.4
8A,22,325,5,65.0
8A,23,75,2,37.5
8E,5,59,1,59.0
8E,6,296,3,98.7
8E,7,806,5,161.2
8E,8,655,3,218.3
8E,9,418,3,139.3
8E,10,532,5,106.4
8E,11,624,4,156.0
8E,12,419,5,83.8
8E,13,512,6,85.3
8E,14,641,5,128.2
8E,15,611,7,87.3
8E,16,521,4,130.2
8E,17,817,6,136.2
8E,18,672,6,112.0
8E,19,729,6,121.5
8E,20,483,7,69.0
8E,21,405,4,101.2
8E,22,195,2,97.5
8E,23,20,1,20.0
8K,6,53,1,53.0
8K,7,93,1,93.0
8Y,6,67,1,67.0
8Y,7,154,1,154.0
90,6,70,2,35.0
90,7,163,5,32.6
90,8,198,6,33.0
90,9,168,6,28.0
90,10,180,7,25.7
90,11,156,5,31.2
90,12,239,7,34.1
90,13,205,6,34.2
90,14,262,6,43.7
90,15,173,5,34.6
90,16,304,7,43.4
90,17,165,7,23.6
90,18,263,6,43.8
90,19,142,6,23.7
90,20,119,5,23.8
90,21,26,2,13.0
90B,6,24,3,8.0
90B,7,147,4,36.8
90B,8,155,4,38.8
90B,9,147,4,36.8
90B,10,102,4,25.5
90B,11,98,2,49.0
90B,12,50,2,25.0
90B,13,113,2,56.5
90B,14,15,2,7.5
90B,15,74,1,74.0
90B,16,40,2,20.0
90B,17,78,2,39.0
90B,18,30,2,15.0
90B,19,62,2,31.0
90B,20,20,2,10.0
90B,21,30,1,30.0
91E,6,405,8,50.6
91E,7,849,8,106.1
91E,8,450,5,90.0
91E,9,457,4,114.2
91E,10,404,6,67.3
91E,11,378,7,54.0
91E,12,420,4,105.0
91E,13,343,6,57.2
91E,14,513,4,128.2
91E,15,464,5,92.8
91E,16,477,5,95.4
91E,17,648,5,129.6
91E,18,734,6,122.3
91E,19,657,5,131.4
91E,20,354,6,59.0
91E,21,278,8,34.8
91E,22,231,6,38.5
91E,23,95,3,31.7
91M,5,65,2,32.5
91M,6,9,4,2.2
91M,7,12,1,12.0
91M,15,36,4,9.0
92,6,80,2,40.0
92,8,184,2,92.0
92,9,121,1,121.0
92,12,124,1,124.0
92,13,59,1,59.0
92,14,74,2,37.0
92,15,102,1,102.0
92,16,119,1,119.0
92,17,106,1,106.0
92,18,137,1,137.0
92,20,72,1,72.0
92,21,89,1,89.0
92,22,33,2,16.5
92,23,14,1,14.0
92B,5,34,1,34.0
92B,6,416,5,83.2
92B,7,1210,8,151.2
92B,8,1180,5,236.0
92B,9,686,4,171.5
92B,10,518,4,129.5
92B,11,492,4,123.0
92B,12,558,3,186.0
92B,13,509,4,127.2
92B,14,545,4,136.2
92B,15,640,3,213.3
92B,16,627,4,156.8
92B,17,477,3,159.0
92B,18,685,4,171.2
92B,19,694,4,173.5
92B,20,408,3,136.0
92B,21,221,4,55.2
92B,22,158,4,39.5
92B,23,60,1,60.0
92C,5,12,1,12.0
92C,6,160,1,160.0
92C,7,322,2,161.0
92C,8,264,1,264.0
92C,9,59,1,59.0
92C,10,50,1,50.0
92C,11,54,1,54.0
92C,12,76,1,76.0
92C,13,59,1,59.0
92C,14,46,1,46.0
92C,15,58,1,58.0
92C,16,116,1,116.0
92C,17,117,1,117.0
92C,19,14,1,14.0
92K,6,93,2,46.5
92K,7,74,1,74.0
92M,6,155,1,155.0
92M,7,206,4,51.5
92M,8,161,2,80.5
92M,9,74,2,37.0
92M,10,92,4,23.0
92M,11,110,3,36.7
92M,12,55,2,27.5
92M,13,98,3,32.7
92M,14,109,2,54.5
92M,15,109,2,54.5
92M,16,120,3,40.0
92M,17,122,3,40.7
92M,18,151,2,75.5
92M,19,133,2,66.5
92M,20,100,2,50.0
92M,21,60,1,60.0
92T,6,338,4,84.5
92T,7,750,5,150.0
92T,8,637,2,318.5
92T,9,331,3,110.3
92T,10,262,2,131.0
92T,11,310,2,155.0
92T,12,396,3,132.0
92T,13,281,3,93.7
92T,14,282,1,282.0
92T,15,241,3,80.3
92T,16,269,2,134.5
92T,17,277,2,138.5
92T,18,326,1,326.0
92T,19,316,3,105.3
92T,20,266,3,88.7
92T,21,220,1,220.0
93,5,9,1,9.0
93,6,153,5,30.6
93,7,563,4,140.8
93,8,917,5,183.4
93,9,411,2,205.5
93,10,389,3,129.7
93,11,462,3,154.0
93,12,375,3,125.0
93,13,523,3,174.3
93,14,478,4,119.5
93,15,665,3,221.7
93,16,427,2,213.5
93,17,498,3,166.0
93,18,423,2,211.5
93,19,530,4,132.5
93,20,166,3,55.3
93,21,158,2,79.0
93M,5,20,2,10.0
93M,6,397,7,56.7
93M,7,1250,12,104.2
93M,8,1444,11,131.3
93M,9,899,9,99.9
93M,10,749,9,83.2
93M,11,662,7,94.6
93M,12,749,7,107.0
93M,13,655,7,93.6
93M,14,680,5,136.0
93M,15,740,6,123.3
93M,16,790,7,112.9
93M,17,810,6,135.0
93M,18,919,5,183.8
93M,19,865,7,123.6
93M,20,664,7,94.9
93M,21,391,6,65.2
93M,22,409,6,68.2
93M,23,178,3,59.3
93T,5,93,3,31.0
93T,6,454,7,64.9
93T,7,1044,5,208.8
93T,8,958,6,159.7
93T,9,874,5,174.8
93T,10,671,4,167.8
93T,11,768,4,192.0
93T,12,783,4,195.8
93T,13,750,3,250.0
93T,14,725,4,181.2
93T,15,690,4,172.5
93T,16,802,4,200.5
93T,17,852,4,213.0
93T,18,1078,4,269.5
93T,19,934,3,311.3
93T,20,612,7,87.4
93T,21,589,7,84.1
93T,22,527,6,87.8
93T,23,329,4,82.2
94,6,5,1,5.0
94Y,5,35,1,35.0
94Y,7,28,1,28.0
94Y,10,30,1,30.0
94Y,13,68,1,68.0
94Y,14,52,1,52.0
94Y,16,21,1,21.0
94Y,18,52,1,52.0
94Y,20,4,1,4.0
94Y,22,29,1,29.0
97,5,366,8,45.8
97,6,1291,16,80.7
97,7,2739,20,137.0
97,8,2508,13,192.9
97,9,1636,18,90.9
97,10,1477,17,86.9
97,11,1342,20,67.1
97,12,1744,18,96.9
97,13,1675,21,79.8
97,14,1426,19,75.1
97,15,1651,17,97.1
97,16,1966,19,103.5
97,17,1863,18,103.5
97,18,1915,17,112.6
97,19,1756,16,109.8
97,20,1149,16,71.8
97,21,997,18,55.4
97,22,859,12,71.6
97,23,540,4,135.0
97A,6,330,4,82.5
97A,7,519,5,103.8
97A,8,382,3,127.3
97A,9,266,2,133.0
97A,10,286,4,71.5
97A,11,293,3,97.7
97A,12,388,3,129.3
97A,13,328,3,109.3
97A,14,268,2,134.0
97A,15,256,3,85.3
97A,16,231,2,115.5
97A,17,212,2,106.0
97A,18,285,2,142.5
97A,19,226,3,75.3
97A,20,210,5,42.0
97A,21,134,4,33.5
97A,22,149,2,74.5
97A,23,32,1,32.0
97BT,7,101,1,101.0
97BT,9,54,1,54.0
97BT,12,56,1,56.0
97BT,13,21,1,21.0
97BT,15,50,1,50.0
97BT,19,8,1,8.0
97E,5,9,1,9.0
97E,6,182,3,60.7
97E,7,308,3,102.7
97E,8,209,1,209.0
97E,9,151,1,151.0
97E,10,99,2,49.5
97E,11,69,2,34.5
97E,13,94,2,47.0
97E,14,104,2,52.0
97E,15,161,1,161.0
97E,16,235,2,117.5
97E,17,189,1,189.0
97E,18,233,2,116.5
97E,19,194,1,194.0
97E,20,188,1,188.0
97E,21,18,1,18.0
97G,5,99,2,49.5
97G,6,315,6,52.5
97G,7,668,5,133.6
97G,8,466,3,155.3
97G,9,327,3,109.0
97G,10,303,3,101.0
97G,11,295,3,98.3
97G,12,511,4,127.8
97G,13,499,4,124.8
97G,14,398,3,132.7
97G,15,482,3,160.7
97G,16,552,4,138.0
97G,17,667,2,333.5
97G,18,493,4,123.2
97G,19,393,4,98.2
97G,20,517,3,172.3
97G,21,274,8,34.2
97G,22,279,4,69.8
97G,23,61,1,61.0
97GE,5,102,3,34.0
97GE,6,390,4,97.5
97GE,7,683,5,136.6
97GE,8,643,3,214.3
97GE,9,527,2,263.5
97GE,10,438,2,219.0
97GE,11,438,6,73.0
97GE,12,572,4,143.0
97GE,13,504,2,252.0
97GE,14,458,3,152.7
97GE,15,700,3,233.3
97GE,16,753,3,251.0
97GE,17,513,2,256.5
97GE,18,712,3,237.3
97GE,19,548,4,137.0
97GE,20,411,4,102.8
97GE,21,363,5,72.6
97GE,22,202,4,50.5
97GE,23,142,2,71.0
97KZ,6,114,3,38.0
97KZ,7,365,4,91.2
97KZ,8,262,2,131.0
97KZ,9,162,1,162.0
97KZ,10,74,1,74.0
97KZ,11,157,2,78.5
97KZ,12,17,2,8.5
97KZ,14,164,2,82.0
97KZ,15,212,1,212.0
97KZ,16,199,1,199.0
97KZ,17,118,2,59.0
97KZ,18,75,1,75.0
97KZ,19,156,1,156.0
97M,5,110,3,36.7
97M,6,895,6,149.2
97M,7,838,7,119.7
97M,8,417,5,83.4
97M,10,191,1,191.0
97M,11,384,8,48.0
97M,12,454,6,75.7
97M,13,378,4,94.5
97M,14,277,5,55.4
97M,15,351,6,58.5
97M,16,530,5,106.0
97M,17,511,5,102.2
97M,18,529,5,105.8
97M,19,677,4,169.2
97M,20,413,7,59.0
97M,21,407,8,50.9
97M,22,445,5,89.0
97M,23,101,4,25.2
97T,5,52,1,52.0
97T,6,158,4,39.5
97T,7,489,3,163.0
97T,8,502,2,251.0
97T,9,340,2,170.0
97T,10,300,2,150.0
97T,11,162,1,162.0
97T,12,300,2,150.0
97T,13,283,2,141.5
97T,14,258,1,258.0
97T,15,237,1,237.0
97T,16,212,1,212.0
97T,17,332,1,332.0
97T,18,220,1,220.0
97T,19,127,1,127.0
97T,20,101,2,50.5
97T,21,148,2,74.0
97T,23,49,1,49.0
98,5,86,3,28.7
98,6,825,7,117.9
98,7,1372,4,343.0
98,8,1914,2,957.0
98,9,1014,3,338.0
98,10,638,3,212.7
98,11,885,2,442.5
98,12,786,2,393.0
98,13,788,2,394.0
98,14,684,4,171.0
98,15,1148,3,382.7
98,16,1323,2,661.5
98,17,1059,2,529.5
98,18,1066,4,266.5
98,19,1237,1,1237.0
98,20,928,4,232.0
98,21,639,4,159.8
98,22,593,1,593.0
98,23,407,2,203.5
98A,6,38,1,38.0
98A,7,231,3,77.0
98A,8,233,1,233.0
98A,9,150,1,150.0
98A,10,159,2,79.5
98A,12,68,1,68.0
98A,13,63,2,31.5
98A,14,112,1,112.0
98A,15,129,1,129.0
98A,16,131,1,131.0
98A,17,199,1,199.0
98A,20,44,2,22.0
98AB,5,93,2,46.5
98AB,6,465,5,93.0
98AB,7,1306,14,93.3
98AB,8,1185,6,197.5
98AB,9,836,4,209.0
98AB,10,501,2,250.5
98AB,11,487,3,162.3
98AB,12,632,4,158.0
98AB,13,649,3,216.3
98AB,14,595,3,198.3
98AB,15,682,4,170.5
98AB,16,665,5,133.0
98AB,17,585,3,195.0
98AB,18,492,4,123.0
98AB,19,494,3,164.7
98AB,20,421,6,70.2
98AB,21,386,2,193.0
98AB,22,134,2,67.0
98AB,23,116,2,58.0
98B,5,57,2,28.5
98B,6,305,5,61.0
98B,7,1090,8,136.2
98B,8,807,5,161.4
98B,9,630,4,157.5
98B,10,343,2,171.5
98B,11,542,6,90.3
98B,12,578,4,144.5
98B,13,539,6,89.8
98B,14,641,4,160.2
98B,15,801,5,160.2
98B,16,754,5,150.8
98B,17,791,3,263.7
98B,18,582,5,116.4
98B,19,593,4,148.2
98B,20,337,2,168.5
98B,21,191,2,95.5
98B,22,262,3,87.3
98B,23,16,1,16.0
98D,5,55,1,55.0
98D,6,151,4,37.8
98D,7,446,3,148.7
98D,8,509,3,169.7
98D,9,259,1,259.0
98D,10,274,4,68.5
98D,11,295,2,147.5
98D,12,299,3,99.7
98D,13,355,2,177.5
98D,14,285,2,142.5
98D,15,303,3,101.0
98D,16,301,2,150.5
98D,17,267,2,133.5
98D,18,310,3,103.3
98D,19,224,1,224.0
98D,20,157,2,78.5
98D,21,118,2,59.0
98D,22,96,1,96.0
98E,6,73,2,36.5
98E,7,252,2,126.0
98E,9,134,1,134.0
98E,10,82,1,82.0
98E,11,52,2,26.0
98E,12,98,1,98.0
98E,13,91,1,91.0
98E,14,66,1,66.0
98E,15,105,1,105.0
98E,16,106,1,106.0
98E,17,136,1,136.0
98E,18,167,1,167.0
98E,19,68,1,68.0
98E,20,60,1,60.0
98E,21,33,1,33.0
98E,22,20,1,20.0
98G,6,143,5,28.6
98G,7,387,3,129.0
98G,8,275,2,137.5
98G,9,199,2,99.5
98G,10,174,2,87.0
98G,11,212,2,106.0
98G,12,318,2,159.0
98G,13,365,2,182.5
98G,14,312,4,78.0
98G,15,364,4,91.0
98G,16,373,2,186.5
98G,17,374,3,124.7
98G,18,341,2,170.5
98G,19,254,1,254.0
98G,20,163,1,163.0
98G,21,107,2,53.5
98G,22,98,2,49.0
98H,0,3,1,3.0
98H,5,49,3,16.3
98H,6,345,5,69.0
98H,7,675,5,135.0
98H,8,742,3,247.3
98H,9,548,2,274.0
98H,10,392,2,196.0
98H,11,384,2,192.0
98H,12,410,4,102.5
98H,13,420,3,140.0
98H,14,414,2,207.0
98H,15,584,3,194.7
98H,16,766,3,255.3
98H,17,659,3,219.7
98H,18,401,3,133.7
98H,19,402,2,201.0
98H,20,396,4,99.0
98H,21,297,2,148.5
98H,22,249,5,49.8
98H,23,107,2,53.5
98K,6,58,1,58.0
98K,7,46,1,46.0
98K,15,24,1,24.0
98K,17,54,1,54.0
98KM,6,394,8,49.2
98KM,7,1116,11,101.5
98KM,8,680,3,226.7
98KM,9,403,4,100.8
98KM,10,503,4,125.8
98KM,11,350,4,87.5
98KM,12,353,4,88.2
98KM,13,348,4,87.0
98KM,14,463,9,51.4
98KM,15,633,1,633.0
98KM,16,340,1,340.0
98KM,17,517,4,129.2
98KM,18,545,5,109.0
98KM,19,398,2,199.0
98KM,20,365,7,52.1
98KM,21,217,5,43.4
98M,5,58,1,58.0
98M,6,134,2,67.0
98M,7,196,1,196.0
98M,8,262,3,87.3
98M,10,86,2,43.0
98M,12,94,1,94.0
98M,13,114,2,57.0
98M,14,107,2,53.5
98M,15,63,1,63.0
98M,16,113,1,113.0
98M,18,83,1,83.0
98M,20,135,2,67.5
98M,21,123,2,61.5
98M,22,64,1,64.0
98MB,6,92,2,46.0
98MB,7,118,1,118.0
98MB,8,157,1,157.0
98MB,9,63,1,63.0
98MB,15,14,1,14.0
98MB,16,80,2,40.0
98MB,17,45,2,22.5
98MB,19,20,1,20.0
98S,5,69,1,69.0
98S,6,436,8,54.5
98S,7,1278,11,116.2
98S,8,1258,10,125.8
98S,9,953,10,95.3
98S,10,665,6,110.8
98S,11,624,6,104.0
98S,12,715,6,119.2
98S,13,735,6,122.5
98S,14,786,8,98.2
98S,15,993,6,165.5
98S,16,841,5,168.2
98S,17,848,5,169.6
98S,18,834,8,104.2
98S,19,807,4,201.8
98S,20,247,1,247.0
98S,21,156,2,78.0
98S,22,125,2,62.5
98S,23,108,4,27.0
98T,6,98,3,32.7
98T,7,213,2,106.5
98T,8,165,1,165.0
98T,9,70,1,70.0
98T,10,98,1,98.0
98T,11,138,1,138.0
98T,12,107,1,107.0
98T,13,81,1,81.0
98T,14,56,2,28.0
98T,15,136,2,68.0
98T,16,103,1,103.0
98T,17,110,1,110.0
98T,18,205,2,102.5
98T,19,71,1,71.0
98T,20,80,1,80.0
98T,21,40,1,40.0
98T,22,38,1,38.0
98TB,6,26,2,13.0
98TB,7,59,1,59.0
98TB,8,51,2,25.5
98TB,9,72,1,72.0
98TB,10,16,1,16.0
98TB,11,32,1,32.0
98TB,12,54,1,54.0
98TB,13,9,1,9.0
98TB,14,51,1,51.0
98TB,15,33,2,16.5
98TB,19,31,1,31.0
98TB,20,15,1,15.0
98TB,21,35,1,35.0
98Y,5,3,1,3.0
98Y,6,214,4,53.5
98Y,7,532,4,133.0
98Y,8,488,3,162.7
98Y,9,277,2,138.5
98Y,10,210,1,210.0
98Y,11,197,2,98.5
98Y,12,366,2,183.0
98Y,13,297,5,59.4
98Y,14,272,4,68.0
98Y,15,331,5,66.2
98Y,16,321,3,107.0
98Y,17,379,1,379.0
98Y,18,232,2,116.0
98Y,19,381,3,127.0
98Y,20,251,2,125.5
98Y,22,45,2,22.5
99A,5,44,1,44.0
99A,6,257,5,51.4
99A,7,407,6,67.8
99A,8,416,6,69.3
99A,9,335,5,67.0
99A,10,283,4,70.8
99A,11,250,4,62.5
99A,12,359,4,89.8
99A,13,274,5,54.8
99A,14,365,8,45.6
99A,15,376,8,47.0
99A,16,382,8,47.8
99A,17,325,8,40.6
99A,18,364,7,52.0
99A,19,373,8,46.6
99A,20,209,7,29.9
99A,21,103,6,17.2
99A,22,47,2,23.5
9A,5,8,1,8.0
9A,6,9,1,9.0
9A,7,42,1,42.0
9A,8,51,1,51.0
9A,16,69,1,69.0
9A,17,26,1,26.0
9A,18,19,1,19.0
9H,6,87,1,87.0
9H,7,97,2,48.5
9H,9,70,2,35.0
9H,11,33,1,33.0
9H,13,71,1,71.0
9H,18,1,1,1.0
9H,20,16,1,16.0
9H,22,28,1,28.0
9K,5,68,1,68.0
9K,6,207,3,69.0
9K,7,410,2,205.0
9K,8,352,1,352.0
9K,9,141,2,70.5
9K,11,37,2,18.5
9K,13,107,3,35.7
9K,14,399,1,399.0
9K,15,470,4,117.5
9K,16,390,1,390.0
9K,17,430,2,215.0
9K,18,340,1,340.0
9K,19,209,1,209.0
9K,20,110,2,55.0
9K,22,67,1,67.0
9KS,7,70,1,70.0
9KS,8,35,1,35.0
9KS,9,25,1,25.0
9KS,10,8,1,8.0
9KS,12,15,1,15.0
9KS,13,14,1,14.0
9KS,14,15,1,15.0
9KS,15,74,1,74.0
9KS,16,43,1,43.0
9KS,17,19,1,19.0
9KS,19,38,1,38.0
9KS,20,7,1,7.0
9KS,21,11,1,11.0
9T,6,107,2,53.5
9T,7,88,2,44.0
9T,15,10,2,5.0
9T,16,53,1,53.0
9T,17,52,2,26.0
9T,18,66,2,33.0
9T,19,51,1,51.0
9ÇN,6,139,3,46.3
9ÇN,7,306,4,76.5
9ÇN,8,263,1,263.0
9ÇN,9,133,2,66.5
9ÇN,11,25,1,25.0
9ÇN,14,83,1,83.0
9ÇN,15,115,1,115.0
9ÇN,16,187,1,187.0
9ÇN,17,84,2,42.0
9ÇN,18,153,2,76.5
9ÇN,20,38,1,38.0
9ÇN,21,7,1,7.0
ARN1,5,49,2,24.5
ARN1,6,269,3,89.7
ARN1,7,325,3,108.3
ARN1,8,311,3,103.7
ARN1,9,187,5,37.4
ARN1,10,200,6,33.3
ARN1,11,214,4,53.5
ARN1,12,281,4,70.2
ARN1,13,269,5,53.8
ARN1,14,190,3,63.3
ARN1,15,148,3,49.3
ARN1,16,321,4,80.2
ARN1,17,293,5,58.6
ARN1,18,246,4,61.5
ARN1,19,179,5,35.8
ARN1,20,104,4,26.0
ARN1,21,125,5,25.0
ARN1,22,35,1,35.0
BA-1,6,2,2,1.0
BA-1,7,9,2,4.5
BA-1,8,49,5,9.8
BA-1,9,16,2,8.0
BA-1,10,25,2,12.5
BA-1,11,21,2,10.5
BA-1,12,30,2,15.0
BA-1,13,10,3,3.3
BA-1,14,13,3,4.3
BA-1,15,27,3,9.0
BA-1,16,35,3,11.7
BA-1,17,29,3,9.7
BA-1,18,23,3,7.7
BA-1,19,15,3,5.0
BA-1,20,13,3,4.3
BA-1,21,15,2,7.5
BA-1,22,15,2,7.5
BA-1,23,7,2,3.5
BA-2,9,8,3,2.7
BA-2,10,38,7,5.4
BA-2,11,128,9,14.2
BA-2,12,135,16,8.4
BA-2,13,123,16,7.7
BA-2,14,155,19,8.2
BA-2,15,186,20,9.3
BA-2,16,145,18,8.1
BA-2,17,97,16,6.1
BA-2,18,119,14,8.5
BA-2,19,73,10,7.3
BA-2,20,40,5,8.0
BA-2,21,2,1,2.0
BA-4,0,6,1,6.0
BA-4,6,3,2,1.5
BA-4,7,9,2,4.5
BA-4,8,18,2,9.0
BA-4,9,3,4,0.8
BA-4,12,22,1,22.0
BA-4,13,33,2,16.5
BA-4,14,38,4,9.5
BA-4,15,42,2,21.0
BA-4,16,59,3,19.7
BA-4,17,46,1,46.0
BA-4,18,58,4,14.5
BA-4,19,21,1,21.0
BA-4,20,31,2,15.5
BA-4,21,22,2,11.0
BA-4,22,10,2,5.0
BA-4,23,9,2,4.5
BA-5,6,3,2,1.5
BA-5,7,12,2,6.0
BA-5,8,19,1,19.0
BA-5,9,12,3,4.0
BA-5,10,4,1,4.0
BA-5,11,13,2,6.5
BA-5,12,21,1,21.0
BA-5,13,16,2,8.0
BA-5,14,24,2,12.0
BA-5,15,30,2,15.0
BA-5,16,19,2,9.5
BA-5,17,10,2,5.0
BA-5,18,5,2,2.5
BA-5,19,7,2,3.5
BA-5,20,6,2,3.0
BM5,5,3,1,3.0
BM5,6,31,2,15.5
BM5,7,87,2,43.5
BM5,8,107,3,35.7
BM5,9,29,1,29.0
BM5,16,36,3,12.0
BM5,17,67,1,67.0
BM5,18,24,2,12.0
BM5,19,30,2,15.0
BM6,6,28,2,14.0
BM6,7,465,2,232.5
BM6,8,270,4,67.5
BM6,9,187,3,62.3
BM6,10,124,3,41.3
BM6,11,115,2,57.5
BM6,12,120,3,40.0
BM6,13,89,3,29.7
BM6,14,121,2,60.5
BM6,15,160,2,80.0
BM6,16,407,4,101.8
BM6,17,213,3,71.0
BM6,18,240,2,120.0
BM6,19,276,3,92.0
BM6,20,62,2,31.0
BM6,21,102,3,34.0
BM6,22,38,2,19.0
BN1,0,99,1,99.0
BN1,5,155,4,38.8
BN1,6,430,6,71.7
BN1,7,911,6,151.8
BN1,8,1111,8,138.9
BN1,9,764,4,191.0
BN1,10,615,8,76.9
BN1,11,620,8,77.5
BN1,12,639,7,91.3
BN1,13,690,7,98.6
BN1,14,715,8,89.4
BN1,15,751,9,83.4
BN1,16,842,9,93.6
BN1,17,788,9,87.6
BN1,18,823,9,91.4
BN1,19,674,8,84.2
BN1,20,576,6,96.0
BN1,21,404,6,67.3
BN1,22,422,7,60.3
BN1,23,289,2,144.5
BU-1,6,3,1,3.0
BU-1,8,5,2,2.5
BU-1,9,1,2,0.5
BU-1,10,6,2,3.0
BU-1,11,7,3,2.3
BU-1,12,3,4,0.8
BU-1,13,48,4,12.0
BU-1,14,20,2,10.0
BU-1,15,23,3,7.7
BU-1,16,27,2,13.5
BU-1,17,29,4,7.2
BU-1,18,19,2,9.5
BU-1,19,15,3,5.0
BU-1,20,10,1,10.0
BU-1,21,13,2,6.5
BU-1,22,4,1,4.0
BU-1,23,5,1,5.0
DS1,7,21,1,21.0
DS1,8,25,1,25.0
DS1,9,12,1,12.0
DS1,10,21,1,21.0
DS1,11,23,2,11.5
DS1,12,53,1,53.0
DS1,13,114,1,114.0
DS1,14,49,1,49.0
DS1,15,57,2,28.5
DS1,18,20,2,10.0
DS1,19,9,1,9.0
DS2,7,16,1,16.0
DS2,8,55,1,55.0
DS2,9,27,1,27.0
DS2,10,13,1,13.0
DS2,11,23,1,23.0
DS2,12,42,1,42.0
DS2,13,24,2,12.0
DS2,14,27,1,27.0
DS2,17,21,1,21.0
DT1,6,216,5,43.2
DT1,7,561,6,93.5
DT1,8,942,4,235.5
DT1,9,629,6,104.8
DT1,10,470,4,117.5
DT1,11,452,4,113.0
DT1,12,455,6,75.8
DT1,13,616,4,154.0
DT1,14,542,6,90.3
DT1,15,571,5,114.2
DT1,16,577,4,144.2
DT1,17,393,4,98.2
DT1,18,453,3,151.0
DT1,19,462,3,154.0
DT1,20,213,4,53.2
DT1,21,344,4,86.0
DT1,22,299,2,149.5
DT1,23,110,1,110.0
DT2,5,15,1,15.0
DT2,6,547,8,68.4
DT2,7,897,12,74.8
DT2,8,1304,10,130.4
DT2,9,1042,8,130.2
DT2,10,776,8,97.0
DT2,11,652,8,81.5
DT2,12,741,7,105.9
DT2,13,847,7,121.0
DT2,14,673,7,96.1
DT2,15,981,7,140.1
DT2,16,993,6,165.5
DT2,17,851,7,121.6
DT2,18,981,7,140.1
DT2,19,741,6,123.5
DT2,20,536,5,107.2
DT2,21,393,5,78.6
DT2,22,408,3,136.0
DT2,23,263,4,65.8
E-10,0,40,1,40.0
E-10,1,129,2,64.5
E-10,2,85,2,42.5
E-10,3,61,2,30.5
E-10,5,21,1,21.0
E-10,20,5,1,5.0
E-10,22,32,1,32.0
E-10,23,27,1,27.0
E-11,7,52,1,52.0
E-11,9,18,1,18.0
E-11,10,54,1,54.0
E-11,12,30,1,30.0
E-11,13,35,1,35.0
E-11,15,31,1,31.0
E-11,16,22,1,22.0
E-11,18,48,1,48.0
E-11,19,22,1,22.0
E-11,21,13,1,13.0
E-11,22,9,1,9.0
E-3,0,86,2,43.0
E-3,1,8,1,8.0
E-3,4,21,2,10.5
E-3,5,48,2,24.0
E-3,6,165,4,41.2
E-3,7,203,4,50.8
E-3,8,197,4,49.2
E-3,9,136,4,34.0
E-3,10,143,4,35.8
E-3,11,203,4,50.8
E-3,12,243,4,60.8
E-3,13,190,4,47.5
E-3,14,190,4,47.5
E-3,15,189,5,37.8
E-3,16,185,3,61.7
E-3,17,225,4,56.2
E-3,18,185,4,46.2
E-3,19,151,4,37.8
E-3,20,121,4,30.2
E-3,21,135,4,33.8
E-3,22,89,4,22.2
E-3,23,70,4,17.5
E-57,12,1,1,1.0
E-57,13,19,1,19.0
E-57,19,6,1,6.0
E-57,21,1,2,0.5
E-57,22,2,2,1.0
E-58,6,44,3,14.7
E-58,7,80,5,16.0
E-58,8,11,4,2.8
E-58,9,15,5,3.0
E-58,10,55,5,11.0
E-58,11,53,4,13.2
E-58,12,41,4,10.2
E-58,14,37,3,12.3
E-58,15,21,4,5.2
E-58,16,54,4,13.5
E-58,17,59,4,14.8
E-58,18,27,3,9.0
E-58,19,36,4,9.0
E-58,20,33,3,11.0
E-58,21,63,1,63.0
E-9,7,8,1,8.0
E-9,8,1,1,1.0
E-9,10,10,1,10.0
E-9,12,4,1,4.0
E-9,13,5,1,5.0
E-9,15,11,1,11.0
E-9,16,5,1,5.0
E-9,18,22,1,22.0
EL2,6,35,1,35.0
EL2,7,250,2,125.0
EL2,8,182,3,60.7
EL2,9,148,2,74.0
EL2,10,106,3,35.3
EL2,11,108,3,36.0
EL2,12,211,3,70.3
EL2,13,185,3,61.7
EL2,14,123,2,61.5
EL2,15,192,2,96.0
EL2,16,173,2,86.5
EL2,17,150,2,75.0
EL2,18,211,1,211.0
EL2,19,98,2,49.0
EL2,20,69,2,34.5
EL2,21,93,2,46.5
EM1,5,25,1,25.0
EM1,6,304,9,33.8
EM1,7,809,7,115.6
EM1,8,1240,9,137.8
EM1,9,713,8,89.1
EM1,10,650,7,92.9
EM1,11,593,7,84.7
EM1,12,774,6,129.0
EM1,13,795,6,132.5
EM1,14,741,6,123.5
EM1,15,864,5,172.8
EM1,16,871,4,217.8
EM1,17,976,3,325.3
EM1,18,973,5,194.6
EM1,19,573,2,286.5
EM1,20,345,2,172.5
EM1,21,134,2,67.0
EM1,22,49,1,49.0
EM2,6,115,3,38.3
EM2,7,727,7,103.9
EM2,8,732,6,122.0
EM2,9,513,6,85.5
EM2,10,386,6,64.3
EM2,11,487,5,97.4
EM2,12,475,6,79.2
EM2,13,429,4,107.2
EM2,14,535,3,178.3
EM2,15,417,4,104.2
EM2,16,497,6,82.8
EM2,17,369,7,52.7
EM2,18,665,6,110.8
EM2,19,558,6,93.0
EM2,20,279,4,69.8
EM2,21,153,3,51.0
EM2,22,84,1,84.0
ER1,6,3,1,3.0
ER2,6,71,1,71.0
ER2,7,116,1,116.0
ER2,8,100,1,100.0
ER2,9,86,1,86.0
ER2,11,76,1,76.0
ER2,12,34,1,34.0
ER2,14,43,1,43.0
ER2,15,37,1,37.0
ER2,17,40,1,40.0
ER2,19,54,1,54.0
ER2,20,21,1,21.0
ER2,22,22,1,22.0
ES1,6,48,2,24.0
ES1,7,76,2,38.0
ES1,8,31,2,15.5
ES1,15,4,1,4.0
ES1,16,45,2,22.5
ES1,17,62,1,62.0
ES1,18,19,1,19.0
ES1,19,58,1,58.0
ES2,6,37,1,37.0
ES2,7,35,1,35.0
ES2,8,44,1,44.0
ES2,17,9,1,9.0
ES2,18,6,1,6.0
ES3,6,16,4,4.0
ES3,7,39,2,19.5
ES3,16,5,1,5.0
ES3,17,26,2,13.0
FB1,7,44,1,44.0
FB1,8,66,1,66.0
FB1,9,69,1,69.0
FB1,10,43,1,43.0
FB1,12,116,1,116.0
FB1,13,46,1,46.0
FB1,14,47,1,47.0
FB1,16,77,1,77.0
FB1,17,45,1,45.0
FB1,18,32,1,32.0
FB1,20,62,1,62.0
FB1,21,12,1,12.0
FB1,22,16,1,16.0
GZ1,6,29,1,29.0
GZ1,7,49,1,49.0
GZ1,8,71,1,71.0
GZ1,9,164,1,164.0
GZ1,10,101,1,101.0
GZ1,11,108,1,108.0
GZ1,13,127,1,127.0
GZ1,14,66,1,66.0
GZ1,15,150,1,150.0
GZ1,17,68,1,68.0
GZ1,18,111,1,111.0
GZ1,19,63,1,63.0
GZ1,21,36,1,36.0
H-1,6,19,1,19.0
H-1,7,79,2,39.5
H-1,8,54,2,27.0
H-1,9,28,1,28.0
H-1,10,21,1,21.0
H-1,11,29,2,14.5
H-1,12,28,2,14.0
H-1,13,34,2,17.0
H-1,14,27,2,13.5
H-1,16,40,2,20.0
H-1,17,36,2,18.0
H-1,19,43,2,21.5
H-1,20,26,2,13.0
H-1,21,12,1,12.0
H-2,1,13,1,13.0
H-2,5,21,1,21.0
H-3,5,11,2,5.5
H-3,6,62,1,62.0
H-3,7,47,2,23.5
H-3,8,57,2,28.5
H-3,10,49,2,24.5
H-3,11,29,1,29.0
H-3,12,31,1,31.0
H-3,13,57,1,57.0
H-3,15,56,1,56.0
H-3,16,48,2,24.0
H-3,17,32,1,32.0
H-3,18,93,1,93.0
H-3,19,80,2,40.0
H-3,20,36,1,36.0
H-6,0,22,1,22.0
H-6,1,14,1,14.0
H-6,6,136,3,45.3
H-6,7,260,3,86.7
H-6,8,252,3,84.0
H-6,9,95,2,47.5
H-6,10,114,2,57.0
H-6,11,107,4,26.8
H-6,12,214,2,107.0
H-6,13,76,2,38.0
H-6,14,101,2,50.5
H-6,15,119,3,39.7
H-6,16,176,3,58.7
H-6,17,126,2,63.0
H-6,18,168,2,84.0
H-6,19,184,2,92.0
H-6,20,64,2,32.0
H-6,21,63,2,31.5
H-6,22,56,3,18.7
H-8,14,8,1,8.0
H-8,16,26,1,26.0
H-8,18,45,1,45.0
H-8,20,2,1,2.0
HA-1,7,3,2,1.5
HA-1,8,37,4,9.2
HA-1,9,4,2,2.0
HA-1,10,7,3,2.3
HA-1,11,6,2,3.0
HA-1,12,1,1,1.0
HA-1,13,9,1,9.0
HA-1,14,13,2,6.5
HA-1,15,4,2,2.0
HA-1,16,8,1,8.0
HA-1,17,18,3,6.0
HA-1,18,16,2,8.0
HA-1,19,15,2,7.5
HA-1,20,10,2,5.0
HA-1,21,9,2,4.5
HA-1,22,5,2,2.5
HA-1,23,2,2,1.0
HA-2,11,6,1,6.0
HA-2,12,5,1,5.0
HA-2,13,15,2,7.5
HA-2,14,2,1,2.0
HA-2,16,11,1,11.0
HM1,0,1,1,1.0
HM1,6,106,4,26.5
HM1,7,236,2,118.0
HM1,8,142,2,71.0
HM1,9,138,1,138.0
HM1,10,98,2,49.0
HM1,11,108,2,54.0
HM1,12,165,1,165.0
HM1,13,117,2,58.5
HM1,14,116,1,116.0
HM1,15,243,3,81.0
HM1,16,266,2,133.0
HM1,17,193,2,96.5
HM1,18,256,2,128.0
HM1,19,212,1,212.0
HM1,20,122,2,61.0
HM1,21,113,3,37.7
HM1,22,103,2,51.5
HM1,23,58,1,58.0
HM2,8,151,1,151.0
HM2,9,66,2,33.0
HM2,10,89,1,89.0
HM2,11,78,2,39.0
HM2,12,26,1,26.0
HM2,13,85,2,42.5
HM2,14,14,1,14.0
HM2,15,73,2,36.5
HM2,16,101,2,50.5
HM2,17,69,2,34.5
HM3,6,11,2,5.5
HM3,7,101,2,50.5
HM3,8,69,1,69.0
HM3,9,68,1,68.0
HM4,6,18,1,18.0
HM4,7,68,1,68.0
HM4,8,75,1,75.0
HM4,9,51,1,51.0
HM4,10,58,1,58.0
HM4,11,40,1,40.0
HM4,12,28,1,28.0
HM4,13,37,1,37.0
HM4,14,36,1,36.0
HM4,15,24,1,24.0
HM4,17,31,1,31.0
HM4,19,30,1,30.0
HM4,20,11,1,11.0
HM4,21,8,1,8.0
HS1,6,159,4,39.8
HS1,7,411,8,51.4
HS1,8,362,6,60.3
HS1,9,321,8,40.1
HS1,10,203,5,40.6
HS1,11,158,3,52.7
HS1,12,160,4,40.0
HS1,13,169,3,56.3
HS1,14,204,4,51.0
HS1,15,252,5,50.4
HS1,16,305,4,76.2
HS1,17,213,3,71.0
HS1,18,141,3,47.0
HS1,19,86,4,21.5
HS1,20,86,3,28.7
HS1,21,39,1,39.0
HS2,6,282,5,56.4
HS2,7,443,6,73.8
HS2,8,549,4,137.2
HS2,9,392,6,65.3
HS2,10,330,4,82.5
HS2,11,368,6,61.3
HS2,12,380,6,63.3
HS2,13,588,7,84.0
HS2,14,445,6,74.2
HS2,15,742,6,123.7
HS2,16,500,5,100.0
HS2,17,428,3,142.7
HS2,18,451,5,90.2
HS2,19,462,6,77.0
HS2,20,431,6,71.8
HS2,21,159,2,79.5
HT1,5,29,1,29.0
HT1,6,482,8,60.2
HT1,7,1007,11,91.5
HT1,8,932,7,133.1
HT1,9,692,8,86.5
HT1,10,538,8,67.2
HT1,11,496,8,62.0
HT1,12,624,8,78.0
HT1,13,595,6,99.2
HT1,14,523,9,58.1
HT1,15,496,4,124.0
HT1,16,796,7,113.7
HT1,17,618,5,123.6
HT1,18,674,7,96.3
HT1,19,490,5,98.0
HT1,20,429,7,61.3
HT1,21,183,2,91.5
HT1,22,38,1,38.0
HT10,6,86,2,43.0
HT10,7,150,2,75.0
HT10,8,105,2,52.5
HT10,9,21,1,21.0
HT10,11,7,1,7.0
HT10,12,23,1,23.0
HT10,13,9,1,9.0
HT10,14,9,1,9.0
HT10,15,95,1,95.0
HT10,16,95,1,95.0
HT10,17,80,1,80.0
HT10,18,77,2,38.5
HT10,19,93,1,93.0
HT11,5,23,2,11.5
HT11,6,460,7,65.7
HT11,7,1049,11,95.4
HT11,8,574,8,71.8
HT11,9,577,7,82.4
HT11,10,363,7,51.9
HT11,11,287,7,41.0
HT11,12,326,5,65.2
HT11,13,415,7,59.3
HT11,14,428,6,71.3
HT11,15,498,6,83.0
HT11,16,665,7,95.0
HT11,17,616,5,123.2
HT11,18,687,9,76.3
HT11,19,480,5,96.0
HT11,20,305,3,101.7
HT11,21,166,3,55.3
HT12,6,170,5,34.0
HT12,7,290,5,58.0
HT12,8,337,5,67.4
HT12,9,136,6,22.7
HT12,10,102,4,25.5
HT12,11,116,4,29.0
HT12,12,150,4,37.5
HT12,13,149,4,37.2
HT12,14,120,3,40.0
HT12,15,99,3,33.0
HT12,16,268,5,53.6
HT12,17,322,6,53.7
HT12,18,351,3,117.0
HT12,19,241,4,60.2
HT12,20,138,4,34.5
HT12,21,83,4,20.8
HT13,6,77,3,25.7
HT13,7,236,3,78.7
HT13,8,104,3,34.7
HT13,9,65,1,65.0
HT13,16,80,2,40.0
HT13,17,134,4,33.5
HT13,18,149,3,49.7
HT18,6,46,1,46.0
HT18,7,198,3,66.0
HT18,8,222,3,74.0
HT18,9,112,1,112.0
HT18,10,49,1,49.0
HT18,11,55,2,27.5
HT18,12,131,1,131.0
HT18,13,57,2,28.5
HT18,15,50,1,50.0
HT18,16,192,4,48.0
HT18,17,111,1,111.0
HT18,18,26,2,13.0
HT18,19,9,1,9.0
HT18,20,26,1,26.0
HT18,21,6,1,6.0
HT19,7,146,5,29.2
HT19,8,374,12,31.2
HT19,9,257,9,28.6
HT19,10,179,2,89.5
HT19,11,261,6,43.5
HT19,12,459,6,76.5
HT19,13,455,6,75.8
HT19,14,213,5,42.6
HT19,15,297,8,37.1
HT19,16,221,5,44.2
HT19,17,19,2,9.5
HT19,18,38,1,38.0
HT20,5,49,1,49.0
HT20,6,250,4,62.5
HT20,7,685,6,114.2
HT20,8,570,3,190.0
HT20,9,328,4,82.0
HT20,10,394,5,78.8
HT20,11,295,5,59.0
HT20,12,479,2,239.5
HT20,13,444,6,74.0
HT20,14,439,6,73.2
HT20,15,531,4,132.8
HT20,16,699,3,233.0
HT20,17,552,6,92.0
HT20,18,568,4,142.0
HT20,19,445,4,111.2
HT20,20,367,6,61.2
HT20,21,288,3,96.0
HT20,22,274,1,274.0
HT20,23,75,1,75.0
HT29,5,149,3,49.7
HT29,6,562,10,56.2
HT29,7,645,10,64.5
HT29,8,656,9,72.9
HT29,9,292,9,32.4
HT29,10,311,7,44.4
HT29,11,387,5,77.4
HT29,12,385,8,48.1
HT29,13,328,10,32.8
HT29,14,296,9,32.9
HT29,15,465,5,93.0
HT29,16,635,12,52.9
HT29,17,511,9,56.8
HT29,18,623,9,69.2
HT29,19,504,6,84.0
HT29,20,326,7,46.6
HT29,21,138,6,23.0
HT29,22,130,3,43.3
HT29,23,18,1,18.0
HT48,8,20,2,10.0
HT48,13,18,2,9.0
HT48,14,11,2,5.5
HT48,16,93,2,46.5
HT48,17,37,1,37.0
HT48,18,33,1,33.0
HT48,19,22,2,11.0
HT48,20,4,1,4.0
HT48,21,32,1,32.0
HT5,5,26,1,26.0
HT5,6,87,3,29.0
HT5,7,333,3,111.0
HT5,8,275,3,91.7
HT5,9,221,4,55.2
HT5,10,168,4,42.0
HT5,11,161,3,53.7
HT5,12,235,4,58.8
HT5,13,207,3,69.0
HT5,14,181,3,60.3
HT5,15,185,4,46.2
HT5,16,273,3,91.0
HT5,17,218,3,72.7
HT5,18,220,4,55.0
HT5,19,252,3,84.0
HT5,20,102,4,25.5
HT5,21,79,2,39.5
HT5,22,77,1,77.0
HT6,6,16,2,8.0
HT6,7,82,1,82.0
HT6,8,96,4,24.0
HT6,9,42,3,14.0
HT6,10,24,1,24.0
HT6,11,48,1,48.0
HT6,12,35,2,17.5
HT6,13,33,1,33.0
HT6,14,24,1,24.0
HT6,15,58,2,29.0
HT6,16,85,1,85.0
HT6,17,47,1,47.0
HT6,18,74,1,74.0
HT6,19,74,2,37.0
HT6,20,11,1,11.0
HT6,21,23,1,23.0
K1,5,3,1,3.0
K1,6,24,1,24.0
K1,7,161,2,80.5
K1,8,151,2,75.5
K1,9,150,1,150.0
K1,10,94,2,47.0
K1,11,84,1,84.0
K1,12,183,2,91.5
K1,13,47,1,47.0
K1,14,85,1,85.0
K1,15,85,2,42.5
K1,16,41,1,41.0
K1,17,82,1,82.0
K1,18,88,1,88.0
K1,20,19,2,9.5
K1,21,44,1,44.0
K2,6,48,2,24.0
K2,7,173,2,86.5
K2,8,180,1,180.0
K2,9,147,2,73.5
K2,10,64,1,64.0
K2,11,121,2,60.5
K2,12,104,1,104.0
K2,13,102,2,51.0
K2,14,131,1,131.0
K2,15,93,2,46.5
K2,16,85,1,85.0
K2,17,105,2,52.5
K2,18,57,1,57.0
K2,19,30,1,30.0
K2,20,46,1,46.0
K2,21,44,1,44.0
KA-2,10,3,2,1.5
KA-2,11,4,1,4.0
KA-2,12,12,3,4.0
KA-2,13,4,1,4.0
KA-2,14,2,1,2.0
KA-2,15,5,3,1.7
KA-2,17,3,2,1.5
KM10,5,30,1,30.0
KM10,6,50,2,25.0
KM10,7,112,3,37.3
KM10,8,196,2,98.0
KM10,9,48,1,48.0
KM10,16,108,2,54.0
KM10,17,74,2,37.0
KM10,18,131,2,65.5
KM10,19,63,1,63.0
KM11,5,167,4,41.8
KM11,6,749,20,37.4
KM11,7,1457,20,72.8
KM11,8,1539,20,77.0
KM11,9,747,20,37.4
KM11,10,527,12,43.9
KM11,11,615,13,47.3
KM11,12,615,9,68.3
KM11,13,727,11,66.1
KM11,14,610,11,55.5
KM11,15,949,15,63.3
KM11,16,1367,18,75.9
KM11,17,1218,19,64.1
KM11,18,995,20,49.8
KM11,19,983,17,57.8
KM11,20,426,8,53.2
KM11,21,397,8,49.6
KM11,22,245,5,49.0
KM11,23,137,2,68.5
KM12,5,13,1,13.0
KM12,6,176,4,44.0
KM12,7,384,4,96.0
KM12,8,440,4,110.0
KM12,9,265,3,88.3
KM12,10,128,2,64.0
KM12,11,75,2,37.5
KM12,12,115,1,115.0
KM12,13,84,1,84.0
KM12,14,161,3,53.7
KM12,15,232,6,38.7
KM12,16,336,3,112.0
KM12,17,361,4,90.2
KM12,18,252,2,126.0
KM12,19,183,3,61.0
KM12,20,100,2,50.0
KM12,21,49,1,49.0
KM12,22,52,3,17.3
KM12,23,14,2,7.0
KM13,5,25,1,25.0
KM13,6,221,4,55.2
KM13,7,475,5,95.0
KM13,8,486,5,97.2
KM13,9,263,4,65.8
KM13,10,254,4,63.5
KM13,11,269,5,53.8
KM13,12,345,5,69.0
KM13,13,436,5,87.2
KM13,14,374,5,74.8
KM13,15,365,5,73.0
KM13,16,457,5,91.4
KM13,17,415,4,103.8
KM13,18,477,5,95.4
KM13,19,260,6,43.3
KM13,20,181,5,36.2
KM13,21,152,4,38.0
KM13,22,119,6,19.8
KM14,6,31,1,31.0
KM14,7,60,1,60.0
KM14,8,65,1,65.0
KM14,14,15,1,15.0
KM14,16,108,1,108.0
KM14,17,23,1,23.0
KM15,6,27,2,13.5
KM15,7,69,1,69.0
KM15,8,61,1,61.0
KM15,16,88,1,88.0
KM15,17,59,1,59.0
KM15,18,28,1,28.0
KM15,19,39,2,19.5
KM17,6,47,1,47.0
KM17,7,105,2,52.5
KM17,8,164,4,41.0
KM17,9,43,2,21.5
KM17,10,16,1,16.0
KM17,15,18,1,18.0
KM17,16,96,2,48.0
KM17,17,46,2,23.0
KM17,18,52,3,17.3
KM17,19,98,2,49.0
KM18,6,9,1,9.0
KM18,7,107,1,107.0
KM18,8,192,4,48.0
KM18,9,44,1,44.0
KM18,10,51,1,51.0
KM18,11,54,1,54.0
KM18,12,51,1,51.0
KM18,13,63,1,63.0
KM18,14,10,2,5.0
KM18,15,86,2,43.0
KM18,16,173,2,86.5
KM18,17,67,2,33.5
KM18,18,134,3,44.7
KM18,19,34,2,17.0
KM18,20,45,1,45.0
KM18,21,24,1,24.0
KM2,6,50,1,50.0
KM2,7,96,1,96.0
KM2,8,34,1,34.0
KM2,9,33,1,33.0
KM2,17,57,1,57.0
KM2,18,30,1,30.0
KM2,19,29,1,29.0
KM21,7,31,3,10.3
KM21,8,18,2,9.0
KM21,10,12,4,3.0
KM21,22,2,1,2.0
KM21,23,6,1,6.0
KM23,5,106,1,106.0
KM23,6,301,4,75.2
KM23,7,880,9,97.8
KM23,8,1116,7,159.4
KM23,9,633,6,105.5
KM23,10,511,6,85.2
KM23,11,498,5,99.6
KM23,12,584,6,97.3
KM23,13,657,7,93.9
KM23,14,632,9,70.2
KM23,15,708,10,70.8
KM23,16,664,4,166.0
KM23,17,549,7,78.4
KM23,18,486,8,60.8
KM23,19,436,5,87.2
KM23,20,350,10,35.0
KM23,21,250,6,41.7
KM23,22,204,6,34.0
KM23,23,79,4,19.8
KM24,0,20,1,20.0
KM24,5,75,2,37.5
KM24,6,417,7,59.6
KM24,7,713,11,64.8
KM24,8,1009,9,112.1
KM24,9,386,6,64.3
KM24,10,300,6,50.0
KM24,11,245,5,49.0
KM24,12,321,6,53.5
KM24,13,394,6,65.7
KM24,14,389,8,48.6
KM24,15,617,10,61.7
KM24,16,836,10,83.6
KM24,17,628,9,69.8
KM24,18,606,6,101.0
KM24,19,490,5,98.0
KM24,20,169,4,42.2
KM24,21,176,4,44.0
KM24,22,138,3,46.0
KM24,23,30,1,30.0
KM25,5,15,1,15.0
KM25,6,110,3,36.7
KM25,7,140,4,35.0
KM25,8,205,5,41.0
KM25,9,137,4,34.2
KM25,10,62,3,20.7
KM25,11,57,2,28.5
KM25,12,17,4,4.2
KM25,13,57,2,28.5
KM25,14,34,4,8.5
KM25,15,164,3,54.7
KM25,16,169,5,33.8
KM25,17,149,4,37.2
KM25,18,41,2,20.5
KM25,19,138,1,138.0
KM25,20,68,4,17.0
KM25,21,43,3,14.3
KM25,22,31,1,31.0
KM25,23,5,1,5.0
KM26,5,3,1,3.0
KM26,6,67,2,33.5
KM26,7,158,6,26.3
KM26,8,117,4,29.2
KM26,9,48,3,16.0
KM26,14,1,2,0.5
KM26,15,161,4,40.2
KM26,16,107,3,35.7
KM26,17,124,5,24.8
KM26,18,162,4,40.5
KM26,19,8,2,4.0
KM27,5,2,1,2.0
KM27,6,47,1,47.0
KM27,7,208,4,52.0
KM27,8,318,2,159.0
KM27,9,110,1,110.0
KM27,10,114,2,57.0
KM27,11,144,2,72.0
KM27,12,76,2,38.0
KM27,13,33,3,11.0
KM27,14,157,2,78.5
KM27,15,220,4,55.0
KM27,16,332,3,110.7
KM27,17,253,3,84.3
KM27,18,296,4,74.0
KM27,19,190,3,63.3
KM27,20,110,3,36.7
KM27,21,64,1,64.0
KM27,22,44,2,22.0
KM28,7,148,2,74.0
KM28,8,162,2,81.0
KM28,9,43,1,43.0
KM28,10,36,1,36.0
KM28,11,37,1,37.0
KM28,15,46,1,46.0
KM28,16,58,1,58.0
KM28,18,4,1,4.0
KM29,5,7,1,7.0
KM29,6,245,4,61.2
KM29,7,706,7,100.9
KM29,8,628,7,89.7
KM29,9,423,5,84.6
KM29,10,367,6,61.2
KM29,11,410,4,102.5
KM29,12,413,5,82.6
KM29,13,453,4,113.2
KM29,14,291,7,41.6
KM29,15,516,6,86.0
KM29,16,575,6,95.8
KM29,17,557,6,92.8
KM29,18,615,4,153.8
KM29,19,317,10,31.7
KM29,20,167,5,33.4
KM29,21,246,7,35.1
KM29,22,142,6,23.7
KM29,23,85,3,28.3
KM3,6,4,1,4.0
KM3,9,31,1,31.0
KM3,10,6,1,6.0
KM3,16,64,1,64.0
KM3,17,32,1,32.0
KM31,5,49,1,49.0
KM31,6,321,7,45.9
KM31,7,537,8,67.1
KM31,8,381,5,76.2
KM31,9,130,5,26.0
KM31,10,125,3,41.7
KM31,11,136,1,136.0
KM31,12,62,1,62.0
KM31,13,68,2,34.0
KM31,15,112,2,56.0
KM31,16,149,3,49.7
KM31,17,166,3,55.3
KM31,18,301,5,60.2
KM31,19,176,2,88.0
KM31,20,57,4,14.2
KM31,21,85,5,17.0
KM31,22,71,4,17.8
KM32,5,29,1,29.0
KM32,6,47,2,23.5
KM32,7,88,4,22.0
KM32,8,67,2,33.5
KM32,9,54,2,27.0
KM32,10,74,2,37.0
KM32,11,48,2,24.0
KM32,12,53,2,26.5
KM32,13,53,2,26.5
KM32,14,36,2,18.0
KM32,15,47,2,23.5
KM32,16,79,3,26.3
KM32,17,125,3,41.7
KM32,18,97,1,97.0
KM32,19,58,2,29.0
KM32,20,27,2,13.5
KM32,21,24,1,24.0
KM33,5,1,1,1.0
KM33,6,115,4,28.8
KM33,7,413,4,103.2
KM33,8,478,6,79.7
KM33,9,206,4,51.5
KM33,10,134,4,33.5
KM33,11,150,3,50.0
KM33,12,152,2,76.0
KM33,13,138,3,46.0
KM33,14,179,3,59.7
KM33,15,314,5,62.8
KM33,16,417,6,69.5
KM33,17,360,6,60.0
KM33,18,319,4,79.8
KM33,19,217,4,54.2
KM33,20,103,3,34.3
KM33,21,91,3,30.3
KM33,22,41,1,41.0
KM34,5,56,2,28.0
KM34,6,338,6,56.3
KM34,7,1053,10,105.3
KM34,8,1121,8,140.1
KM34,9,605,7,86.4
KM34,10,454,5,90.8
KM34,11,550,6,91.7
KM34,12,570,6,95.0
KM34,13,571,6,95.2
KM34,14,610,6,101.7
KM34,15,697,8,87.1
KM34,16,831,6,138.5
KM34,17,770,6,128.3
KM34,18,737,7,105.3
KM34,19,547,8,68.4
KM34,20,448,8,56.0
KM34,21,319,7,45.6
KM34,22,229,4,57.2
KM34,23,45,1,45.0
KM35,5,54,2,27.0
KM35,6,88,4,22.0
KM35,7,263,4,65.8
KM35,8,273,4,68.2
KM35,9,100,4,25.0
KM35,10,78,3,26.0
KM35,11,91,3,30.3
KM35,12,97,3,32.3
KM35,13,122,3,40.7
KM35,14,100,3,33.3
KM35,15,190,3,63.3
KM35,16,389,5,77.8
KM35,17,220,3,73.3
KM35,18,190,4,47.5
KM35,19,115,3,38.3
KM35,20,102,4,25.5
KM35,21,90,2,45.0
KM35,22,80,2,40.0
KM35,23,42,2,21.0
KM36,5,18,1,18.0
KM36,6,68,3,22.7
KM36,7,174,4,43.5
KM36,8,160,2,80.0
KM36,9,40,2,20.0
KM36,10,26,2,13.0
KM36,11,28,1,28.0
KM36,12,17,1,17.0
KM36,13,29,1,29.0
KM36,14,13,1,13.0
KM36,15,45,2,22.5
KM36,16,81,2,40.5
KM36,17,62,3,20.7
KM36,19,40,1,40.0
KM36,20,37,3,12.3
KM36,21,23,1,23.0
KM36,22,16,1,16.0
KM37,6,30,2,15.0
KM37,7,58,2,29.0
KM37,8,74,2,37.0
KM37,9,38,2,19.0
KM37,11,69,2,34.5
KM37,12,36,2,18.0
KM37,13,56,2,28.0
KM37,14,20,2,10.0
KM37,16,77,2,38.5
KM37,17,56,2,28.0
KM37,18,37,2,18.5
KM37,19,64,2,32.0
KM37,20,21,1,21.0
KM37,21,24,2,12.0
KM41,6,29,2,14.5
KM41,7,240,7,34.3
KM41,8,504,6,84.0
KM41,9,524,4,131.0
KM41,10,494,5,98.8
KM41,11,719,4,179.8
KM41,12,653,6,108.8
KM41,13,627,6,104.5
KM41,14,749,5,149.8
KM41,15,622,6,103.7
KM41,16,671,6,111.8
KM41,17,352,8,44.0
KM41,18,175,3,58.3
KM41,19,170,5,34.0
KM41,20,99,4,24.8
KM41,21,21,1,21.0
KM42,5,26,1,26.0
KM42,6,225,5,45.0
KM42,7,543,8,67.9
KM42,8,604,6,100.7
KM42,9,425,4,106.2
KM42,10,276,3,92.0
KM42,11,396,3,132.0
KM42,12,409,3,136.3
KM42,13,322,3,107.3
KM42,14,384,4,96.0
KM42,15,576,5,115.2
KM42,16,598,4,149.5
KM42,17,351,4,87.8
KM42,18,283,3,94.3
KM42,19,264,3,88.0
KM42,20,158,3,52.7
KM42,21,93,2,46.5
KM43,5,16,2,8.0
KM43,6,271,8,33.9
KM43,7,1052,13,80.9
KM43,8,910,9,101.1
KM43,9,798,6,133.0
KM43,10,567,8,70.9
KM43,11,836,7,119.4
KM43,12,889,7,127.0
KM43,13,737,7,105.3
KM43,14,843,7,120.4
KM43,15,858,7,122.6
KM43,16,910,7,130.0
KM43,17,953,7,136.1
KM43,18,905,7,129.3
KM43,19,646,5,129.2
KM43,20,421,8,52.6
KM43,21,373,6,62.2
KM43,22,255,2,127.5
KM43,23,227,3,75.7
KM44,6,93,4,23.2
KM44,7,215,3,71.7
KM44,8,178,3,59.3
KM44,9,167,3,55.7
KM44,10,157,2,78.5
KM44,11,170,3,56.7
KM44,12,237,3,79.0
KM44,13,168,2,84.0
KM44,14,127,1,127.0
KM44,15,166,2,83.0
KM44,16,180,3,60.0
KM44,17,228,2,114.0
KM44,18,237,3,79.0
KM44,19,210,3,70.0
KM44,20,170,3,56.7
KM44,21,109,2,54.5
KM44,22,121,1,121.0
KM45,6,15,2,7.5
KM45,7,314,3,104.7
KM45,8,467,4,116.8
KM45,9,497,4,124.2
KM45,10,357,2,178.5
KM45,11,410,2,205.0
KM45,12,422,2,211.0
KM45,13,301,3,100.3
KM45,14,218,2,109.0
KM45,15,256,3,85.3
KM45,16,403,3,134.3
KM45,17,125,2,62.5
KM45,18,132,3,44.0
KM45,19,77,3,25.7
KM45,20,40,1,40.0
KM45,21,53,2,26.5
KM46,5,5,1,5.0
KM46,6,49,2,24.5
KM46,7,133,2,66.5
KM46,8,113,2,56.5
KM46,9,76,2,38.0
KM46,10,73,3,24.3
KM46,11,52,1,52.0
KM46,12,54,2,27.0
KM46,13,84,2,42.0
KM46,14,67,2,33.5
KM46,15,99,1,99.0
KM46,16,86,1,86.0
KM46,17,70,1,70.0
KM46,18,106,2,53.0
KM46,19,89,2,44.5
KM46,20,27,1,27.0
KM46,21,43,2,21.5
KM47,5,58,1,58.0
KM47,6,204,3,68.0
KM47,7,268,4,67.0
KM47,8,229,3,76.3
KM47,9,121,4,30.2
KM47,10,74,3,24.7
KM47,11,94,2,47.0
KM47,12,107,3,35.7
KM47,13,82,2,41.0
KM47,14,177,2,88.5
KM47,15,173,5,34.6
KM47,16,178,3,59.3
KM47,17,233,4,58.2
KM47,18,262,5,52.4
KM47,19,143,3,47.7
KM47,20,104,2,52.0
KM47,21,40,1,40.0
KM47,22,47,2,23.5
KM48,5,19,1,19.0
KM48,6,81,2,40.5
KM48,7,160,3,53.3
KM48,8,152,3,50.7
KM48,9,68,1,68.0
KM48,10,58,3,19.3
KM48,11,58,2,29.0
KM48,12,67,1,67.0
KM48,13,86,1,86.0
KM48,14,58,2,29.0
KM48,15,88,2,44.0
KM48,16,61,2,30.5
KM48,17,68,2,34.0
KM48,18,72,2,36.0
KM48,19,60,2,30.0
KM48,20,34,2,17.0
KM48,21,28,2,14.0
KM60,6,192,4,48.0
KM60,7,466,5,93.2
KM60,8,530,4,132.5
KM60,9,154,3,51.3
KM60,10,49,1,49.0
KM60,11,6,1,6.0
KM60,13,106,2,53.0
KM60,14,82,2,41.0
KM60,15,77,2,38.5
KM60,16,111,2,55.5
KM60,17,142,2,71.0
KM60,18,122,1,122.0
KM60,19,84,3,28.0
KM60,20,80,2,40.0
KM60,21,16,1,16.0
KM61,6,75,1,75.0
KM61,7,129,3,43.0
KM61,8,88,1,88.0
KM61,9,81,2,40.5
KM61,10,57,3,19.0
KM61,11,41,1,41.0
KM61,12,88,2,44.0
KM61,13,84,3,28.0
KM61,14,72,1,72.0
KM61,15,107,2,53.5
KM61,16,105,1,105.0
KM61,17,168,2,84.0
KM61,18,149,2,74.5
KM61,19,123,2,61.5
KM61,20,41,2,20.5
KM61,21,75,1,75.0
KM61,22,39,1,39.0
KM70,5,31,1,31.0
KM70,6,173,3,57.7
KM70,7,483,4,120.8
KM70,8,355,3,118.3
KM70,9,158,3,52.7
KM70,12,93,1,93.0
KM70,13,72,1,72.0
KM70,14,87,3,29.0
KM70,15,89,2,44.5
KM70,16,161,4,40.2
KM70,17,154,2,77.0
KM70,18,123,1,123.0
KM70,21,51,1,51.0
KM71,5,5,1,5.0
KM71,6,141,1,141.0
KM71,7,127,1,127.0
KM71,8,102,2,51.0
KM71,15,74,2,37.0
KM71,17,85,2,42.5
KM71,18,66,1,66.0
KM71,20,14,1,14.0
KM72,6,27,2,13.5
KM72,7,123,2,61.5
KM72,8,198,2,99.0
KM72,9,24,1,24.0
KM72,10,55,1,55.0
KM72,11,52,2,26.0
KM72,12,117,2,58.5
KM72,13,103,2,51.5
KM72,14,126,1,126.0
KM72,15,115,2,57.5
KM72,16,249,2,124.5
KM72,17,112,1,112.0
KM72,18,194,2,97.0
KM72,19,86,2,43.0
KM72,20,45,1,45.0
KM72,21,45,2,22.5
KÇ2,6,27,1,27.0
KÇ2,7,90,1,90.0
KÇ2,15,17,1,17.0
KÇ2,16,66,1,66.0
KÇ2,17,46,1,46.0
KÇ2,18,70,1,70.0
MK11,0,12,1,12.0
MK11,6,341,7,48.7
MK11,7,753,6,125.5
MK11,8,777,5,155.4
MK11,9,375,4,93.8
MK11,10,251,2,125.5
MK11,11,295,2,147.5
MK11,12,316,2,158.0
MK11,13,241,2,120.5
MK11,17,263,2,131.5
MK11,18,328,3,109.3
MK11,19,417,3,139.0
MK11,20,194,1,194.0
MK11,21,120,1,120.0
MK11,22,70,1,70.0
MK11,23,57,1,57.0
MK12,0,23,1,23.0
MK12,6,372,8,46.5
MK12,7,807,5,161.4
MK12,8,596,4,149.0
MK12,9,202,2,101.0
MK12,10,238,2,119.0
MK12,11,284,2,142.0
MK12,12,300,2,150.0
MK12,13,205,1,205.0
MK12,15,220,1,220.0
MK12,17,439,3,146.3
MK12,18,367,1,367.0
MK12,19,357,2,178.5
MK12,20,312,1,312.0
MK12,21,215,1,215.0
MK12,22,91,1,91.0
MK12,23,20,1,20.0
MK13,0,44,1,44.0
MK13,5,22,1,22.0
MK13,6,274,7,39.1
MK13,7,687,6,114.5
MK13,8,521,5,104.2
MK13,9,173,4,43.2
MK13,10,126,5,25.2
MK13,11,122,3,40.7
MK13,12,182,5,36.4
MK13,13,153,7,21.9
MK13,14,333,7,47.6
MK13,15,237,5,47.4
MK13,16,426,5,85.2
MK13,17,485,6,80.8
MK13,18,607,5,121.4
MK13,19,376,4,94.0
MK13,20,336,4,84.0
MK13,21,217,3,72.3
MK13,22,153,2,76.5
MK13,23,82,1,82.0
MK14,6,177,4,44.2
MK14,7,509,3,169.7
MK14,8,348,3,116.0
MK14,9,191,4,47.8
MK14,10,136,1,136.0
MK14,11,175,1,175.0
MK14,12,235,2,117.5
MK14,13,245,2,122.5
MK14,14,261,2,130.5
MK14,15,160,1,160.0
MK14,16,497,4,124.2
MK14,17,279,3,93.0
MK14,18,462,3,154.0
MK14,19,185,1,185.0
MK14,20,139,2,69.5
MK14,21,76,1,76.0
MK15,6,164,5,32.8
MK15,7,385,4,96.2
MK15,8,361,4,90.2
MK15,9,297,5,59.4
MK15,11,97,1,97.0
MK15,12,157,2,78.5
MK15,14,150,1,150.0
MK15,15,277,3,92.3
MK15,16,303,2,151.5
MK15,17,481,4,120.2
MK15,18,399,3,133.0
MK15,19,314,2,157.0
MK15,20,141,2,70.5
MK15,21,146,2,73.0
MK15,22,78,1,78.0
MK15,23,13,1,13.0
MK16,6,63,1,63.0
MK16,7,146,1,146.0
MK16,8,108,1,108.0
MK19,6,16,2,8.0
MK19,7,99,4,24.8
MK19,8,118,4,29.5
MK19,9,94,4,23.5
MK19,10,93,4,23.2
MK19,11,137,3,45.7
MK19,12,147,2,73.5
MK19,13,135,3,45.0
MK19,14,157,2,78.5
MK19,15,208,3,69.3
MK19,16,237,2,118.5
MK19,17,205,3,68.3
MK19,18,208,3,69.3
MK19,19,145,3,48.3
MK19,20,104,3,34.7
MK19,21,86,3,28.7
MK19,22,43,1,43.0
MK2,7,66,2,33.0
MK2,8,28,2,14.0
MK2,9,28,2,14.0
MK2,10,15,1,15.0
MK2,11,19,1,19.0
MK2,12,14,2,7.0
MK2,13,20,1,20.0
MK2,14,32,1,32.0
MK2,15,41,2,20.5
MK2,16,70,2,35.0
MK2,17,57,2,28.5
MK2,18,25,2,12.5
MK2,19,15,2,7.5
MK2,20,13,1,13.0
MK22,6,228,4,57.0
MK22,7,597,5,119.4
MK22,8,532,4,133.0
MK22,9,443,3,147.7
MK22,10,463,5,92.6
MK22,11,474,4,118.5
MK22,12,470,4,117.5
MK22,13,419,3,139.7
MK22,14,386,4,96.5
MK22,15,536,5,107.2
MK22,16,579,5,115.8
MK22,17,564,5,112.8
MK22,18,466,4,116.5
MK22,19,328,5,65.6
MK22,20,243,4,60.8
MK22,21,120,4,30.0
MK22,22,120,2,60.0
MK31,5,11,1,11.0
MK31,6,106,2,53.0
MK31,7,354,3,118.0
MK31,8,311,3,103.7
MK31,9,188,2,94.0
MK31,10,110,1,110.0
MK31,11,130,3,43.3
MK31,12,168,1,168.0
MK31,13,105,2,52.5
MK31,14,213,2,106.5
MK31,15,252,2,126.0
MK31,16,268,1,268.0
MK31,17,198,2,99.0
MK31,18,209,1,209.0
MK31,19,177,3,59.0
MK31,20,83,3,27.7
MK31,21,123,2,61.5
MK42,6,183,6,30.5
MK42,7,801,8,100.1
MK42,8,957,6,159.5
MK42,9,344,4,86.0
MK42,10,288,4,72.0
MK42,11,195,6,32.5
MK42,12,306,6,51.0
MK42,13,296,6,49.3
MK42,14,265,6,44.2
MK42,15,235,3,78.3
MK42,16,511,7,73.0
MK42,17,347,9,38.6
MK42,18,336,8,42.0
MK42,19,396,6,66.0
MK42,20,250,8,31.2
MK42,21,94,4,23.5
MK49,7,40,2,20.0
MK49,8,59,2,29.5
MK49,9,35,2,17.5
MK49,10,42,2,21.0
MK49,11,31,2,15.5
MK49,12,41,2,20.5
MK49,13,28,1,28.0
MK49,14,35,1,35.0
MK49,15,48,1,48.0
MK49,16,48,1,48.0
MK50,6,3,2,1.5
MK53,14,12,1,12.0
MK53,15,18,1,18.0
MK53,16,11,1,11.0
MK53,17,21,1,21.0
MK53,18,15,1,15.0
MK53,19,13,1,13.0
MK53,20,11,1,11.0
MK97,5,35,1,35.0
MK97,6,286,5,57.2
MK97,7,459,8,57.4
MK97,8,350,6,58.3
MK97,9,231,5,46.2
MK97,10,234,5,46.8
MK97,11,255,6,42.5
MK97,12,212,4,53.0
MK97,13,230,4,57.5
MK97,14,195,3,65.0
MK97,15,255,4,63.8
MK97,16,256,3,85.3
MK97,17,227,6,37.8
MK97,18,282,5,56.4
MK97,19,199,5,39.8
MK97,20,164,5,32.8
MK97,21,104,4,26.0
MK97,22,47,1,47.0
MR10,6,160,4,40.0
MR10,7,296,4,74.0
MR10,8,376,4,94.0
MR10,9,147,4,36.8
MR10,10,114,4,28.5
MR10,11,69,4,17.2
MR10,12,45,2,22.5
MR10,13,74,4,18.5
MR10,14,59,4,14.8
MR10,15,118,2,59.0
MR10,16,150,4,37.5
MR10,17,220,5,44.0
MR10,18,197,3,65.7
MR10,19,158,4,39.5
MR10,20,71,4,17.8
MR10,21,90,4,22.5
MR10,22,65,4,16.2
MR10,23,10,1,10.0
MR11,6,114,5,22.8
MR11,7,278,5,55.6
MR11,8,260,5,52.0
MR11,9,154,3,51.3
MR11,10,145,4,36.2
MR11,11,136,5,27.2
MR11,12,170,3,56.7
MR11,13,138,4,34.5
MR11,14,138,4,34.5
MR11,15,281,4,70.2
MR11,16,267,4,66.8
MR11,17,235,4,58.8
MR11,18,304,4,76.0
MR11,19,179,4,44.8
MR11,20,83,4,20.8
MR11,21,80,4,20.0
MR11,22,40,4,10.0
MR11,23,6,1,6.0
MR20,5,1,1,1.0
MR20,6,154,4,38.5
MR20,7,270,6,45.0
MR20,8,349,4,87.2
MR20,9,251,2,125.5
MR20,10,217,3,72.3
MR20,11,92,3,30.7
MR20,12,109,3,36.3
MR20,13,73,4,18.2
MR20,14,83,3,27.7
MR20,15,122,4,30.5
MR20,16,91,3,30.3
MR20,17,196,4,49.0
MR20,18,131,4,32.8
MR20,19,158,3,52.7
MR20,20,108,3,36.0
MR20,21,93,4,23.2
MR20,22,94,3,31.3
MR20,23,45,2,22.5
MR40,6,77,4,19.2
MR40,7,470,7,67.1
MR40,8,633,11,57.5
MR40,9,430,9,47.8
MR40,10,371,11,33.7
MR40,11,268,7,38.3
MR40,12,332,9,36.9
MR40,13,405,9,45.0
MR40,14,357,9,39.7
MR40,15,449,7,64.1
MR40,16,659,11,59.9
MR40,17,511,10,51.1
MR40,18,413,10,41.3
MR40,19,377,8,47.1
MR40,20,305,8,38.1
MR40,21,247,7,35.3
MR40,22,73,3,24.3
MR40,23,35,1,35.0
MR42,6,56,1,56.0
MR42,7,72,1,72.0
MR42,9,21,1,21.0
MR42,11,18,1,18.0
MR42,12,53,1,53.0
MR42,14,54,1,54.0
MR42,15,66,1,66.0
MR42,17,36,1,36.0
MR42,19,71,1,71.0
MR42,20,15,1,15.0
MR50,6,46,2,23.0
MR50,7,511,5,102.2
MR50,8,287,5,57.4
MR50,9,157,4,39.2
MR50,10,74,2,37.0
MR50,11,111,3,37.0
MR50,12,84,3,28.0
MR50,13,95,2,47.5
MR50,14,68,3,22.7
MR50,15,130,2,65.0
MR50,16,216,3,72.0
MR50,17,218,4,54.5
MR50,18,198,3,66.0
MR50,19,138,2,69.0
MR50,20,93,3,31.0
MR50,21,124,3,41.3
MR51,5,9,1,9.0
MR51,6,57,1,57.0
MR51,7,127,3,42.3
MR51,8,132,2,66.0
MR51,9,57,1,57.0
MR51,10,66,3,22.0
MR51,11,57,2,28.5
MR51,12,72,1,72.0
MR51,13,65,2,32.5
MR51,14,63,3,21.0
MR51,15,89,1,89.0
MR51,16,88,2,44.0
MR51,18,55,2,27.5
MR51,19,24,1,24.0
MR52,6,36,1,36.0
MR52,7,30,3,10.0
MR52,8,58,2,29.0
MR52,9,10,2,5.0
MR52,16,94,3,31.3
MR52,17,72,3,24.0
MR52,18,48,3,16.0
MR52,19,49,2,24.5
MR52,20,3,1,3.0
MR52,22,3,1,3.0
MR60,7,12,1,12.0
MR61,6,28,1,28.0
MR61,7,29,2,14.5
MR61,16,35,1,35.0
MR61,18,21,1,21.0
MR9,7,69,2,34.5
MR9,8,62,2,31.0
MR9,9,51,1,51.0
MR9,10,18,1,18.0
MR9,11,23,2,11.5
MR9,14,51,1,51.0
MR9,15,99,2,49.5
MR9,16,151,2,75.5
MR9,17,120,2,60.0
MR9,18,96,2,48.0
MR9,19,97,1,97.0
MR9,20,35,1,35.0
MR9,21,16,1,16.0
PD1,7,1,2,0.5
PD1,12,1,2,0.5
PD1,13,1,1,1.0
PD1,17,1,1,1.0
SG-1,1,13,1,13.0
SG-1,7,2,1,2.0
SG-1,10,3,1,3.0
SG-2,2,8,1,8.0
SG-2,10,14,2,7.0
SG-2,11,4,2,2.0
SG-2,12,8,1,8.0
SG-2,22,9,1,9.0
SM6,6,17,1,17.0
SM6,7,144,4,36.0
SM6,8,386,3,128.7
SM6,9,86,4,21.5
SM6,10,112,5,22.4
SM6,11,97,3,32.3
SM6,12,186,5,37.2
SM6,13,283,4,70.8
SM6,14,146,3,48.7
SM6,15,311,4,77.8
SM6,16,237,2,118.5
SM6,17,124,2,62.0
SM6,18,112,3,37.3
SM6,19,100,3,33.3
SM6,20,61,3,20.3
SM6,21,15,1,15.0
TM1,5,14,1,14.0
TM1,6,48,3,16.0
TM1,7,139,3,46.3
TM1,8,143,2,71.5
TM1,9,91,3,30.3
TM1,10,104,3,34.7
TM1,11,97,2,48.5
TM1,12,134,3,44.7
TM1,13,129,3,43.0
TM1,14,90,3,30.0
TM1,15,134,2,67.0
TM1,16,130,3,43.3
TM1,17,135,2,67.5
TM1,18,155,3,51.7
TM1,19,65,2,32.5
TM1,20,96,3,32.0
TM1,21,31,2,15.5
TM1,22,16,1,16.0
TM10,5,64,2,32.0
TM10,6,465,7,66.4
TM10,7,750,9,83.3
TM10,8,570,6,95.0
TM10,9,391,6,65.2
TM10,10,301,6,50.2
TM10,11,371,6,61.8
TM10,12,556,7,79.4
TM10,13,569,7,81.3
TM10,14,519,7,74.1
TM10,15,404,7,57.7
TM10,16,476,6,79.3
TM10,17,493,8,61.6
TM10,18,565,6,94.2
TM10,19,568,7,81.1
TM10,20,304,5,60.8
TM10,21,280,7,40.0
TM10,22,185,4,46.2
TM10,23,167,3,55.7
TM11,5,7,1,7.0
TM11,6,141,3,47.0
TM11,7,227,2,113.5
TM11,8,320,3,106.7
TM11,9,115,3,38.3
TM11,10,94,3,31.3
TM11,11,87,2,43.5
TM11,12,109,2,54.5
TM11,13,77,4,19.2
TM11,14,116,2,58.0
TM11,15,204,4,51.0
TM11,16,187,3,62.3
TM11,17,109,3,36.3
TM11,18,137,3,45.7
TM11,19,94,1,94.0
TM11,20,58,2,29.0
TM11,21,29,1,29.0
TM12,5,22,1,22.0
TM12,6,90,3,30.0
TM12,7,244,3,81.3
TM12,8,237,4,59.2
TM12,9,119,4,29.8
TM12,10,111,4,27.8
TM12,11,182,5,36.4
TM12,12,259,4,64.8
TM12,13,177,3,59.0
TM12,14,199,4,49.8
TM12,15,247,4,61.8
TM12,16,244,4,61.0
TM12,17,185,4,46.2
TM12,18,280,4,70.0
TM12,19,234,4,58.5
TM12,20,142,4,35.5
TM12,21,98,3,32.7
TM12,22,43,1,43.0
TM15,6,38,1,38.0
TM15,7,52,1,52.0
TM15,8,39,1,39.0
TM15,9,13,1,13.0
TM15,10,19,2,9.5
TM15,11,44,1,44.0
TM15,12,41,1,41.0
TM15,13,63,1,63.0
TM15,14,66,2,33.0
TM15,15,23,1,23.0
TM15,16,38,1,38.0
TM15,17,128,2,64.0
TM15,18,57,1,57.0
TM15,19,127,1,127.0
TM15,20,35,2,17.5
TM16,6,52,3,17.3
TM16,7,145,3,48.3
TM16,8,216,2,108.0
TM16,9,108,2,54.0
TM16,10,76,2,38.0
TM16,11,97,2,48.5
TM16,12,121,2,60.5
TM16,13,138,1,138.0
TM16,14,91,2,45.5
TM16,15,161,2,80.5
TM16,16,200,2,100.0
TM16,18,106,2,53.0
TM16,19,142,1,142.0
TM16,20,52,1,52.0
TM16,21,51,1,51.0
TM17,5,57,2,28.5
TM17,6,265,6,44.2
TM17,7,399,6,66.5
TM17,8,384,4,96.0
TM17,9,215,3,71.7
TM17,10,195,4,48.8
TM17,11,146,4,36.5
TM17,12,214,3,71.3
TM17,13,309,4,77.2
TM17,14,231,4,57.8
TM17,15,351,5,70.2
TM17,16,383,3,127.7
TM17,17,412,4,103.0
TM17,18,544,3,181.3
TM17,19,298,3,99.3
TM17,20,313,7,44.7
TM17,21,150,7,21.4
TM17,22,128,5,25.6
TM17,23,62,2,31.0
TM18,6,122,2,61.0
TM18,7,469,3,156.3
TM18,8,325,3,108.3
TM18,9,186,2,93.0
TM18,10,180,2,90.0
TM18,11,135,2,67.5
TM18,12,172,2,86.0
TM18,13,277,1,277.0
TM18,14,220,2,110.0
TM18,15,193,2,96.5
TM18,16,304,1,304.0
TM18,17,220,2,110.0
TM18,18,329,2,164.5
TM18,19,315,2,157.5
TM18,20,167,1,167.0
TM18,21,139,2,69.5
TM18,22,203,2,101.5
TM18,23,69,2,34.5
TM19,6,138,1,138.0
TM19,7,141,2,70.5
TM19,9,81,2,40.5
TM19,10,56,1,56.0
TM19,11,49,1,49.0
TM19,12,78,1,78.0
TM19,13,71,1,71.0
TM19,14,31,1,31.0
TM19,15,57,1,57.0
TM19,16,76,1,76.0
TM19,17,53,1,53.0
TM19,18,97,2,48.5
TM19,19,122,1,122.0
TM19,20,62,1,62.0
TM19,21,48,1,48.0
TM19,22,41,1,41.0
TM2,6,107,2,53.5
TM2,7,152,3,50.7
TM2,8,190,2,95.0
TM2,9,183,2,91.5
TM2,10,125,3,41.7
TM2,11,142,1,142.0
TM2,12,117,3,39.0
TM2,13,151,3,50.3
TM2,14,179,4,44.8
TM2,15,205,2,102.5
TM2,16,221,3,73.7
TM2,17,260,3,86.7
TM2,18,260,3,86.7
TM2,19,238,2,119.0
TM2,20,135,3,45.0
TM2,21,86,2,43.0
TM2,22,47,1,47.0
TM3,6,170,6,28.3
TM3,7,483,5,96.6
TM3,8,483,4,120.8
TM3,9,228,3,76.0
TM3,10,176,2,88.0
TM3,11,126,3,42.0
TM3,12,269,2,134.5
TM3,13,191,3,63.7
TM3,14,167,1,167.0
TM3,15,269,3,89.7
TM3,16,378,2,189.0
TM3,17,379,5,75.8
TM3,18,351,2,175.5
TM3,19,289,4,72.2
TM3,20,165,2,82.5
TM3,21,101,1,101.0
TM3,22,107,2,53.5
TM5,6,100,1,100.0
TM5,7,242,3,80.7
TM5,8,173,3,57.7
TM5,9,137,3,45.7
TM5,10,54,3,18.0
TM5,11,91,3,30.3
TM5,12,107,2,53.5
TM5,13,126,3,42.0
TM5,14,80,2,40.0
TM5,15,136,3,45.3
TM5,16,134,3,44.7
TM5,17,197,2,98.5
TM5,18,116,3,38.7
TM5,19,43,3,14.3
TM5,20,25,1,25.0
TM6,6,29,1,29.0
TM6,7,35,1,35.0
TM6,9,10,1,10.0
TM6,10,19,1,19.0
TM7,6,81,3,27.0
TM7,7,201,2,100.5
TM7,8,113,2,56.5
TM7,9,49,2,24.5
TM7,10,44,2,22.0
TM7,11,35,2,17.5
TM7,12,50,2,25.0
TM7,13,20,2,10.0
TM7,14,31,1,31.0
TM7,15,113,1,113.0
TM7,16,106,1,106.0
TM7,17,157,2,78.5
TM7,18,43,2,21.5
TM7,19,47,2,23.5
TM7,20,33,2,16.5
TM7,21,17,1,17.0
TM7,22,11,1,11.0
TM8,5,60,2,30.0
TM8,6,466,8,58.2
TM8,7,694,9,77.1
TM8,8,597,8,74.6
TM8,9,436,8,54.5
TM8,10,376,7,53.7
TM8,11,405,8,50.6
TM8,12,603,6,100.5
TM8,13,536,7,76.6
TM8,14,375,6,62.5
TM8,15,512,7,73.1
TM8,16,368,7,52.6
TM8,17,426,5,85.2
TM8,18,526,5,105.2
TM8,19,430,6,71.7
TM8,20,292,5,58.4
TM8,21,191,3,63.7
TM8,22,117,3,39.0
TM9,5,17,1,17.0
TM9,6,79,4,19.8
TM9,7,163,2,81.5
TM9,8,59,3,19.7
TM9,9,67,3,22.3
TM9,10,38,2,19.0
TM9,11,50,2,25.0
TM9,12,65,2,32.5
TM9,13,46,2,23.0
TM9,14,54,2,27.0
TM9,15,93,2,46.5
TM9,16,64,2,32.0
TM9,17,38,2,19.0
TM9,18,52,2,26.0
TM9,19,51,2,25.5
TM9,20,20,2,10.0
TM9,21,18,2,9.0
TM9,22,17,2,8.5
U1,6,52,1,52.0
U1,7,149,2,74.5
U1,8,195,2,97.5
U1,9,216,2,108.0
U1,10,137,2,68.5
U1,11,53,2,26.5
U1,12,51,2,25.5
U1,13,81,2,40.5
U1,14,74,1,74.0
U1,15,134,2,67.0
U1,16,113,1,113.0
U1,17,175,2,87.5
U1,18,61,1,61.0
U1,19,86,2,43.0
U1,21,10,1,10.0
U2,7,293,5,58.6
U2,8,526,4,131.5
U2,9,282,4,70.5
U2,10,212,4,53.0
U2,11,144,3,48.0
U2,12,165,3,55.0
U2,13,164,3,54.7
U2,14,212,3,70.7
U2,15,343,2,171.5
U2,16,269,2,134.5
U2,17,449,3,149.7
U2,18,255,2,127.5
U2,19,185,3,61.7
U2,20,175,1,175.0
U2,21,26,1,26.0
UM11,5,2,1,2.0
UM11,6,18,1,18.0
UM11,7,47,1,47.0
UM11,8,24,1,24.0
UM11,16,16,1,16.0
UM11,17,21,1,21.0
UM11,18,5,1,5.0
UM13,6,24,1,24.0
UM13,7,13,1,13.0
UM36,6,38,2,19.0
UM36,7,70,1,70.0
UM36,8,57,1,57.0
UM36,9,17,1,17.0
UM36,16,29,1,29.0
UM40,6,98,4,24.5
UM40,7,228,4,57.0
UM40,8,276,3,92.0
UM40,9,89,2,44.5
UM40,10,9,1,9.0
UM40,11,18,1,18.0
UM40,12,3,1,3.0
UM40,13,54,1,54.0
UM40,14,106,3,35.3
UM40,15,255,5,51.0
UM40,16,195,3,65.0
UM40,17,165,2,82.5
UM40,18,159,3,53.0
UM40,19,73,1,73.0
UM40,20,9,1,9.0
UM40,21,91,1,91.0
UM60,6,153,4,38.2
UM60,7,476,5,95.2
UM60,8,580,4,145.0
UM60,9,225,3,75.0
UM60,10,38,2,19.0
UM60,11,47,2,23.5
UM60,12,104,1,104.0
UM60,13,155,1,155.0
UM60,14,148,4,37.0
UM60,15,397,4,99.2
UM60,16,439,5,87.8
UM60,17,329,6,54.8
UM60,18,402,2,201.0
UM60,19,173,3,57.7
UM60,20,103,2,51.5
UM60,21,73,1,73.0
UM61,6,52,2,26.0
UM61,7,45,1,45.0
UM61,8,120,2,60.0
UM61,9,27,2,13.5
UM61,10,26,1,26.0
UM61,11,15,2,7.5
UM61,12,72,1,72.0
UM61,13,41,1,41.0
UM61,14,22,1,22.0
UM61,15,52,2,26.0
UM61,16,22,1,22.0
UM61,17,37,1,37.0
UM61,18,69,2,34.5
UM61,19,46,2,23.0
UM61,20,48,2,24.0
UM62,6,75,3,25.0
UM62,7,148,3,49.3
UM62,8,188,2,94.0
UM62,9,85,1,85.0
UM62,10,17,1,17.0
UM62,11,49,1,49.0
UM62,12,44,2,22.0
UM62,13,34,1,34.0
UM62,14,99,2,49.5
UM62,15,43,2,21.5
UM62,16,126,3,42.0
UM62,17,83,2,41.5
UM62,18,121,2,60.5
UM62,19,80,1,80.0
UM62,20,15,2,7.5
UM73,5,107,5,21.4
UM73,6,545,7,77.9
UM73,7,847,10,84.7
UM73,8,918,6,153.0
UM73,9,527,6,87.8
UM73,10,520,8,65.0
UM73,11,476,7,68.0
UM73,12,741,8,92.6
UM73,13,852,6,142.0
UM73,14,634,9,70.4
UM73,15,654,5,130.8
UM73,16,704,8,88.0
UM73,17,989,7,141.3
UM73,18,1062,6,177.0
UM73,19,647,5,129.4
UM73,20,413,6,68.8
UM73,21,454,5,90.8
UM73,22,341,5,68.2
UM73,23,63,1,63.0
UM74,5,31,1,31.0
UM74,6,94,2,47.0
UM74,7,317,4,79.2
UM74,8,333,3,111.0
UM74,9,211,2,105.5
UM74,10,202,4,50.5
UM74,11,116,2,58.0
UM74,12,259,3,86.3
UM74,13,112,1,112.0
UM74,14,170,2,85.0
UM74,15,119,2,59.5
UM74,16,258,3,86.0
UM74,17,179,2,89.5
UM74,18,236,3,78.7
UM74,19,282,2,141.0
UM74,21,46,1,46.0
ÇM41,6,13,2,6.5
ÇM41,7,38,1,38.0
ÇM41,8,34,1,34.0
ÇM41,9,35,1,35.0
ÇM41,10,13,1,13.0
ÇM41,11,30,1,30.0
ÇM41,12,28,1,28.0
ÇM41,13,48,1,48.0
ÇM41,14,22,1,22.0
ÇM41,15,40,1,40.0
ÇM41,16,31,1,31.0
ÇM41,17,38,1,38.0
ÇM41,18,34,1,34.0
ÇM41,19,32,2,16.0
ÇM41,20,23,1,23.0
ÇM42,6,46,2,23.0
ÇM42,7,112,2,56.0
ÇM42,8,74,1,74.0
ÇM42,9,89,3,29.7
ÇM42,10,25,1,25.0
ÇM42,11,63,2,31.5
ÇM42,12,48,1,48.0
ÇM42,13,44,2,22.0
ÇM42,14,67,1,67.0
ÇM42,15,64,2,32.0
ÇM42,16,51,1,51.0
ÇM42,17,48,1,48.0
ÇM42,18,25,1,25.0
ÇM42,19,35,1,35.0
ÇM42,20,27,2,13.5
ÇM42,21,23,2,11.5
ÇM43,6,101,3,33.7
ÇM43,7,109,2,54.5
ÇM43,8,88,2,44.0
ÇM43,9,54,1,54.0
ÇM43,10,20,1,20.0
ÇM43,11,35,1,35.0
ÇM43,12,54,2,27.0
ÇM43,13,11,1,11.0
ÇM43,14,26,2,13.0
ÇM43,17,22,2,11.0
ÇM43,19,45,3,15.0
ÇM43,20,30,2,15.0
ÇM44,6,98,3,32.7
ÇM44,7,221,2,110.5
ÇM44,8,177,5,35.4
ÇM44,9,134,1,134.0
ÇM44,10,94,1,94.0
ÇM44,11,30,1,30.0
ÇM44,13,68,1,68.0
ÇM44,14,165,3,55.0
ÇM44,15,155,3,51.7
ÇM44,16,258,5,51.6
ÇM44,17,192,2,96.0
ÇM44,18,165,4,41.2
ÇM44,19,121,3,40.3
ÇM44,20,91,2,45.5
ÇM44,21,42,2,21.0
